Autor(a),ID Lattes do(a) autor(a),Orientadores,ID Lattes dos orientadores,Membros da banca,ID Lattes dos membros da banca,Título,Ano de defesa,Instituição de defesa,Sigla da instituição de defesa,País da instituição de defesa,Departamento da instituição de defesa,Programa de Pós-Graduação da instituição de defesa,Área do conhecimento CNPq,Tipos de acesso,Tipo de documento,Assuntos em português,Assuntos em inglês,Idioma,Resumo,Link de acesso,Resumo em Português,Resumo em Inglês,Referência Bibliográfica
"OLIVEIRA, Diego Henrique Paixão de",Não informado pela instituição,Não informado pela instituição,Não informado pela instituição,Não informado pela instituição,Não informado pela instituição,Grande Sertão : veredas da cota rural na educação profissional,2020,Universidade Federal de Pernambuco (UFPE),UFPE,Não informado pela instituição,Não informado pela instituição,Não informado pela instituição,Não informado pela instituição,openAccess,masterThesis,Política pública||Programas de ação afirmativa||Cotas||Ensino profissional||Barreiros (PE),Não informado pela instituição,por,"SANTOS FILHO, Ranulfo Paranhos dos, também é conhecido em citações bibliográficas por: PARANHOS, Ranulfo","OLIVEIRA, Diego Henrique Paixão de. Grande Sertão: veredas da cota rural na educação profissional. 2020. Dissertação (Mestrado em Políticas Públicas) – Universidade Federal de Pernambuco, Recife, 2020.||https://repositorio.ufpe.br/handle/123456789/39042",Não informado pela instituição,Não informado pela instituição,Não informado pela instituição
"Simões, Aldo Geraldo",Não informado pela instituição,Não informado pela instituição,Não informado pela instituição,Não informado pela instituição,Não informado pela instituição,Projeto de futuro de jovens na educação profissional técnica de nível médio da rede federal de educação profissional científica e tecnológica atendidos pela Lei nº 12.711/2012 (Lei das Cotas),2019,Centro Federal de Educação Tecnológica de Minas Gerais (CEFET-MG),CEFET,Não informado pela instituição,Não informado pela instituição,Não informado pela instituição,Não informado pela instituição,openAccess,doctoralThesis,Política educacional||Políticas públicas||Inclusão escolar||Ensino profissional,Não informado pela instituição,por,"A presente dissertação dedica-se, no universo das políticas públicas de inclusão social, àtemática da reserva de vagas na educação, regulamentada pela Lei n.º 12.711/2012, para o ingresso às instituições federais de ensino que compõem a Rede Federal de Educação Profissional Científica e Tecnológica (RFEPCT), assunto que tem ganhado destaque principalmente após a normatização pelo Estado brasileiro. Trata especificamente da análise de projeto de futuro (Gilberto Velho) dos jovens atendidos pela Lei e cursam, na forma integrada, a Educação Profissional Técnica de Nível Médio (EPTNM). O objetivo foi compreender a relação entre as possibilidades e experiências vividas a partir do seu ingresso à EPTNM e os projetos de futuro e horizontes de expectativas (Reinhart Koselleck) dos jovens atendidos pela Lei, considerando, pois, o seu ingresso à RFEPCT como novo campo de possibilidades. Para tal atividade foi realizada uma abordagem qualitativa por meio de entrevistas semiestruturadas com nove jovens de uma das unidades que compõem a RFEPCT no interior de Minas Gerais. No que se refere à definição do sujeito da pesquisa, optou-se pela abordagem dos jovens estudantes que atendiam cumulativamente a todos os critérios pré-estabelecidos para ter direito à reserva de vagas, que ingressaram na instituição no ano de 2016 e que estariam próximos de concluir sua trajetória acadêmica na EPTNM. Ao final do percurso investigativo, constatou-se que os jovens atendidos pelas cotas já chegam à RFEPCT com projetos e perspectivas de longevidade escolar. Tais projetos, porém, são alavancados a partir da experiência na EPTNM. Corroboram nesse sentido as afirmações dos jovens da superação de alguns fatores intervenientes para o desenvolvimento e encaminhamento de suas ações com vistas a médio e longo prazo. Destacam-se entre essas o nível acadêmico, a qualificação profissional e, até mesmo, outras de ordem subjetiva, tais como a confiança, a autonomia e a responsabilidade. Entre as conclusões deste estudo constam que os novos jovens ingressantes por meio das cotas à RFEPCT são possuidores de mérito, e que a escola pública do ensino fundamental, pelas mais diversas razões, se tem mostrado aquém de suas capacidades de desenvolvimento e interesses. Nota-se que, mesmo inseridos em ambientes e condições socioeconômicas desfavoráveis, os jovens atendidos pelas cotas reconhecem a escola e a boa educação como uma oportunidade para outras oportunidades. Por mais que as cotas seja uma medida paliativa, revela-se, diante da incapacidade de se garantir o acesso à educação básica de excelente qualidade, capaz de promover a seus egressos condições razoáveis para concorrerem por outros espaços e campos de possibilidades. Assim sendo, as ações que atuam no sentido de ampliar o horizonte dos jovens apresentam-se como importantes ao desenvolvimento, entre outros, do caráter, do pensamento crítico e do pleno exercício da cidadania.",https://repositorio.cefetmg.br/handle/123456789/481,Não informado pela instituição,Não informado pela instituição,Não informado pela instituição
"Silva, Luana Rocha da",Não informado pela instituição,Não informado pela instituição,Não informado pela instituição,Não informado pela instituição,Não informado pela instituição,A implementação da lei das cotas e a discussão das ações afirmativas no IFRS,2014,Universidade do Estado do Rio de Janeiro (UERJ),UERJ,Não informado pela instituição,Não informado pela instituição,Não informado pela instituição,Não informado pela instituição,openAccess,masterThesis,Affirmative action||Racial inequality||Professional education||Ações afirmativas||Desigualdade racial||Educação profissional||Ensino superior - Aspectos sociais||Programas de ação afirmativa||Serviço social||CNPQ::CIENCIAS SOCIAIS APLICADAS::SERVICO SOCIAL::SERVICO SOCIAL APLICADO::SERVICO SOCIAL DA EDUCACAO,Não informado pela instituição,por,"A presente dissertação tem como tema a implementação da lei das cotas e a discussão da política de Ações Afirmativas no IFRS. A identificação e análise da adoção de ações afirmativas frente à diminuição da desigualdade racial no Instituto Federal de Educação, Ciência e Tecnologia do Rio Grande do Sul constituem o cerne dessa pesquisa. As indagações a respeito das contribuições das ações afirmativas no IFRS levaram a três questionamentos: o primeiro foi acerca da importância efetiva de existir uma política de ações afirmativas no âmbito da instituição; o segundo residiu sobre o porquê de uma política interna ter sido pensada apenas após a aprovação da lei 12.711/12; e o terceiro questionamento pairou sobre a efetividade do uso da lei das cotas e da política de ações afirmativas do IFRS como instrumentos sólidos de diminuição da desigualdade racial. Destarte, o objeto desta pesquisa foi analisar o impacto e a implementação desta política no IFRS na perspectiva de diminuição da desigualdade racial. Foram realizadas análises qualitativas através da utilização do método de observação participante nas reuniões do Grupo de Trabalho de Ações Afirmativas e análises socioeconômicas dos ingressantes via reserva de vagas no vestibular de inverno do campus Erechim e análise documental do documento base da política de ações afirmativas do IFRS. Foram também utilizadas análises quantitativas através dos dados, fornecidos pela instituição, dos estudantes no que concerne ao perfil racial. Os resultados mostraram que a utilização de cotas nos vestibulares de 2013 e 2014 evidenciou um aumento significativo de estudantes negros e em situação de vulnerabilidade socioeconômica, bem como a necessidade imediata de formação e capacitação dos servidores que executam a lei no cotidiano. Evidenciou também que a adoção das ações afirmativas não é consensual no âmbito da instituição e que tem sido executada, analisada e refletida junto a um jogo de correlação de forças aí existentes. Ainda que realizadas de forma pontual e sem sistematização adequada, a adoção de ações afirmativas no IFRS, tanto na forma obrigatória da execução da lei como nade forma não obrigatória - através da política interna de ações afirmativas, perpassam dois direitos fundamentais: direito à reparação e direito a condições mínimas de equidade no corpo discente de uma instituição pública.","SILVA, Luana Rocha da. A implementação da lei das cotas e a discussão das ações afirmativas no IFRS. 2014. 174 f. Dissertação (Mestrado em Política Social e Trabalho) - Universidade do Estado do Rio de Janeiro, Rio de Janeiro, 2014.||http://www.bdtd.uerj.br/handle/1/16028",Não informado pela instituição,Não informado pela instituição,Não informado pela instituição
"Oliveira, Fábia Carvalho de",Não informado pela instituição,Não informado pela instituição,Não informado pela instituição,Não informado pela instituição,Não informado pela instituição,"Educação profissional de pessoas com deficiência: política e produção acadêmica, no Brasil, pós Lei 8.213/1991",2018,Universidade de São Paulo (USP),USP,Não informado pela instituição,Não informado pela instituição,Não informado pela instituição,Não informado pela instituição,openAccess,masterThesis,Educação especial||Educação profissional||Inclusão escolar||Inclusive school||Labour||Lei de cotas||Person with disability||Pessoa com deficiência||Professional education||Quota law||Special education||Trabalho,Não informado pela instituição,por,"A participação da pessoa com deficiência no mundo do trabalho constitui um campo de complexidades e desafios que compreende o estudo do mundo do trabalho na contemporaneidade e da educação e seus princípios, como a perspectiva inclusiva. Esta pesquisa se propôs a investigar as relações entre educação, trabalho e deficiência a partir do estudo das produções acadêmicas brasileiras que abordam a questão, entre os anos de 1991 e 2015. O recorte de tempo se justifica pela publicação, em 1991, da Lei n° 8213/91, que dispõe sobre os planos de benefícios da Previdência Social e dá outras providências, conhecida como lei de cotas, que estipula a reserva legal de cargos para pessoas com deficiência em empresas. Como eixo teórico da discussão, retomou-se o debate sobre a pessoa com deficiência como sujeito de direitos; empreendeu-se leitura dos aspectos ontológicos da Educação, apresentou-se argumentos sobre a dimensão educativa do Trabalho; e, por fim, foram discutidas as políticas de trabalho para as pessoas com deficiência. Do ponto de vista metodológico, realizou-se análise bibliométrica das 26 produções relativas ao tema, seguida de análise por indícios, inspirada na proposta do historiador Carlo Ginzburg, buscando compreender os pressupostos e a organização dos processos educacionais relacionados à Educação Profissional de pessoas com deficiência, no Brasil. Como principais resultados, é possível afirmar, a partir da leitura das produções, que persistem matrículas de estudantes com deficiência em cursos com caráter profissionalizante de Nível Básico, em instituições filantrópicas, voltadas para o desenvolvimento de habilidades manuais, sem vinculação com ou encaminhamento para o mercado de trabalho. As produções analisadas apresentam esse quadro sem o problematizar em profundidade, aderidas que estão, na maior parte das vezes, à afirmação ideológica de que à população com deficiência não restam outras possibilidades na atualidade. Assim, a Academia acaba por justificar e estabelecer relação de condescendência com propostas de Educação Profissional são pouco efetivas, reforçando, desde o discurso científico, uma concepção assistencial de Educação e de Trabalho da pessoa com deficiência.",http://www.teses.usp.br/teses/disponiveis/48/48134/tde-28112018-151700/,Não informado pela instituição,Não informado pela instituição,Não informado pela instituição
"Beserra, Jane D’arc Feitosa de Carvalho Alves",http://lattes.cnpq.br/6327179977664808,"Caú, José Nildo Alves||Não informado pela instituição",http://lattes.cnpq.br/4432648278132554||Não informado pela instituição,"Caú, José Nildo Alves||Sousa, Bernardina Santos Araújo de||Cunha, Kátia Silva||Não informado pela instituição||Não informado pela instituição",http://lattes.cnpq.br/4432648278132554||http://lattes.cnpq.br/ 4929110097621126||http://lattes.cnpq.br/8333609070079117||Não informado pela instituição||Não informado pela instituição,Permanência escolar de estudantes cotistas no Ensino Médio Integrado à Educação Profissional: o que revelam os documentos e os sujeitos?,2023,"Instituto Federal de Educação, Ciência e Tecnologia de Pernambuco (IFPE)",IFPE,Brasil,Olinda,"Programa de Pós-Graduação em Educação Profissional e Tecnológica - ProfEPT / Instituto Federal de Educação, Ciência e Tecnologia de Pernambuco - IFPE",CIENCIAS HUMANAS::EDUCACAO::TOPICOS ESPECIFICOS DE EDUCACAO,openAccess,masterThesis,Educação – Aspectos Sociais||Permanência Escolar||Estudantes - desistência||Educação – Cotas||Ensino Médio Integrado||Educação Profissional e Tecnológica,Não informado pela instituição,por,"Essa pesquisa analisa os fatores que favorecem a permanência dos estudantes cotistas no Ensino Médio Integrado à Educação Profissional e Tecnológica (EPT) do Instituto Federal de Educação de Pernambuco (IFPE). O tema da permanência é importante para o desenvolvimento de pesquisas e formulação de políticas e programas educacionais. Com a implementação da Lei nº12.711/2012 e a Lei nº 13.409/2016, chamada de Lei de Cotas, ampliou-se o ingresso nas universidades federais e nas instituições federais de ensino técnico de nível médio dos estudantes oriundos das escolas públicas, pretos, pardos e indígenas e pessoas com deficiência. O problema de pesquisa assinala para a seguinte questão: Quais os fatores externo e interno que contribuem para a permanência escolar dos estudantes cotistas nos Cursos Técnicos de Nível Médio Integrado do IFPE? Optou-se pela abordagem qualitativa de cunho descritiva e explicativa; como instrumento de coleta de dados, foram utilizadas a pesquisa bibliográfica, a pesquisa documental e a pesquisa de campo. A bibliográfica, abordou-se a produção acadêmica do Núcleo de Acesso e Permanência na Educação, utilizou-se do Estado da Arte para mapear a produção acadêmica sobre a Permanência Escolar no Ensino Médio Integrado à Educação Profissional. Na análise documental realizou-se a pesquisa a partir das legislações educacionais em nível nacional e institucional, dando ênfase às normativas que regulamentam o Ensino Médio Integrado à Educação Profissional e estabelece a permanência dos jovens estudantes como um direito. Consultou-se os documentos que norteiam os programas, projetos de ensino, pesquisa, extensão do IFPE. Utilizou-se de questionários com perguntas abertas e fechadas, aplicados com os estudantes que ingressaram pelo sistema de cotas. Concluiu-se que os jovens estudantes relacionam a sua permanência ao esforço pessoal, a interação com os colegas, professores e servidores, aos programas e recursos da Assistência Estudantil, ao apoio da família. Reconhecem a importância dos programas de ensino, pesquisa e extensão, embora poucos tiveram oportunidade de participar efetivamente das atividades, já que esses estudantes iniciaram os cursos na pandemia. Como resultado da pesquisa, foi elaborado o Produto Educacional “Projeto e Protótipo do Site Observatório da Permanência no Ensino Médio Integrado”, sendo avaliado e aprovado pelos servidores, estudantes, pesquisadores e pela comunidade externa",https://repositorio.ifpe.edu.br/xmlui/handle/123456789/1185,Não informado pela instituição,Não informado pela instituição,"BESERRA, Jane D’arc Feitosa de Carvalho Alves. Permanência escolar de estudantes cotistas no Ensino Médio Integrado à Educação Profissional: o que revelam os documentos e os sujeitos? 2023. 183 f. Dissertação (Mestrado Profissional em Educação Profissional e Tecnológica) - Instituto Federal de Educação, Ciência e Tecnologia de Pernambuco IFPE, Campus Olinda, Olinda, 2023."
"Cabral, Azenilda de Paula",https://lattes.cnpq.br/2105590300776746,"Rodrigues, Kleber Fernando||Não informado pela instituição",http://lattes.cnpq.br/5404409205728691||Não informado pela instituição,"Sousa, Bernardina Santos Araújo de||Torres, Vanessa Cavalcanti de||Rodrigues, Kleber Fernando||Não informado pela instituição||Não informado pela instituição",http://lattes.cnpq.br/4929110097621126||http://lattes.cnpq.br/6232711235861562||http://lattes.cnpq.br/5404409205728691||Não informado pela instituição||Não informado pela instituição,Um olhar sobre a contribuição da Educação Profissional e Tecnológica para o projeto de vida do jovem cotista do IFPE Campus Recife,2024,"Instituto Federal de Educação, Ciência e Tecnologia de Pernambuco (IFPE)",IFPE,Brasil,Olinda,"Programa de Pós Graduação em Educação Profissional e Tecnológica (ProfEPT) - Instituto Federal de Educação, Ciência e Tecnologia de Pernambuco",CIENCIAS HUMANAS::EDUCACAO::TOPICOS ESPECIFICOS DE EDUCACAO,openAccess,masterThesis,Educação – Aspectos Sociais||Educação – Trabalho||Juventude||Ações afirmativas - Cotas raciais||Inclusão||Educação Profissional e Tecnológica||Ensino Médio Integrado,Não informado pela instituição,por,"Esta pesquisa vislumbrou discutir o projeto de vida dos estudantes cotistas afrodescendentes da Educação Profissional e Tecnológica do Ensino Médio integrado do Instituto Federal de Pernambuco, Campus Recife. O referencial bibliográfico foi orientado pela Educação Profissional, Ensino Médio, Juventudes cotistas e Trabalho, que identificam o desejo dos jovens cotistas negros e pardos em sua construção futura, orientados por uma formação holística na preparação para a vida. Propondo o trabalho como princípio educativo, elencando em seus princípios garantias de uma formação unilateral, capaz de gerar sujeitos críticos e colaboradores da transformação social, apoiados nas práticas educativas transversais e interdisciplinares, com vistas à formação integral e inclusiva no mundo do trabalho, através da percepção do referido estudante do ensino médio. O estudo propôs uma abordagem qualitativa, sendo a pesquisa desenvolvida através de levantamento bibliográfico e documental, de acordo com as resoluções, diretrizes e normas que compõem os acervos públicos e discorrem sobre o assunto. Foi utilizada uma entrevista semiestruturada com sete estudantes cotistas afrodescendentes do Ensino Médio Integrado do IFPE, Campus Recife, a fim de identificar a percepção deles sobre as contribuições da Educação Profissional vivenciada e sua emancipação. Foi elaborada uma revista em quadrinhos digital, como produto educacional, contendo uma biografia com a história de vida dos cinco estudantes cotistas afrodescendentes entrevistados, sobre a construção do seu projeto de vida e sua relação com os referenciais bibliográficos e documentais estudados. A testagem desse produto foi realizada pelos discentes entrevistados do IFPE, que terão acesso ao material e avaliarão através de depoimentos se as informações estão pertinentes ao exposto na entrevista. A validação do produto educacional ocorrerá na apresentação final da dissertação.",https://repositorio.ifpe.edu.br/xmlui/handle/123456789/1300,Não informado pela instituição,Não informado pela instituição,"CABRAL, Azenilda de Paula. Um olhar sobre a contribuição da Educação Profissional e Tecnológica para o projeto de vida do jovem cotista do IFPE Campus Recife. 2024. 84 f. Dissertação (Mestrado Profissional em em Educação Profissional e Tecnológica) - Instituto Federal de Educação, Ciência e Tecnologia de Pernambuco IFPE, Campus Olinda, Olinda, 2024."
"Cota Júnior, Gilmar Alvares",http://lattes.cnpq.br/4483767385874028,"Dufloth, Simone Cristina||Não informado pela instituição",http://lattes.cnpq.br/6166815079725368||Não informado pela instituição,Simone Cristina Dufloth||Karina Rabelo Leite Marinho||Juliana de Lucena Ruas Riani||Maria Celeste Reis Lobos de Vasconcelos||Não informado pela instituição,Não informado pela instituição,Perspectivas da educação profissional em Minas Gerais: análise da expansão da oferta de vagas do Programa Trilhas de Futuro com a participação de instituições privadas,2024,Fundação João Pinheiro (FJP),FJP,Brasil,Escola de Governo Paulo Neves de Carvalho,Programa de Mestrado em Administração Pública,CIENCIAS SOCIAIS APLICADAS::ADMINISTRACAO::ADMINISTRACAO PUBLICA,openAccess,masterThesis,Educação Profissional||Expansão-privatização da educação profissional||Trilhas de Futuro,Não informado pela instituição,por,"This dissertation aims to contribute to the production of knowledge in the field of Brazilian Professional Education. The guiding thread of the research is the ongoing process of expansion of professional education in Minas Gerais in 2024 through the Trilhas de Futuro program. The study is descriptive in nature and utilized both quantitative and qualitative methodologies to analyze the research object through bibliographic research and document analysis. To analyze the context of the public policy in Minas Gerais, the study starts with the theoretical reconstruction of the relationships between capitalist production systems and the conceptions of the State and public policies aimed at work training to understand the principles that guided the reforms implemented in Brazil in the first decades of the 21st century. Next, it seeks to reconstruct the trajectory of the foundational policies for the expansion of professional education at the federal and state levels to investigate the interests in dispute and the power correlations in society that acted to advance the agendas during the analyzed period. Thus, the background that gives meaning to the emergence of Trilhas de Futuro in 2021 is outlined. The analysis of its constitutive elements and its evolution reveals the program's protagonism and uniqueness in accelerating the process of expanding professional education in Minas Gerais. Beyond the expansion of supply, the results point to the transfer of public resources and decision-making power to the private sphere, the expansion of a professional education market, and raise discussions about the quality of the education offered, as well as the alignment of the supply with the priorities established by the State Department of Education of Minas Gerais. It concludes that, despite its relevance, there is a need to improve various dimensions of its design to strengthen the program's legitimacy and impact.",https://repositorio.fjp.mg.gov.br/handle/123456789/4405,Não informado pela instituição,Não informado pela instituição,"COTA JÚNIOR, G. A. Perspectivas da educação profissional em Minas Gerais: análise da expansão da oferta de vagas do Programa Trilhas de Futuro com a participação de instituições privadas. 144 f. Dissertação (Mestrado em Administração Pública) - Escola de Governo Professor Paulo Neves de Carvalho da Fundação João Pinheiro, 2024."
"Bezerra, Edvania Kehrle",http://lattes.cnpq.br/2364303435473562,"Sousa, Bernardina Santos Araújo de||Não informado pela instituição",http://lattes.cnpq.br/4929110097621126||Não informado pela instituição,"Duarte Neto, José Henrique||Rodrigues, Kleber Fernando||Torres, Vanessa Cavalcanti de||Não informado pela instituição||Não informado pela instituição",http://lattes.cnpq.br/4036514698710002||http://lattes.cnpq.br/5404409205728691||http://lattes.cnpq.br/6232711235861562||Não informado pela instituição||Não informado pela instituição,A implementação da ação afirmativa de cotas étnico-raciais no Ifpe: um olhar sobre a Comunidade Quilombola do Castainho,2019,"Instituto Federal de Educação, Ciência e Tecnologia de Pernambuco (IFPE)",IFPE,Brasil,Olinda,"Programa de Pós-Graduação em Educação Profissional e Tecnológica, (PROFEPT), do Instituto Federal de Educação, Ciência e Tecnologia de Pernambuco",CIENCIAS HUMANAS::EDUCACAO::TOPICOS ESPECIFICOS DE EDUCACAO,openAccess,masterThesis,Direito – Grupos Sociais||Cotas Étnicos-raciais||Inclusão - Quilombolas||Educação Profissional – Quilombolas||Direito – Lei nº 12.711/2012,Não informado pela instituição,por,"Considerando que sete anos se passaram da promulgação da Lei nº 12.711/2012, mais conhecida por “Lei de Cotas”, esta pesquisa busca compreender os impactos causados por esta Ação Afirmativa de Cotas Étnicos-raciais na efetivação do acesso da população Quilombola do Castainho aos cursos regulares ofertados pelo IFPE - Campus Garanhuns, além de desenvolver dois produtos educacionais (uma intervenção temática e um vídeo de curta metragem) com o intuito de aproximar os Institutos Federais (IFs) de populações remanescentes quilombolas e dar visibilidade a trajetória de vida desses estudantes. O trabalho desenvolvido está vinculado à pesquisa social, com abordagem qualitativa; quanto a sua natureza, classifica-se como aplicada; quanto aos procedimentos, como bibliográfica, documental, etnográfica e pesquisa ação. De início, realizou-se a análise documental, uma investigação do quadro situacional do público discente do IFPE (Campus Garanhuns) e dos números divulgados pelo IBGE relacionados às populações afrodescendentes, além da análise das peças que normatizam a aplicação da ação afirmativa de cotas no Brasil e no IFPE. Considerando o contexto da pesquisa-ação, foram realizadas algumas atividades planejadas por meio do “Plano de Interação temática”, que foram sofrendo ajustes à medida em que se apresentavam as necessidades da realidade. A pesquisa foi desenvolvida com a turma do nono ano do Ensino Fundamental da comunidade do Castainho e para que fosse possível fazer um melhor reconhecimento do contexto ao qual estão inseridos os participantes da pesquisa, considerando a importância de dados não documentados sobre o tema, foram realizadas entrevistas com os participantes, usando o método de grupo focal. Para tratamento e análise dos dados coletados foi tomada como referência a técnica, apresentada por Tânia Zittoun, “trajetórias de vida”, pois tal procedimento contempla processos identitários e construção de significados, tornando-se de grande contribuição na compreensão do contexto sociocultural desses adolescentes. A partir dessa interação conduzida por meio da pesquisa ação, foi viabilizada não só a construção, mas também a testagem dos produtos. Como resultado principal, obteve-se a constatação de que apenas a Lei de Cotas não é suficiente para incluir de fato a população quilombola nas Instituições Federais de Ensino. É necessário articular a essa política uma série de outras políticas de promoção da igualdade racial, para que haja a participação de quilombolas nesses espaços privilegiados de saber. Dessa forma, espera-se que os resultados desse trabalho possam contribuir com transformações e possibilidades reais de inclusão das populações quilombolas num sistema de ensino público de qualidade e na minimização dos níveis de desigualdade e injustiça sociocultural.",https://repositorio.ifpe.edu.br/xmlui/handle/123456789/135,Não informado pela instituição,Não informado pela instituição,"BEZERRA, Edvania Kehrle. A implementação da ação afirmativa de cotas étnico-raciais no Ifpe: um olhar sobre a Comunidade Quilombola do Castainho. 2019. 115 f. Dissertação (Mestrado Profissional em Educação Profissional e Tecnológica) - Instituto Federal de Educação, Ciência e Tecnologia de Pernambuco IFPE, Campus Olinda, Olinda, 2019."
"Mülling, Juliana da Cruz",Não informado pela instituição,"Santos, Simone Valdete dos||Não informado pela instituição",Não informado pela instituição,Não informado pela instituição,Não informado pela instituição,Educação profissional com indígenas : possibilidades de corazonar e melhor viver,2018,Universidade Federal do Rio Grande do Sul (UFRGS),UFRGS,Não informado pela instituição,Não informado pela instituição,Não informado pela instituição,Não informado pela instituição,openAccess,masterThesis,Educação profissional||Educação indígena||Educação especial||Interculturalidade,Professional education||Interculturality||Indigenous education,por,"A partir da Constituição Federal de 1988, as lutas indígenas por direitos possibilitam a construção de uma série de avanços nas políticas públicas relacionadas à educação. As pesquisas acadêmicas demonstram os esforços para a construção de escolas indígenas baseadas nos modos próprios de viver e aprender de cada povo indígena, e também indicam o crescente ingresso de estudantes indígenas em instituições de ensino superior, e da produção de sentidos para a expressão “intelectuais indígenas”. O atendimento a estudantes indígenas no âmbito da Educação Profissional, foco desta dissertação, é ainda mais recente, considerando-se a atual configuração da Rede Federal de Educação, Ciência e Tecnologia, criada pela Lei nº 11.892, de 2008, e a implementação da Lei de Cotas, nº 12.711, de 2012. A partir da garantia de reserva de vagas para o ingresso de estudantes indígenas nesta modalidade de ensino, a pesquisa buscou registros de sua presença nos campi da Rede Federal no Estado do Rio Grande do Sul, bem como suas demandas para a Educação Profissional, considerando os desafios e as possibilidades de acolhimento pelos Institutos Federais de Educação Profissional, Científica e Tecnológica, especialmente a partir da experiência do Campus Sertão do Instituto Federal de Educação, Ciência e Tecnologia do Rio Grande do Sul (IFRS). Referenciando-se em experiências prévias, como o Magistério Intercultural Bilíngue, do Instituto Kaingang de Educação Ângelo Mainkhá Miguel, em Inhacorá, a pesquisa buscou delinear o campo da educação indígena específica e profissional. Para a construção empírica da pesquisa, empregou-se a metodologia da entrevista etnográfica. Na literatura, Rodolfo Kusch, Bartolomeu Meliá, Patrício Arias e Pablo Mamani dão suporte teórico para compreender o estar indígena e suas formas de se organizar para o trabalho. Esse estar confronta-se com o ser das instituições de Educação Profissional, fundamentadas na lógica modernista de práticas capitalistas. As implicações das relações entre a Rede Federal e as etnias que nela se inserem foram consideradas sob a perspectiva da descolonialidade, e com a potencialidade de corazonar (ARIAS, 2010) para as instituições e de melhor viver (BANIWA, 2011) para os povos indígenas.",http://hdl.handle.net/10183/178812,Não informado pela instituição,Não informado pela instituição,Não informado pela instituição
"Machado, Silvia Cota",Não informado pela instituição,Não informado pela instituição,Não informado pela instituição,Não informado pela instituição,Não informado pela instituição,Percepções de professores de ciências e matemática da educação profissional técnica de nível médio do CEFET-MG sobre a incorporação das tecnologias digitais da informação e comunicação nas práticas pedagógicas,2021,Centro Federal de Educação Tecnológica de Minas Gerais (CEFET-MG),CEFET,Não informado pela instituição,Não informado pela instituição,Não informado pela instituição,Não informado pela instituição,openAccess,doctoralThesis,Prática de ensino||Tecnologias educacionais||Ensino profissional,Não informado pela instituição,por,"Este estudo tem como objetivo compreender, a partir das percepções dos professores de Ciências e Matemática (participantes da pesquisa) da Educação Profissional Técnica de Nível Médio (EPTNM) do CEFET-MG, se acontece ou não a incorporação dos recursos das Tecnologias Digitais da Informação e Comunicação (TDIC) em suas práticas pedagógicas para mediar os processos de ensino e quais as suas potencialidades e/ou limitações. Esta dissertação insere-se no Curso de Mestrado em Educação Tecnológica do CEFET-MG, na linha de pesquisa IV que tem como eixo temático as Práticas Educativas e Tecnologias Educacionais. Os referenciais teóricos utilizados foram Lévy (1999); Mercado (1999); Mercado et al. (2002, 2006); Tapscott (2010); Moran, Masetto e Behrens (2013); Moran (2015); Santos (2016); Bacich e Moran (2018); Carvalho Neto (2019); Huang; Spector e Yang (2019). A metodologia desta investigação caracteriza-se por uma abordagem qualitativa, de cunho bibliográfico, natureza exploratória e um estudo de caso. Fez-se uso do instrumento questionário para coleta de dados de forma online, aplicado em março de 2021 a 23 professores do ensino médio atuantes no contexto da EPTNM. Os resultados sinalizam que os participantes da pesquisa percebem de forma positiva a incorporação de recursos das TDIC nas práticas pedagógicas e acreditam que as TDIC podem contribuir no processo de ensino. Entre algumas das potencialidades apontadas pelos professores é que as TDIC tornam as aulas mais interessantes, motiva a aprendizagem e permite novas experiências; além de diversificar o ensino, desenvolve a criatividade, favorece a visualização dando significado a conceitos abstratos e aumenta a participação dos estudantes. Entre as limitações foram apontadas a falta de tempo devido à sobrecarga de trabalho, a precariedade da infraestrutura física, a conexão ruim da Internet na instituição e a necessidade de investimentos na capacitação de professores para a incorporação dos recursos das TDIC em seus processos de ensino; além de limitação física e financeira por parte dos estudantes. Conclui-se que os participantes reconhecem seu papel de mediador nos processos de ensino e de aprendizagem e a necessidade da participação ativa, interação e cooperação dos estudantes para que aconteça a aprendizagem significativa. Verificou-se também que a instituição não preparou os profissionais para atuarem na educação mediada por tecnologias como demanda a educação para o século XXI e nem os capacitou adequadamente para ministrar as aulas no Ensino Remoto Emergencial (ERE) durante a Pandemia da COVID 19. Apesar de não ter o tempo apropriado para a assimilação dos conhecimentos, a maioria dos professores percebeu que as experiências relacionadas à utilização de recursos das TDIC para mediar as aulas no ERE foram positivas. Os participantes acreditam que experienciaram novas possibilidades na prática, mas consideram ser necessário uma avaliação contínua e periódica para o aprimoramento das metodologias para o uso das TDIC.",https://repositorio.cefetmg.br/handle/123456789/528,Não informado pela instituição,Não informado pela instituição,Não informado pela instituição
"Marcelino, Fabiana",http://buscatextual.cnpq.br/buscatextual/visualizacv.do?id=K4701692D6,"Azevedo, Márcio Adriano||Não informado pela instituição",http://buscatextual.cnpq.br/buscatextual/visualizacv.do?id=K4128554A1||Não informado pela instituição,"Azevedo, Márcio Adriano||Cavignac, Julie||Medeiros, Olivia Neta||Não informado pela instituição||Não informado pela instituição",http://buscatextual.cnpq.br/buscatextual/visualizacv.do?id=K4128554A1||http://buscatextual.cnpq.br/buscatextual/visualizacv.do?id=K4768171A6||http://buscatextual.cnpq.br/buscatextual/visualizacv.do?id=K4758901A6||Não informado pela instituição||Não informado pela instituição,O acesso de estudantes quilombolas no IFRN: análise da lei 12.711/2012,2018,Instituto Federal do Rio Grande do Norte (IFRN),IFRN,Brasil,Natal - Central,Mestrado Acadêmico em Educação Profissional||Mestrado Acadêmico em Educação Profissional,Ciências Sociais Aplicadas,openAccess,masterThesis,Educação profissional||Acesso discente||Cotas raciais||Quilombolas||Políticas públicas||Professional education||Access student||Racial quotas||Public policy,Não informado pela instituição,por,"Esta dissertação tem o objetivo de analisar o acesso de estudantes ao Ensino Médio Integrado nos Campi do Instituto Federal de Educação, Ciência e Tecnologia do Rio Grande do Norte (IFRN) a partir da implantação da Lei nº 12.711/2012, que dispõe sobre o ingresso nas universidades federais e nas instituições federais de ensino técnico de nível médio e dá outras providências, estabelecendo reserva de vagas para estudantes que tiveram sua trajetória acadêmica em escolas públicas, e para estudantes pretos, pardos e indígenas. Esta pesquisa é direcionada para os estudantes situados em regiões onde existem estudantes residentes em comunidades quilombolas. São objetivos específicos: a) analisar o cenário político brasileiro quando da implantação da Lei Federal nº. 12.711/2012; b) verificar as formas de ingresso adotadas pelo IFRN para o Ensino Médio Integrado após a implantação da Lei; e c) mostrar indicadores de acesso de estudantes quilombolas como parte da política de ações afirmativas da Educação Profissional no IFRN. Serão espaços de pesquisa os Campi do IFRN que tenham estudantes residentes em comunidades quilombolas, mesmo que a comunidade não seja no município do Campus. Desse modo, ressaltamos a relevância deste trabalho para a população negra e quilombola, e para a Educação Profissional. Para sua efetivação, adotaremos como metodologia de pesquisa a análise de aspectos da política (FREY, 2000; VIANA, 1996; FIGUEIREDO M., FIGUEIREDO A., 1986; RAMOS, SCHABRACH, 2012; SILVA, 2016; CUNHA, 2006; ROCHA, 2010; MULLER, SUREL, 2002) e na abordagem qualitativa, com a utilização de entrevista semi-estruturada, análise documental, revisão bibliográfica, observação e notas de campo. Discutiremos políticas públicas na Educação, as desigualdades na esfera educacional, as ações afirmativas para jovens em situação de vulnerabilidade social no sistema escolar, as questões que envolvem a perspectiva racial na educação brasileira, e a implementação da Lei nº 12.711/2012 no IFRN, levando em consideração o contexto histórico e político da sua expansão. A análise dos dados extraídos na pesquisa indica que, em que se pese o esforço institucional para a efetivação da interiorização e inclusão social na escola, populações mais vulneráveis como os quilombolas ainda enfrentam fortes dificuldades de acesso, em particular ao Ensino Médio Integrado.",http://memoria.ifrn.edu.br/handle/1044/1529,Não informado pela instituição,Não informado pela instituição,"MARCELINO, Fabiana Teixeira . O acesso de estudantes quilombolas no IFRN: análise da Lei n° 12.711/2012. 2018. 154 f. Dissertação (Mestrado Acadêmico em Educação Profissional) - Instituto Federal de Educação, Ciência e Tecnologia do Rio Grande do Norte, Natal, 2018."
"Ramos, Ismar Batista",Não informado pela instituição,"Ramalho, Maria Nailde Martins||Não informado pela instituição",Não informado pela instituição,Não informado pela instituição,Não informado pela instituição,Inclusão na educação profissional: uma avaliação a partir da visão dos profissionais e alunos de um campus do IFNMG,2016,Universidade Federal dos Vales do Jequitinhonha e Mucuri (UFVJM),UFVJM,Não informado pela instituição,Não informado pela instituição,Não informado pela instituição,Não informado pela instituição,openAccess,masterThesis,Não informado pela instituição,Não informado pela instituição,por,"Os dados do INEP mostram que do total de alunos com Necessidades Educacionais Especiais matriculados no ensino regular em 2013, isto é, 648.921 alunos, 6,6% estavam na educação infantil, 77,8% no ensino fundamental, 7,2% no ensino médio, 7,8% na educação de jovens e adultos e 0,3% na educação profissional. Estes dados revelam o acesso limitado deste público à educação profissional e a possível existência de barreiras para sua permanência. Partindo desta realidade, esta pesquisa teve como objetivo geral compreender a política de inclusão das Pessoas com Necessidades Educacionais Especiais em um campus do Instituto Federal do Norte de Minas Gerais. Buscou-se analisar as legislações investigando as ações e condições de execução das políticas públicas destinadas às Pessoas com Necessidades Educacionais Especiais no campus pesquisado, avaliar as ações de inclusão adotadas na instituição na perspectiva discente e investigar os impactos do trabalho do NAPNE na instituição a partir da avaliação docente. Para este estudo, realizou-se uma pesquisa qualitativa, na modalidade estudo de caso. Entrevistou-se cinco docentes e cinco profissionais do NAPNE e aplicou-se questionários aos quatro discentes com Necessidades Educacionais Especiais na unidade selecionada. Os dados levantados foram tratados através da análise de conteúdo e indicaram o descompasso entre as ações previstas nas legislações e no PDI e as condições de execução delas; a avaliação das ações na perspectiva dos discentes indicaram avanços na inclusão das Pessoas com Necessidades Educacionais Especiais como sistema de cotas, divulgação e realização de processos seletivos e vestibulares acessíveis, mas apontaram a escassez de ações e serviços para a permanência após o ingresso, insuficiência na formação inicial e continuada dos profissionais em educação inclusiva, entre outros. Já a avaliação dos docentes sobre os impactos do trabalho do NAPNE evidenciou que este núcleo tem papel indispensável na instituição, porém indicou falta de infraestrutura, insuficiência de formação, condições inadequadas de trabalho e outros fatores que limitam a atuação do núcleo. Conclui-se que somente aqueles alunos que se adaptam às condições existentes conseguem permanecer, o que denota condições de integração em detrimento da inclusão. Evidencia-se como necessária a quebra das diversas barreiras encontradas para que o público em questão possa ser incluído.",https://acervo.ufvjm.edu.br/items/ee74c37e-23a1-40a7-b6ef-305e00f21f5d,Não informado pela instituição,Não informado pela instituição,"RAMOS, Ismar Batista. Inclusão na educação profissional: uma avaliação a partir da visão dos profissionais e alunos de um campus do IFNMG. 2016. 139 p. Dissertação (Mestrado Profissional) – Programa de Pós-Graduação em Educação, Universidade Federal dos Vales do Jequitinhonha e Mucuri, Diamantina, 2016."
"Cerqueira, Maria Cristina Rizzetto",http://lattes.cnpq.br/7719436184933603,"Tancredi, Regina Maria Simões Puccinelli||Não informado pela instituição",http://lattes.cnpq.br/7581179241493847||Não informado pela instituição,Não informado pela instituição,Não informado pela instituição,Programa de expansão da educação profissional: análise do alcance das políticas educacionais,2010,Universidade Presbiteriana Mackenzie (MACKENZIE),MACKENZIE,Não informado pela instituição,Não informado pela instituição,Não informado pela instituição,CNPQ::CIENCIAS HUMANAS::EDUCACAO,openAccess,masterThesis,Programa de Expansão||educação profissional||políticas públicas,Não informado pela instituição,por,"A dissertação tem como tema central o Programa de Expansão da Educação Profissional (PROEP) que surgiu como iniciativa do Ministério da Educação, com financiamento do Banco Interamericano de Desenvolvimento (BID), voltado para reformar e ampliar a Educação Profissional no Brasil. Os objetivos gerais da pesquisa são analisar a recepção da avaliação técnico-pedagógica do PROEP pela comunidade escolar de um centro profissional e as possíveis contribuições do processo de avaliação para o desenvolvimento do projeto do Centro Profissional Hélio Augusto de Souza (CEPHAS) localizado na cidade de São José dos Campos no Estado de São Paulo. Foram utilizadas a pesquisa documental e de legislação do programa, além de entrevista semiestruturada realizada com funcionário do Ministério da Educação, equipe gestora e responsáveis técnicos por curso do CEPHAS. O trabalho está subdividido em três capítulos e considerações finais. Entre os principais resultados, destacam-se, em relação ao segmento comunitário, a identificação de que, havia na época da proposta do PROEP, a busca junto à iniciativa privada de espaço para desenvolvimento da educação profissional que após receber os investimentos iniciais em obras e equipamentos, necessitaria buscar sua sustentabilidade sem apoio governamental o que para parte das instituições mostrou-se inviável. Experiências anteriores com trabalhos na área da educação por parte das entidades do segmento comunitário que pleitearam convênios do PROEP foram apontadas como um fator positivo na obtenção de melhores resultados na execução dos projetos. A autonomia pedagógica e a descentralização administrativa podem ser entendidas como um fator positivo para um centro profissional obter bons resultados. Nenhum dos responsáveis técnicos entrevistados participou do projeto encaminhado ao MEC e também não o conheciam. Apesar de saberem sobre a existência não conseguiram explicar detalhadamente no que consistia o programa proposto por essa política pública. Segundo os entrevistados nenhum aluno ou professor participou da visita de avaliação realizada pelo MEC, pelo menos que eles tivessem conhecimento. Não houve contribuições significativas da avaliação técnico-pedagógica realizada pelo MEC no CEPHAS. Para potencializar as avaliações de planos e programas é necessário criar dispositivos de participação que possam trazer à tona mais informações sobre os processos avaliativos nas instituições",http://dspace.mackenzie.br/handle/10899/24700,Não informado pela instituição,Não informado pela instituição,"CERQUEIRA, Maria Cristina Rizzetto. Programa de expansão da educação profissional: análise do alcance das políticas educacionais. 2010. 106 f. Dissertação (Mestrado em Educação, Arte e História) - Universidade Presbiteriana Mackenzie, São Paulo, 2010."
"Mendonça, Thálita Juliana Boni de",Não informado pela instituição,"Vilaronga, Carla Ariela Rios||Não informado pela instituição",http://lattes.cnpq.br/6536774151778096||Não informado pela instituição,Não informado pela instituição,Não informado pela instituição,Escolarização do estudante com deficiência intelectual no contexto da educação profissional tecnológica,2022,Universidade Federal de São Carlos (UFSCAR),UFSCAR,Não informado pela instituição,Não informado pela instituição,Programa de Pós-Graduação em Educação Especial - PPGEEs,CIENCIAS HUMANAS::EDUCACAO::TOPICOS ESPECIFICOS DE EDUCACAO,openAccess,masterThesis,Educação Especial||Educação profissional tecnológica||Deficiência Intelectual||Instituto Federal de Educação.,Special education||Technological professional education||Intellectual disability||Federal Institute of Education,por,"The learning of students with intellectual disabilities (ID) and the favors for the schooling process is not a recent discussion, but it intensified from the 1990s, when a movement of guarantee and rights of an inclusive education was experienced in Brazil. In the face of an international and national movement, some laws and policies are published and along with that the search for ways in favor of the schooling of the target public students of Special Education in common schools. This movement brings an increase in enrollments of students with intellectual disabilities (ID) in secondary and higher education in common schools and in the context of technological professional training, especially after the implementation of the Quota Law in the Federal Education Network. With this movement, questions begin: How are the institutions of the Technological Professional Network organizing themselves to guarantee the permanence, participation and learning of students with ID? What accessibility services and resources are available and how have they been articulated to eliminate barriers? Thus, the objective established for this study was to analyze, together with education professionals, the resources, services and strategies for schooling students with Intellectual Disabilities in professional training. Specifically, to investigate the functioning and organization of the Federal Institutes for the schooling of students with Intellectual Disabilities, along with their permanence; to map the opinions and evaluations of professionals working in the technological educational context on how the attendance of students with Intellectual Disabilities should occur in the studied places. As a way to obtain these answers, this research was characterized as collaborative, which had as a first step the initial online survey questionnaires and as a second step the reflective sessions, which were six virtuais meetings with servers of the Federal Institutes and active teachers who have students with Intellectual Disabilities, in order to understand the characteristics of the technological professional schooling of the students in question. The study was based on six Brazilian Federal Institutes with the enrollment of 34 people. As resources, some participants pointed out that they have: the development of plans based on the IEP, which aim to glimpse the services available to promote the learning of students with ID; adapted and structured environments; curriculum adequacy; flexible working hours; assistance from monitors; ESA; research laboratory, pounds; universal designs; psychological care; social assistance; psychopedagogical services; and support from NAPNE. There is a need for a professional specialized in special education, which is still non-existent or scarce on some campuses. This, due to the lack of academic training and a lack of preparation in the performance of some employees. The notes were that professionals who dedicate their time to study on the topic related to the assistance to PAEE students are rare. One of the highlights seen through the present study was the view from some IFs active that students with ID cannot learn, that the IF is not local for these students, as it is a school of academic excellence. The data showed how much the participants are aware of the lack of role definition among professionals working in these places of technological professional education, as well as the discrepancy between legislation with international bases and practices, since the IEP, for example, does not is done completely as provided for in legal frameworks.",https://repositorio.ufscar.br/handle/20.500.14289/17061,Não informado pela instituição,Não informado pela instituição,"MENDONÇA, Thálita Juliana Boni de. Escolarização do estudante com deficiência intelectual no contexto da educação profissional tecnológica. 2022. Dissertação (Mestrado em Educação Especial) – Universidade Federal de São Carlos, São Carlos, 2022. Disponível em: https://repositorio.ufscar.br/handle/20.500.14289/17061."
Alex Rodrigues Borges,Não informado pela instituição,Não informado pela instituição,Não informado pela instituição,Não informado pela instituição,Não informado pela instituição,Ações afirmativas em EPT na era das notícias falsas: a lei de cotas no contexto do IFMG,2023,"Instituto Federal de Educação, Ciência e Tecnologia de Minas Gerais (IFMG)",IFMG,Não informado pela instituição,Não informado pela instituição,Não informado pela instituição,Não informado pela instituição,openAccess,masterThesis,Desinformação||Lei de cotas||Reserva de vagas||Lei 12.711/2012.,Não informado pela instituição,por,"Esta dissertação versa sobre as ações afirmativas na educação no âmbito da Educação Profissional e Tecnológica na era das fake news e da pós-verdade, relacionando tais fenômenos especificamente com a Lei de Cotas, a Lei n. 12.711/2012. O acesso à educação no Brasil sempre foi limitado e, por conseguinte, excludente. Dados do IBGE/PNAD, agrupados pelo IPEA no período de 2001 a 2019, mostram, em todos os cenários analisados, que a diferença de acesso e tempo de estudo sempre existiu e persistiu ao longo dos anos, quando comparamos pretos/pardos aos autodeclarados brancos, principalmente se analisados os aspectos sociais. Concomitante a isso, a disseminação de concepções distorcidas ou inverídicas no que concerne às políticas de ação afirmativa na educação mostraram-se como importantes ferramentas de desinformação. A pós-verdade e as fake news estão perceptivelmente presentes nas formulações de conteúdos, sejam eles de caráter informativo ou de interação em rede social. Tendo em vista esse quadro geral, esta pesquisa teve como objetivo identificar em que medida existia a aderência aos conceitos das fake news e pós-verdade pelos alunos do EMI do campus do IFMG, especificamente sobre a lei de cotas – lei 12.711/2012. Para tanto, aplicamos um questionário para determinar as singularidades do grupo de estudo e realizamos um grupo focal para captar a reação dos participantes frente às informações apresentadas. A coleta de dados subsidiou uma análise qualitativa que ofereceu elementos para apurar e compreender os níveis de congruência dos participantes quantos aos conceitos difundidos pelas fake news e pela pós-verdade, tendo em vista a Lei n. 12.711/2012. Apresentamos, como resultado, elementos que nos ajudaram a compreender as influências dos fenômenos de desinformação, bem como a elaborar um produto educacional caracterizado como uma cartilha, a fim de ser apresentada e disponibilizada para potenciais ingressantes ao campus lócus do objeto de estudo desta pesquisa. Com vistas a fomentar o debate sobre as ações afirmativas, em especial no que tange às cotas raciais como instrumento de acesso, elaboramos, aplicamos e avaliamos um produto educacional com caráter informativo, contendo referências que demonstram, de maneira clara, lógica e objetiva, a operacionalização, a efetividade e o potencial de transformação das políticas de ações afirmativas na educação. Além disso, esse material abordou assuntos advindos tanto das desinformações geradas pelas fake news quanto pela pós-verdade, frisando as potencialidades de fragilização que esses elementos podem desenvolver na sociedade.",http://hdl.handle.net/20.500.14387/1673,Não informado pela instituição,Não informado pela instituição,Não informado pela instituição
"Pacheco, Diego",Não informado pela instituição,Não informado pela instituição,Não informado pela instituição,Não informado pela instituição,Não informado pela instituição,A política de cotas para ingresso no ensino superior como prática de inovação social emancipatória,2020,Ânima Educação,Ânima,Não informado pela instituição,Não informado pela instituição,Não informado pela instituição,Não informado pela instituição,openAccess,masterThesis,Inovação social||Emancipação||Ações afirmativas||Política de cotas,Não informado pela instituição,por,"This research analyzes the quota policy for entering higher education as a practice of emancipatory social innovation in the experience of a professional, scientific and technological education institution. For this, an instrument proposed based on the in-depth analysis model of Buckland and Murillo was used, articulated with the investigative domains of Michel Foucault - knowledge, power and ethics, resulting in five variables: impact and social transformation, intersectoral collaboration, sustainability, type of innovation, scalability and replicability. It is a qualitative case study with an exploratory and descriptive focus, developed from literature review, interviews with quota students, field notes and documentary research. Data analysis was performed using the five-phase Yin cycle. It was found that the quota policy for entry into higher education is an emancipatory social innovation insofar as it intervenes in access to public education - access that is beyond admission, allowing subjects to obtain means of constituting themselves in different ways within the scope of knowledge, power and ethics.",https://repositorio.animaeducacao.com.br/handle/ANIMA/15121,Não informado pela instituição,Não informado pela instituição,Não informado pela instituição
"Rateke, Deise",Não informado pela instituição,Não informado pela instituição,Não informado pela instituição,Não informado pela instituição,Não informado pela instituição,As contradições em torno do acesso e da permanência de estudantes da classe trabalhadora por meio da implementação da Lei de Cotas nos cursos de ensino médio técnico integrado do IFSC - Campus Florianópolis,2018,Universidade Federal de Santa Catarina (UFSC),UFSC,Não informado pela instituição,Não informado pela instituição,Não informado pela instituição,Não informado pela instituição,openAccess,doctoralThesis,Educação||Cotas universitárias||Ensino técnico,Não informado pela instituição,por,"Tese (doutorado) - Universidade Federal de Santa Catarina, Centro de Ciências da Educação, Programa de Pós-Graduação em Educação, Florianópolis, 2018.",358937||https://repositorio.ufsc.br/handle/123456789/206044,Não informado pela instituição,Não informado pela instituição,Não informado pela instituição
"Freitas, Caetano Roberto Sousa de",Não informado pela instituição,Não informado pela instituição,Não informado pela instituição,Não informado pela instituição,Não informado pela instituição,Avaliação da política pública educacional desenvolvida no Ensino Médio integrado à educação profissional no Ceará,2024,Universidade Federal do Ceará (UFC),UFC,Não informado pela instituição,Não informado pela instituição,Não informado pela instituição,Não informado pela instituição,openAccess,masterThesis,Educação integral||Ensino médio||Educação profissional||Integral education||High school||Professional education||CNPQ::CIENCIAS HUMANAS::CIENCIA POLITICA::POLITICAS PUBLICAS,Não informado pela instituição,por,"This work evaluates the educational policy of professional education developed in the public school system of the state of Ceará since 2008. The study aims to elucidate the governmental intentions for the managers of this public policy, which aims to alleviate the socioeconomic adversities that plague the youth of Ceará through integral education. Utilizing the In-Depth Evaluation paradigm, qualitative-quantitative research was conducted with the participation of social actors, mainly students of the 3rd grade of high school integrated with professional education, graduates in 2023, from the State Schools of Professional Education (EEEP) of the 1st Regional Coordination of Education Development, based in Maracanaú-CE, linked to the State Department of Education of Ceará. The research also includes perceptions from teachers of the Common Core and Technical Area, as well as school managers and coordinators of these educational institutions. To carry out this study, a comprehensive literature review was undertaken, covering the historical context and the theoretical-conceptual foundation based on preexisting studies on education. The documentary research included the Federal Constitution, the Law of Guidelines and Bases of Basic Education, the National Education Plan, the National Curriculum Guidelines, in addition to other federal and state laws, decrees, and resolutions. In the bibliographic research, the studies of Amaral (2021), Gussi and Oliveira (2016), Ramos (2017), Rodrigues (2008; 2011), Saviani (2008; 2011), Manfredi (2017), and Manacorda (2007), among others, stand out. In the analysis of the results, the evaluation was conducted through the triangulation of methods, using data collected through closed and open-ended questionnaires, submitted to content analysis. The majority of the school community considers that this type of education has provided integral education, mainly reflected in the preparation for the job market and higher education, confronting the separation between manual and intellectual labor imposed by the duality of class struggle fostered by capitalism. However, it is suggested that there be better development of socio- emotional aspects to mitigate the impacts on students' mental health, mainly caused by the high standards of the EEEP project. Additionally, there is a need to promote affirmative public policies related to quotas for black students and the development of youth protagonism among students with disabilities.","FREITAS, Caetano Roberto Sousa de. Avaliação da política pública educacional desenvolvida no Ensino Médio integrado à educação profissional no Ceará. 2024. 138 f. Dissertação (Mestrado Profissional em Avaliação de Políticas Públicas) - Universidade Federal do Ceará, Fortaleza, 2024.||http://repositorio.ufc.br/handle/riufc/77019",Não informado pela instituição,Não informado pela instituição,Não informado pela instituição
"DANTAS, Maria José Pereira",Não informado pela instituição,Não informado pela instituição,Não informado pela instituição,Não informado pela instituição,Não informado pela instituição,Ações afirmativas na educação profissional técnica de nível médio: um estudo no IFPB - campus João Pessoa,2015,Universidade Federal de Pernambuco (UFPE),UFPE,Não informado pela instituição,Não informado pela instituição,Não informado pela instituição,Não informado pela instituição,openAccess,masterThesis,Programas de ação afirmativa||Ensino profissional||Relações raciais||Brasil.||Affirmative action||Vocational education||Racial inequalities||Socio-racial quotas||Brazil,Não informado pela instituição,por,"Esta dissertação parte da contextualização da presença do Estado na configuração de profunda exclusão na realidade brasileira, em especial da população negra. Discute os termos importantes na temática ações afirmativas com a inclusão de critérios étnico-raciais. Evidencia a historicidade das desigualdades raciais e educacionais no Brasil. Investiga a ação afirmativa implementada no Brasil, a partir da Lei das cotas (Lei 12.711/2012) e seus efeitos em cursos de Educação Profissional Técnica de Nível Médio (EPTNM), no Instituto Federal da Paraíba (IFPB), Campus João Pessoa, considerando esta lei como relevante intervenção do Estado no combate da profunda exclusão, notadamente, da população negra. A pesquisa de caráter quantitativo e qualitativo averigua indicadores de desempenho acadêmicos, além de analisar, por meio de entrevistas e grupos focais, o impacto dos programas de assistência estudantil neste desempenho, na visão da instituição e dos estudantes beneficiários. Constata que a combinação dos critérios escola pública, renda per capita e étnico-racial usados nas políticas de cotas garante o ingresso de estudantes autodeclarados pretos, pardos e índios, metade deles com renda menor ou igual a 1,5 salário mínimo. Contudo, com base nos resultados, é possível afirmar que na EPTNM a consolidação de impactos sociais positivos para os grupos socorraciais com desvantagens histórico-sociais depende da (1) manutenção do ingresso via cotas; (2) acesso dos cotistas aos programas de benefícios estudantis; e (3) de acompanhamento psicossocial, pedagógico e de orientação educacional.",https://repositorio.ufpe.br/handle/123456789/15608,Não informado pela instituição,Não informado pela instituição,Não informado pela instituição
"Leão, Aniele Fernandes de Sousa",Não informado pela instituição,Não informado pela instituição,Não informado pela instituição,Não informado pela instituição,Não informado pela instituição,"História, memória e relações etnicorraciais: diálogos com a juventude negra da educação profissional e tecnológica integrada de nível médio do CEFET MG",2015,Centro Federal de Educação Tecnológica de Minas Gerais (CEFET-MG),CEFET,Não informado pela instituição,Não informado pela instituição,Não informado pela instituição,Não informado pela instituição,openAccess,doctoralThesis,Ensino profissional||História oral||Relações etnicorraciais,Não informado pela instituição,por,"A forma como a história do Brasil é construída e difundida, inferiorizando sujeitos e naturalizando preconceitos, tem impedido a formação de uma sociedade igualitária e fomentado uma variedade de discriminações que se revelam cotidianamente e atingem principalmente a parcela negra e pobre da nossa sociedade. Diante desse cenário de desigualdades raciais essa pesquisa trabalha com a memória como fonte com o intuito de compreender as impressões construídas pelos jovens negros estudantes da Educação Profissional e Tecnológica Integrada de Nível Médio sobre os caminhos percorridos até o ingresso no Centro Federal de Educação Tecnológica de Minas Gerais – CEFET/MG. Para atingir esse objetivo esse estudo investigou as escolas por onde esses jovens passaram, as relações que estabeleceram com os estudos, a opção pela educação profissional, as estratégias utilizadas para ingresso no CEFET MG e principalmente suas vivencias e impressões construídas sobre raça, racismo, cotas, desigualdade racial e de oportunidades, preconceito e outras questões referente às relações etnicorraciais em suas vidas e em nossa sociedade. Trata-se de uma pesquisa histórica apoiada na História Oral como suporte teórico e metodológico. Foram escolhidos para esse diálogo os jovens que ingressaram no CEFET MG no 1º semestre de 2014, pois compreendemos que a história oral deve ser empregada em pesquisas contemporâneas, como é o caso dessa, pois os sujeitos não precisam recorrer a um passado muito distante para refletir sobre suas memórias. Os instrumentos utilizados para esse diálogo foram aplicação de questionário e realização de entrevistas. Através desse estudo os jovens revisitaram suas memórias e trouxeram a público mais do que fatos e acontecimentos, eles revelaram seus sentimentos, conquistas e ilusões, abordando questões sobre a presença cotidiana do racismo em nossa sociedade e de que forma essa mazela influenciou ou não suas experiências e expectativas quando à educação. O recorte racial é uma variável muito importante para se compreender o perfil dos jovens atualmente matriculados na educação profissional, pois nos ajuda a entender porque apenas uma pequena parte dos jovens negros consegue romper as fronteiras da desigualdade e ingressar em uma instituição de ensino cuja seleção exige um intenso preparo educacional, como é o caso do CEFET MG.",https://repositorio.cefetmg.br/handle/123456789/383,Não informado pela instituição,Não informado pela instituição,Não informado pela instituição
"Dantas, Maria Conceição Borges",http://lattes.cnpq.br/6317314315523062,"Degenszajn, Raquel Raichelis||Não informado pela instituição",http://lattes.cnpq.br/5154090338357308||Não informado pela instituição,Não informado pela instituição,Não informado pela instituição,O trabalho de assistentes sociais na Educação Profissional e Tecnológica: desvelando seu processamento no Instituto Federal de São Paulo (IFSP),2020,Pontifícia Universidade Católica de São Paulo (PUC-SP),PUC_SP,Brasil,Faculdade de Ciências Sociais,Programa de Estudos Pós-Graduados em Serviço Social,CNPQ::CIENCIAS SOCIAIS APLICADAS::SERVICO SOCIAL,openAccess,doctoralThesis,Trabalho profissional||Serviço Social||Educação profissional e tecnológica||Assistência Estudantil||Instituto Federal,Professional work||Social work||Professional and technological education||Student assistance||Federal institute,por,"The thesis has as object of study the work of the social worker in professional and technological education, focusing on the Federal Institute of São Paulo (IFSP). The study of this theme gains relevance due to the growing insertion of social workers, mainly from the 2000s, in the Education Policy, due to the expansion policies of the Federal Network of Professional, Scientific and Technological Education. Such expansion was driven by the access and permanence policies expressed, among others, in Decree no.7234/2010 PNAES and Law no. 12711/2012 – known as the Quota Law, which expands possibilities and challenges to carry out professional work, based on the principles and guidelines of the Social Work ethical-political project. The main objective of the study was to analyze the processing of the work of social workers at the Federal Institute of São Paulo, seeking to explain its contents and meanings. The research was guided by the hypothesis that the way in which the Student Assistance Policy has been assumed buy the IFSP has led to a simplification of professional work through predominantly bureaucratic-administrative activities that limit the possibilities of building broader professional responses, focusing on relative professional autonomy an in the consolidation of a certain institutional “place” of Social Work. The study was carried out through bibliographic, documentary and field research, with the realization of focus groups and semi-structured interviews with social workers professionals from the IFSP, in addition to the analytical treatment of institutional documents that standardize and define guidelines for carrying out the professional work in the institution. As a main result of the research, a double reductionism was identified in relation to Student Assistance, the main institutional requisition, which directly impacts the processing of the work of the social worker. This reductionism is materialized, either by the restricted understanding of student assistance aimed at the almost exclusive execution of the Permanence Aid Program, with an emphasis on bureaucratic-administrative activities rather than activities of a socio-educational nature; either because such procesuality has caused a downgrade of the intellectual and creative dimension of professional work, reducing it to simple work, in Marx’s terms. This whole context has hindered the institutional agents’ understanding of professional attributions and competences, reflecting in a movement of “de-professionalization” of the social worker activity",https://repositorio.pucsp.br/jspui/handle/handle/25881,Não informado pela instituição,Não informado pela instituição,"Dantas, Maria Conceição Borges. O trabalho de assistentes sociais na Educação Profissional e Tecnológica: desvelando seu processamento no Instituto Federal de São Paulo (IFSP). 2020. Tese (Doutorado em Serviço Social) - Programa de Estudos Pós-Graduados em Serviço Social da Pontifícia Universidade Católica de São Paulo, São Paulo, 2020."
"Nogueira, Silvia Cristina Conde||http://lattes.cnpq.br/2597065203873535",Não informado pela instituição,Não informado pela instituição,Não informado pela instituição,Não informado pela instituição,Não informado pela instituição,II Fase da política de expansão da Rede Federal de Educação Profissional e Tecnológica no Amazonas: acesso ampliado e precarizado à educação pública,2016,Universidade Federal do Amazonas (UFAM),UFAM,Não informado pela instituição,Não informado pela instituição,Não informado pela instituição,Não informado pela instituição,openAccess,doctoralThesis,Educação Profissional||Institutos Federais||Rede Federal de Educação Profissional e Tecnológica||Federal Network of Professional and Technological Education||Professional Education||Federal Institutes||CIÊNCIAS HUMANAS: EDUCAÇÃO,Não informado pela instituição,por,"Versa sobre a criação da institucionalidade Instituto Federal e a expansão da Rede Federal de Educação Profissional e Tecnológica (Rede Federal). Aborda as ações do Governo Federal no contexto amazônico mediadas pela institucionalização do Instituto Federal de Educação, Ciência e Tecnologia do Amazonas (IFAM) e pela implantação de cursos técnicos de nível médio nos municípios de Lábrea, Maués, Parintins, Presidente Figueiredo e Tabatinga, municípios contemplados na segunda fase de expansão da Rede Federal. Este trabalho de tese __ de natureza teórico-documental __ visa analisar as contradições da oferta de cursos técnicos de nível médio nos campi do IFAM implantados nos referidos municípios em relação à demanda dos cursos e às especificidades de desenvolvimento econômico. As categorias teórico-metodológicas do materialismo histórico-dialético __ totalidade, contradição e mediação __ engendraram o levantamento bibliográfico, o levantamento documental e a organização e análise das informações coletadas. A análise da segunda fase da expansão da Rede Federal no interior do Amazonas revelou a parceria público-privada como aporte do processo de expansão das instituições federais de educação profissional e tecnológica; a imposição de vinculação da oferta pública de educação profissional às estratégias de desenvolvimento econômico por meio dos Arranjos Produtivos Locais (APLs); a prioridade na oferta de cursos técnicos de nível médio; a oferta desses cursos nas modalidades presencial e a distância e nas formas integrada e subsequente; a política de cotas para o preenchimento das vagas. A ênfase na relação entre a oferta e a demanda desses cursos nos campi demonstrou que o acesso à educação pública, no interior do Amazonas, foi ampliado. Contudo, a comparação entre a oferta e a demanda dos cursos revelou que a maioria das vagas são para os cursos subsequentes e, ainda, que um expressivo quantitativo de vagas ficaram ociosas e/ou foram preenchidas por meio de chamadas extras. Ademais, no que se refere às especificidades econômicas dos municípios, foi apontado que apenas alguns cursos implantados podem ser articulados aos APLs; que todas as referências a essa categoria são gerais e não evidenciam ações práticas; que a Pesquisa de Atividade Econômica Regional identifica a demanda por formação de técnicos em realidades de emprego formal; que, nos municípios analisados, o emprego formal é muito restrito ou apresenta saldos negativos na relação entre admitidos e demitidos. As evidências do modo como a segunda fase da política de expansão da Rede Federal foi implantada nos campi do IFAM são antagônicas às categorias Educação Integrada e Educação Politécnica. Esse antagonismo deu origem à tese de acesso ampliado e precarizado à educação pública no interior do Amazonas. Infere-se que o maior e mais importante desafio dos campi do IFAM seja ético-político: atender à imposição legal da formação da classe trabalhadora para o mercado de trabalho, transformando as condições em que essa imposição se estabelece, de modo a garantir a educação integrada como princípio e o rompimento com perfis profissionais delineados em comportamentos e atitudes necessários ao mercado para que o processo de interiorização da instituição se constitua em condição de acesso e permanência à educação pública, gratuita e socialmente referenciada.","NOGUEIRA, Silvia Cristina Conde. II Fase da política de expansão da Rede Federal de Educação Profissional e Tecnológica no Amazonas: acesso ampliado e precarizado à educação pública. 2016. 212 f. Tese (Doutorado em Educação) - Universidade Federal do Amazonas, Manaus, 2016.||http://tede.ufam.edu.br/handle/tede/5107",Não informado pela instituição,Não informado pela instituição,Não informado pela instituição
"Silva, Maicon Donizete Andrade",Não informado pela instituição,Não informado pela instituição,Não informado pela instituição,Não informado pela instituição,Não informado pela instituição,A gestão tecnocrática e empresarial nas escolas estaduais de educação profissional integral do Ceará (2008 a 2023),2024,Universidade de Brasília (UnB),UNB,Não informado pela instituição,Não informado pela instituição,Não informado pela instituição,Não informado pela instituição,openAccess,doctoralThesis,Educação básica||Ensino médio integrado||Gestão da educação||Educação profissional,Não informado pela instituição,por,"Tese (doutorado) — Universidade de Brasília, Faculdade de Educação, Programa de Pós-Graduação em Educação, 2024.","SILVA, Maicon Donizete Andrade. A gestão tecnocrática e empresarial nas escolas estaduais de educação profissional integral do Ceará (2008 a 2023) . 2024. 302 f., il. Tese (Doutorado em Educação) — Universidade de Brasília, Brasília, 2024.||http://repositorio.unb.br/handle/10482/51143",Não informado pela instituição,Não informado pela instituição,Não informado pela instituição
"Pinheiro, Carina Lilian Fernandes",Não informado pela instituição,Não informado pela instituição,Não informado pela instituição,Não informado pela instituição,Não informado pela instituição,Serviço Social e cotas: desafios para a permanência dos estudantes no Instituto Federal do Rio Grande do Norte,2020,Universidade Federal da Paraíba (UFPB),UFPB,Não informado pela instituição,Não informado pela instituição,Não informado pela instituição,Não informado pela instituição,openAccess,masterThesis,Serviço Social na educação||Cotas||Desafios||Permanência||Assistência estudantil||Social work in education||Quotas||Challenges||Permanence||Student assistance||CNPQ::CIENCIAS SOCIAIS APLICADAS::SERVICO SOCIAL,Não informado pela instituição,por,"Social Work is a profession that had a conservative historical origin, focused on serving the interests of the bourgeoisie and the organization of the capitalist productive base. In this work, a brief report was initially produced on the performance of the Social Worker inserted in the Professional and Technological Education, more precisely in the Federal Institute of Education, Science and Technology of Rio Grande do Norte (IFRN), especially dealing with his performance for the permanence of the students after the institution of the quota policy through the Laws nº 12.711/2012 and 13.409/2016. The challenges related to the permanence of students posts to Social Assistants in the post-quota policy context are the object of this study, which has the objective of precisely identifying and reflecting on the challenges and demands that are presented to the Social Service professional inserted in the IFRN in enabling the permanence of students after the implementation of the quota policy in the institution. Methodologically, in order to achieve these objectives, a bibliographical and documentary research was develop an analysis of the themes treated in the research using dialectical historical materialism as a method, as well as qualitative and quantitative empirical field research, with the Social Workers who experienced the period before and after the quotas, and therefore, knowing the institutional reality before the quotas may be able to identify and reflect on what has effectively changed after the quotas. The empirical research was conducted through a questionnaire with open and closed questions, developed in Google Forms and sent a link via institutional email. In the evaluation of the data extracted from the questionnaires of the 17 Social Workers participating in the research, as well as the bibliographic and documentary content studied, it was possible to perceive and understand several challenges that are presented to the category for the permanence of students after quotas, among them: the absence of a permanence policy associated with the quota policy, which deals only with access; the increasing demand in the number of students seeking the institution's student assistance programs and the lack of budgetary resources, which is on the agenda before the courts and contingencies made by the government, especially in this current ultraconservative and neoliberal political conjuncture. It was also inferred from the study that the quotas brought new demands to the IFRN Social Worker and made the category rethink its professional practice and the programs focused on student permanence in the institution. It was concluded that is necessary for the Social Worker to remain aligned with his ethical-political project thinking the permanence in facing these challenges through a broader view, beyond the student assistance programs, but understanding their limits and possibilities, especially in the current conjuncture.",https://repositorio.ufpb.br/jspui/handle/123456789/18236,Não informado pela instituição,Não informado pela instituição,Não informado pela instituição
"Budny, Jaqueline",http://lattes.cnpq.br/5025771743812024,"Dallago, Cleonilda Sabaini Thomazini||Não informado pela instituição",http://lattes.cnpq.br/6498080811310461||Não informado pela instituição,"Amaral, Shirlena Campos de Souza||Konno, Cristiane Carla||Dallago, Cleonilda Sabaini Thomazini||Não informado pela instituição||Não informado pela instituição",http://lattes.cnpq.br/4323474960797731||http://lattes.cnpq.br/7177909103669155||http://lattes.cnpq.br/6498080811310461||Não informado pela instituição||Não informado pela instituição,Comissões e Bancas de Validação de Autodeclaração e Renda na Universidade Federal do Paraná (UFPR): desafios na efetivação de direitos da Lei de Cotas,2024,Universidade Estadual do Oeste do Paraná (UNIOESTE),UNIOESTE,Brasil,Centro de Ciências Sociais Aplicadas,Programa de Pós-Graduação em Serviço Social,CIENCIAS SOCIAIS APLICADAS::SERVICO SOCIAL,openAccess,masterThesis,"Lei de Cotas||Comissões e Bancas de Validação de Autodeclaração de Pretos(as), Pardos(as), Indígenas e Pessoas com Deficiência||Bancas de Renda",Não informado pela instituição,por,"El presente estudio tiene como tema las Comisiones y Juntas de Validación de Autodeclaración de Negros(as), Pardos(as), Indígenas y Personas con Discapacidad y Juntas de Renta que fueron creadas por las Instituciones de Enseñanza como forma de evitar fraudes en el acceso a la Educación Técnica y Superior Federal y, garantizar el derecho a las cuotas a los(as) estudiantes que de hecho tienen derecho conforme a la Ley n.º 12.711, de 29 de agosto de 2012, la llamada Ley de Cuotas. Teniendo como campo de estudio el Núcleo de Concursos vinculado a la Pró-Reitoría de Grado y Educación Profesional y, la Superintendencia de Inclusión, Políticas Afirmativas y Diversidad de la Universidad Federal de Paraná (UFPR). Por lo tanto, la investigación tiene como problema: ¿Cuáles son las dificultades encontradas mediante los criterios adoptados por la UFPR para componer las Comisiones y Juntas de Validación de Autodeclaración de Negros(as), Pardos(as) e Indígenas y Personas con Discapacidad y Juntas de Renta y, mediante las metodologías de verificación de las condiciones de derecho de los(as) candidatos optantes por el ingreso vía Ley n.º 12.711/2012 - Ley de Cuotas adoptadas por la UFPR para la inclusión o no de los(as) futuros(as) estudiantes? Para responder al problema planteado, se enumeran a continuación los objetivos de la investigación, proponiéndose como Objetivo General: Analizar la composición de las Comisiones y Juntas integrantes del cumplimiento de la Ley de Cuotas, Ley n.º 12.711/2012, y las metodologías utilizadas para la evaluación de las condiciones de derecho de los futuros estudiantes a través de cuotas de Negros(as), Pardos(as), Indígenas, Personas con Discapacidad y Renta conforme a la Ley. Y, como Objetivos específicos: a) Comprender el movimiento histórico de la Ley de Cuotas y de las Comisiones y Juntas de Validación y Renta en la UFPR; b) Recopilar información sobre la composición y formación profesional y/o técnica de las Comisiones y Juntas de Validación y de Renta en la UFPR; c) Verificar con los(as) responsables de la composición de las Comisiones y Juntas de Validación de Autodeclaración y Renta cuáles son las dificultades encontradas durante el proceso de composición de las Comisiones y Juntas ante los criterios establecidos en las normativas; d) Investigar con los(as) miembros(as) de las Comisiones y Juntas las dificultades encontradas mediante las metodologías adoptadas en la apreciación de las condiciones de derecho de los(as) candidatos optantes por el ingreso vía Ley n.º 12.711/2012 - Ley de Cuotas. La investigación es de naturaleza cualitativa, de carácter exploratorio y explicativo, utilizando levantamiento bibliográfico y documental, y como instrumentos de recolección de datos la entrevista y el cuestionario, el análisis es de contenido. Con los resultados de la investigación se comprendió cómo este escenario de la Ley de Cuotas y de las Comisiones se ha materializado en la Universidad Federal de Paraná a lo largo del tiempo. Los resultados contribuyeron a las reflexiones teóricas de la propia investigadora y, existe la perspectiva de que este estudio contribuya a la debida ejecución de la Ley de Cuotas en la propia Institución y con otras investigaciones que ya se han venido desarrollando sobre el tema a lo largo de los años.",https://tede.unioeste.br/handle/tede/7798,Não informado pela instituição,Não informado pela instituição,"BUDNY, Jaqueline. Comissões e Bancas de Validação de Autodeclaração e Renda na Universidade Federal do Paraná (UFPR): desafios na efetivação de direitos da Lei de Cotas. 2024. 210 f. Dissertação (Mestrado em Serviço Social) - Universidade Estadual do Oeste do Paraná, Toledo, 2024."
"Silva, Joice de Oliveira Epifânio da",http://lattes.cnpq.br/5469681240331372,"D'Avila, Geruza Tavares||Não informado pela instituição",http://lattes.cnpq.br/4518473278349003||Não informado pela instituição,"Simões, Janaína Machado||Pletsch, Márcia Denise||Nascimento, Rejane Prevot||Não informado pela instituição||Não informado pela instituição",Não informado pela instituição,A inserção de pessoas com deficiência no mercado de trabalho: os sentidos da Lei de Cotas para os gestores de Recursos Humanos da região metropolitana do Rio de Janeiro,2017,Universidade Federal Rural do Rio de Janeiro (UFRRJ),UFRRJ,Brasil,Instituto de Ciências Sociais Aplicadas,Programa de Pós-Graduação em Administração,Sociologia,openAccess,masterThesis,PCDs||inserção de PCDs no mercado de trabalho||Gestores de RH||Lei de Cotas||Preconceito,insertion of PCDs into the labor market||HR Managers||Quotas Law||Prejudice.,por,"A lei nº 8213/91, conhecida como Lei de Cotas foi formulada como ferramenta para implementar a Política Nacional de Cotas Empregatícias para Portadores de Deficiência. Esta lei hoje é um dos principais meios para a inserção das PCDs (Pessoas com Deficiência) no mercado de trabalho. Contudo, a implementação desta lei ocorre diante de algumas dificuldades, como a acessibilidade, por exemplo, além do preconceito no que tange às PCDs no meio social, o que acaba interferindo na efetividade da mesma. Este trabalho tem como objetivo, compreender os sentidos atribuídos à Lei de Cotas pelos Gestores de RH que atuam, ou atuaram, em organizações que se aplica a Lei de Cotas. Para atingir este objetivo foram realizadas nove entrevistas, sendo oito entrevistas realizadas com gestores, dos quais alguns estavam em pleno exercício da função até a data da entrevista e outros que haviam saído recentemente da organização em que exercia a função de gestor de RH, e ainda, foi entrevistada a coordenadora do Núcleo Estadual de Atendimento ao Deficiente (NEAD). Além das entrevistas este trabalho fez uso da técnica de observação e a análise do material levantado ocorreu por meio dos Núcleos de Significação. Os resultados mostram que os gestores entrevistados ainda percebem a Lei de Cotas como uma Lei meramente punitiva, entretanto, entendem a Lei de Cotas também, como uma importante, senão única, ferramenta para a inserção das PCDs no mercado de trabalho. Com isso, pode-se afirmar que os sentidos que os gestores atribuem a Lei de Cotas são carregados de preconceito e a forma como a Lei de Cotas é significada por esses gestores reflete na forma como executam essa Lei, e ainda, pode-se afirmar que a questão é cultural",https://rima.ufrrj.br/jspui/handle/20.500.14407/10313,Não informado pela instituição,Não informado pela instituição,"SILVA, Joice de Oliveira Epifânio da. A inserção de pessoas com deficiência no mercado de trabalho: os sentidos da Lei de Cotas para os gestores de Recursos Humanos da região metropolitana do Rio de Janeiro. 2017. 139 f. Dissertação (Mestrado em Administração) - Instituto de Ciências Sociais Aplicadas, Universidade Federal Rural do Rio de Janeiro, Seropédica, RJ, 2017."
"Chaves, Juliana Fátima da Silva",Não informado pela instituição,"Colling, Ana Maria||Não informado pela instituição",Não informado pela instituição,Não informado pela instituição,Não informado pela instituição,Itinerários do SENAC/RS: olhares sobre as trajetórias de profissionais surdos(as),2011,Universidade La Salle (UNILASALLE),UNILASALLE,BR,Não informado pela instituição,Programa de Pós-Graduação em Educação (PPGEdu),Não informado pela instituição,openAccess,masterThesis,Educação profissional||Currículo||Acessibilidade||Inclusão||Ações afirmativas||Identidade||Representação||Poder,Não informado pela instituição,por,"O tema da presente dissertação propõe a discussão acerca das trajetórias de profissionais surdos contratados por meio da lei de cotas para pessoas com deficiência. O objetivo foi analisar os cenários que constituem estas trajetórias e como os sujeitos envolvidos no programa de qualificação oferecido pelo SENAC/RS as significam. A metodologia utilizada para capturar estes significados foram análise documental e entrevistas, com fundamentação teórica embasada nos estudos culturais em educação, sob a ótica curricular. O aprofundamento dos estudos possibilitou agrupar enunciados que constituem práticas discursivas em unidades de análise que correspondem a questões de identidade, representação e relações de poder imbricadas nas negociações desenvolvidas neste processo de inclusão e permanência do sujeito surdo no contexto profissional.",http://hdl.handle.net/11690/590,Não informado pela instituição,Não informado pela instituição,Não informado pela instituição
"Oliveira, Zildeni Martins de",http://lattes.cnpq.br/4727479042587677,"Brito, Angela Ernestina Cardoso de||Não informado pela instituição",http://lattes.cnpq.br/5921523417027877||Não informado pela instituição,"Thiollent, Michel Jean Marie||Barros, Barbara Terezinha Sepúlveda||Brito, Angela Ernestina Cardoso de||Não informado pela instituição||Não informado pela instituição",http://lattes.cnpq.br/7705124392973654||http://lattes.cnpq.br/1663711434096438||http://lattes.cnpq.br/5921523417027877||Não informado pela instituição||Não informado pela instituição,Ações afirmativas na pós-graduação: ingresso e permanência de estudantes negras/os no mestrado do Programa de Pós-Graduação em Educação Profissional e Tecnológica IFBAIANO Campus CATU,2024,Universidade Federal da Bahia (UFBA),UFBA,Brasil,Faculdade de Filosofia e Ciências Humanas (FFCH),Programa de Pós-Graduação em Serviço Social,CNPQ::CIENCIAS SOCIAIS APLICADAS,openAccess,masterThesis,Ações afirmativas||Mestrado profissional||Permanência estudantil||Desigualdade racial||Decolonialidade,Não informado pela instituição,por,"Este estudo investiga as políticas de ações afirmativas no âmbito do Mestrado Profissional em Educação Profissional e Tecnológica (ProfEPT) do IF Baiano - Campus Catu. O objetivo é analisar os efeitos dessas políticas para o ingresso e permanência das/os mestrandas/os negras/os, ingressantes nos anos de 2021 e 2022, do citado programa. Para isso, estudamos a produção do racismo como motor da desigualdade racial que manteve, historicamente, a população negra brasileira apartada do usufruto da riqueza do país, além do não acesso aos espaços de poder, sobretudo das universidades, na pós-graduação stricto sensu. Outrossim, buscamos desvelar o processo histórico de construção das Políticas de ações afirmativas étnico racial na academia, destacando as tensões e disputas raciais e o protagonismo de intelectuais, de militantes e do Movimento Negro. O presente trabalho trata-se de uma pesquisa qualitativa e quantitativa e um estudo exploratório, descritivo e explicativo. Quanto aos recursos técnicos e aos instrumentos para coleta de dados, usou-se a Triangulação de Métodos, mediante análise documental, levantamento bibliográfico, aplicação de questionário e entrevistas. A perspectiva da pesquisa de campo foi obter a caracterização socioeconômica e cultural do conjunto dos sujeitos da pesquisa, mediante o questionário. Já nas entrevistas, buscou-se apresentar a percepção sobre a temática, a partir das próprias narrativas dos mestrandos. Assim, a estratégia de pesquisa é a análise por triangulação de métodos, enquanto a abordagem teórica é a decolonialidade e as epistemologias do Sul. Portanto, a autora põe-se neste estudo, como mulher negra, estudante bolsista e cotista, corpo geopoliticamente localizado, alinhado aos que pensam e fazem o giro decolonial, por meio do compromisso teórico, político e epistêmico, em direção à decolonialidade. Dessa forma, o estudo evidenciou que a desigualdade racial brasileira, foi produzida, historicamente, por uma elite branca, de valores eurocêntricos, cuja engrenagem foi a manutenção da ideia de hierarquização da raça humana sob sua autodenominação de superioridade. Os resultados indicam que as ações afirmativas, nas universidades e na pós-graduação, são conquistas significativas. No entanto, embora garantam o ingresso de estudantes negras/os, estes enfrentam dificuldades socioeconômica e cultural para assegurar a permanência material e simbólica na academia. Logo, com a pesquisa, foi possível concluir que a garantia de condições materiais efetivas e a decolonialidade epistêmica são necessárias para transformar a academia em um espaço verdadeiramente inclusivo e plural.",https://repositorio.ufba.br/handle/ri/40504,Não informado pela instituição,Não informado pela instituição,Não informado pela instituição
"Alencar, Ligyanne Karla de",http://lattes.cnpq.br/1058784388425443,"Silva, Lenina Lopes Soares||Não informado pela instituição",http://lattes.cnpq.br/1487610808390702||Não informado pela instituição,"Silva, Leinina Lopes Soares||Costa, Ana Maria Morais||Neta, Olívia Morais de Medeiros||Santos, Anderson Cristopher dos||Nascimento, José Mateus do",http://lattes.cnpq.br/1487610808390702||http://lattes.cnpq.br/8332787401186244||http://lattes.cnpq.br/7542482401254815||http://lattes.cnpq.br/9314022204497649||http://lattes.cnpq.br/9176401714554967,"Políticas públicas de inclusão de pessoas com deficiência na educação profissional: ações e possibilidades no Instituto Federal de Educação, Ciência e Tecnologia do Rio Grande do Norte",2017,Instituto Federal do Rio Grande do Norte (IFRN),IFRN,Brasil,Natal - Central,Mestrado Acadêmico em Educação Profissional||Mestrado Acadêmico em Educação Profissional,Educação,openAccess,masterThesis,Políticas Públicas de Inclusão||Educação Profissional||Pessoa com Deficiência||Educação Profissional para as pessoas com deficiência||TEC NEP||Pub lic Policies for Inclusion||Professional Education||Person with disability||Professional Educatio n for people with disabilities,Não informado pela instituição,por,"RESUMO Esta pesquisa é uma análise de políticas de educação inclusiva implantadas no Brasil, com ênfase nos processos de inserção de pessoas com deficiência à Educação Profissional na Rede Federal de Educação Profissional e Tecnológica, com foco no Instituto Federal de Educação, Ciência e Tecnologia do Rio Grande do Norte. Enfatiza-se a política inclusiva em implantação nesse Instituto, no período de 2010 a 2015, tendo como referente a Ação Tecnologia, Educação, Cidadania e Profissionalização para Pessoas com Necessidades Especificas (TEC NEP) que vem sendo desenvolvida desde o ano 2000 e as políticas educacionais que a esta se aliam para o atendimento das pessoas com deficiência, como o Programa Nacional de Acesso ao Ensino Técnico e Emprego (PRONATEC), no Plano Nacional Viver Sem Limites. A investigação caracteriza-se como qualitativa e utiliza levantamento bibliográfico, análise legal e documental e respostas coletadas por meio de questionário aplicado a 36 servidores dos Campi Santa Cruz, Caicó, Currais Novos, Parelhas, São Gonçalo do Amarante, Educação à Distância, Natal Central, Macau, Natal Zona Norte, Parnamirim, João Câmara e Nova Cruz, que ocupam as coordenações de extensão, de pesquisa, do Núcleo de Atendimento às Pessoas com Necessidades Específicas (NAPNE) e a direção acadêmica. A análise privilegia um diálogo teórico-metodológico baseado na sociologia das ausências, pois esta torna possível o confronto das possibilidades inclusivas mesmo dentro de um Estado capitalista excludente, como o brasileiro. Os dados revelaram que a existência de ações inclusivas no ensino, na extensão e na pesquisa no IFRN demonstram o potencial dessa instituição em de fato ser um centro de excelência, como previsto na Ação TEC NEP para o acesso, a permanência e a saída exitosa para o mundo do trabalho de pessoas com deficiência. No entanto, a política interna de inclusão de pessoas com deficiência no IFRN existe de forma tímida e necessita de uma melhor articulação e divulgação de suas ações para todos os servidores e para a sociedade. Considera-se, ainda, que as reflexões empreendidas na pesquisa podem ajudar os gestores dessa política a diminuírem as arestas que impõem limites a essa política interna para torná-la mais eficiente, mostrando à sociedade as possibilidades presentes na instituição, inclusive na luta por um sistema de cotas ou de reservas de vagas no processo seletivo de acesso a todos os cursos oferecidos pelo IFRN, principalmente para o Ensino Médio Integrado à Educação Profissional, para que possamos avançar no sentido de uma sociedade mais inclusiva.",http://memoria.ifrn.edu.br/handle/1044/1372,Não informado pela instituição,Não informado pela instituição,"ALENCAR, Ligyanne Karla de. Políticas públicas de inclusão de pessoas com deficiência na educação profissional: ações e possibilidades no Instituto Federal de Educação, Ciência e Tecnologia do Rio Grande do Norte. 2017. 141f. Dissertação (Mestrado em Educação Profissional) - Instituto Federal de Educação, Ciência e Tecnologia do Rio Grande do Norte, Natal, 2017."
"Bastos, Renato De Angeli Ferreira",http://lattes.cnpq.br/2500622732477074,"Bahia, Bruno Cardoso de Menezes||Não informado pela instituição",http://lattes.cnpq.br/0728241677912831||Não informado pela instituição,"Bahia, Bruno Cardoso de Menezes||Silva, André Romero da||Saleme, Estêvão Bissoli||Não informado pela instituição||Não informado pela instituição",http://lattes.cnpq.br/0728241677912831||http://lattes.cnpq.br/3079774974302460||http://lattes.cnpq.br/8757661847246456||Não informado pela instituição||Não informado pela instituição,"Política de cotas, função social e perfil socioeconômico dos estudantes ingressantes: uma análise do curso técnico em agropecuária do Instituto Federal do Espírito Santo – Campus Itapina",2021,Universidade Federal Rural do Rio de Janeiro (UFRRJ),UFRRJ,Brasil,Instituto de Agronomia,Programa de Pós-Graduação em Educação Agrícola,Educação,openAccess,masterThesis,Evasão||Cotistas||Ifes||Cursos técnicos||Políticas públicas,Evasion||Quota holders||Ifes||Technical courses||Public policies,por,"Por todo o Brasil, os campi dos Institutos Federais de Educação, Ciência e Tecnologia registram altos índices de evasão e fechamento de cursos desde suas fundações. No estado do Espírito Santo, as instituições passam por esses mesmos impasses. Nesse contexto, esta pesquisa tem como objetivo realizar um estudo de caso sobre a evasão escolar no Curso Técnico Integrado ao Ensino Médio em Agropecuária, da Escola Agrotécnica, do Instituto Federal do Espírito Santo (Ifes), Campus Itapina, distrito do município de Colatina, ao Norte do Estado, no período de 2016 a 2019. A pesquisa é de natureza bibliográfica, documental e estatística, com a finalidade de entender a amplitude do fenômeno da evasão entre os alunos cotistas, sob a visão administrativa e docente. O referencial teórico apoia-se em pesquisadores renomados acerca do referido assunto; e quanto à análise documental, utilizou-se a legislação federal que normaliza os Institutos Federais e os documentos internos do Ifes. O objetivo primário foi levantar as características do público evadido na referida unidade de ensino, no período anteriormente apontado. Embora não seja causa única, a pesquisa apontou que o fator econômico parece predominar sobre as demais razões geradoras dos altos índices de evasão, sendo muitas vezes acompanhado da incongruência na conciliação dos estudos com o trabalho, mesmo diante do entendimento, ainda que parcial, de que o curso proporcionará mais oportunidades de inserção no mercado de trabalho. Foi possível perceber que a cota social é uma importante ferramenta de inclusão social, uma vez que permite o ingresso de alunos das classes menos favorecidas a uma instituição reconhecidamente de qualidade. Além disso, percebe-se que a questão do acesso é o principal fator limitante quanto à presença de pobres, mulheres, índios e negros nessas instituições, já que o domínio do conteúdo e a sua posterior aprovação ficou evidente na interpretação dos dados.",https://rima.ufrrj.br/jspui/handle/20.500.14407/12961,Não informado pela instituição,Não informado pela instituição,"BASTOS, Renato De Angeli Ferreira. Política de cotas, função social e perfil socioeconômico dos estudantes ingressantes: uma análise do curso técnico em agropecuária do Instituto Federal do Espírito Santo – Campus Itapina. 2021. 96 f. Dissertação (Mestrado em Educação Agrícola) - Instituto de Agronomia, Universidade Federal Rural do Rio de Janeiro, Seropédica, 2021."
"Teixeira, Ana Carolina de Oliveira",Não informado pela instituição,Não informado pela instituição,Não informado pela instituição,Não informado pela instituição,Não informado pela instituição,"Um estudo de caso da implementação das cotas sociais e raciais no ensino superior do CEFET-MG (2013-2015): acesso, permanência e trajetória de estudantes negros cotistas",2017,Centro Federal de Educação Tecnológica de Minas Gerais (CEFET-MG),CEFET,Não informado pela instituição,Não informado pela instituição,Não informado pela instituição,Não informado pela instituição,openAccess,doctoralThesis,Ensino superior - Minas Gerais (MG)||Programas de ação afirmativa na educação||Estudantes negros||Estudantes universitários - Aspectos sociais,Não informado pela instituição,por,"Este estudo objetivou analisar a implantação e, sobretudo, a implementação de uma política de ações afirmativas por meio de cotas sociais e raciais no Centro Federal de Educação Tecnológica de Minas Gerais (CEFET-MG). Esta pesquisa qualitativa centrou-se na implementação da Lei nº 12.711/2012 no CEFET-MG no período compreendido entre os anos de 2013 e 2015, com uma maior ênfase no primeiro semestre de 2015, momento em que a instituição implementou pela primeira vez a reserva de vagas prevista na legislação. Ainda que esta política de cotas tenha sido aplicada em processos seletivos da educação profissional técnica de nível médio e superior, ocupou-se nesta pesquisa somente dos processos seletivos de candidatos ao ensino superior. Um elemento fundamental para realização do estudo foi a análise do perfil de estudantes que ingressaram no CEFET-MG a partir do ano 2015. Isto possibilitou uma compreensão mais refinada acerca das trajetórias escolares desses discentes, permitindo, assim, conhecer por meio das entrevistas as expectativas de realização profissional de estudantes pretos e pardos, de acordo com o IBGE, mas que para os estudiosos das temáticas étnico-raciais são considerados negros ou afro-brasileiros. Acessou-se, também, documentos oficiais disponibilizados pela instituição como Editais, informações estatísticas sobre os candidatos classificados nos processos seletivos anteriores e posteriores a implementação da Lei de Cotas e atas das reuniões do Conselho de Ensino Pesquisa e Extensão (CEPE), órgão da instituição responsável por deliberar sobre a implementação da Lei de Cotas. Para conhecer o perfil dos estudantes que ingressaram após a implantação da política de cotas, foram aplicados questionários aos graduandos que ingressaram na instituição no primeiro semestre de 2015, quando pela primeira vez o CEFET-MG passa a reservar 50% de suas vagas para estudantes egressos de escolas públicas, observando-se ainda os critérios de renda e a pertença racial. Também foram realizadas entrevistas com os estudantes negros que ingressaram na instituição no período estudado, por meio das cotas sociais e raciais, com o objetivo de conhecer a trajetória escolar de estudantes negros nos cursos de graduação da instituição, avaliar suas estratégias para acessar a esse nível de ensino na instituição, descortinar as dificuldades por eles enfrentadas para permanecer na instituição e conhecer quais são suas expectativas de realização profissional. Os resultados encontrados a partir dos questionários e das entrevistas foram analisados em consonância com as pesquisas já desenvolvidas sobre o tema ação afirmativa, assim como trajetórias escolares de estudantes negros no ensino superior. Os resultados encontrados indicam que a política de ação afirmativa na instituição tornou o acesso ao ensino superior mais democrático, uma vez que possibilitou um aumento de 24,92% de estudantes egressos de escolas públicas e de 12% de estudantes negros. Ademais, foi possível verificar que dentre os estudantes pesquisados, a maioria possui pais com escolarização até o ensino médio completo e com renda familiar de até cinco salários mínimos, possibilitando o acesso à instituição a estudantes que outrora teriam maiores dificuldades de acessar esse nível de ensino. Por outro lado, verificou-se a partir dos depoimentos dos estudantes cotistas que aqueles que concluíram todo o ensino fundamental e/ou médio em escolas públicas consideradas pelos mesmos como sendo de baixa qualidade, revelaram uma maior dificuldade em permanecer na instituição considerando o suposto rigor do ensino e dos professores, principalmente em razão da dificuldade excessiva com algumas disciplinas, em relação aos estudantes cotistas que cursaram o ensino fundamental em escolas privadas e o ensino médio em escolas públicas reconhecidas pela sua excelência no ensino como, por exemplo, o CEFET-MG. Pretende-se em um segundo momento, no bojo desta pesquisa que continuará, voltar a dialogar com estes futuros bacharéis, para acompanhar os processos de conclusão dos seus cursos e saber de suas perspectivas na carreira profissional escolhida.",https://repositorio.cefetmg.br/handle/123456789/410,Não informado pela instituição,Não informado pela instituição,Não informado pela instituição
"Marques, Jose Luis Nogueira",http://lattes.cnpq.br/2632368741718361,"Oliveira, Lia Maria Teixeira de||Não informado pela instituição",http://lattes.cnpq.br/1917858404070055||Não informado pela instituição,"Oliveira, Lia Maria Teixeira de||Araújo, Fabiana de Carvalho Dias||Feitosa, Andre Elias Fidelis||Não informado pela instituição||Não informado pela instituição",Não informado pela instituição,"Um estudo sobre a evasão no ensino médio integrado do Instituto Federal do Amapá, Campus Laranjal do Jari",2017,Universidade Federal Rural do Rio de Janeiro (UFRRJ),UFRRJ,Brasil,Instituto de Agronomia,Programa de Pós-Graduação em Educação Agrícola,Educação,openAccess,masterThesis,Evasão||Educação Profissional||Políticas de Permanência,Evasion||Professional Education||Policies of Permanence,por,"Esta dissertação tem a sua origem em pesquisa realizada com o intuito de trazer à observação e tomada de decisão o problema educacional que aflige à educação técnica e tecnológica, a evasão escolar. Assim, de forma geral objetivou uma análise sobre o fenômeno da evasão escolar no IFAP – Campus Laranjal do Jari. O foco deu-se na busca da compreensão dos elementos envolvidos no processo gradativo da perda do número de estudantes matriculados; buscou-se ainda a partir do resultado da pesquisa propor ações para contenção e redução dos índices de evasão no IFAP. A pesquisa em termos metodológicos, consistiu um estudo documental, empírico e de tratamento conceitual, tomando o universo amostral das turmas do Ensino Médio, na forma Integrada, do Campus Laranjal do Jari. A dissertação está dividida em três tópicos. O primeiro faz uma caracterização da Educação Profissional e do Sistema de Ensino Profissionalizante Federal no Brasil; o segundo trabalha uma análise sobre Fracasso Escolar, com ênfase na evasão e seus fatores condicionantes e, o último, tópico descreve “a evasão escolar no Instituto Federal do Amapá - Campus Laranjal do Jari”, com a apresentação dos dados investigados ao longo do mapeamento das turmas. Com base nos resultados dos dados descritos deu-se a interpretação destes à luz de autores que nos apoiaram para a análise. Posto isso, com o conhecimento produzido então, propõe-se estratégias de reversão ao quadro de evasão no IFAP e, ainda, as considerações finais com descrição dos processos de intervenção",https://rima.ufrrj.br/jspui/handle/20.500.14407/12193,Não informado pela instituição,Não informado pela instituição,"Marques, Jose Luis Nogueira. Um estudo sobre a evasão no ensino integrado do Instituto Federal do Amapá, Campus Laranjal do Jari. 2017. [56 f.]. Dissertação( Programa de Pós-Graduação em Educação Agrícola) - Instituto de Agronomia, Universidade Federal Rural do Rio de Janeiro, [Seropédica-RJ] ."
"Pordeus, Angélica Gadelha",Não informado pela instituição,Não informado pela instituição,Não informado pela instituição,Não informado pela instituição,Não informado pela instituição,A importância do programa nacional de assistência estudantil para a permanência e o êxito acadêmico de estudantes cotistas no Instituto Federal de Educação da Paraíba,2019,Universidade Federal da Paraíba (UFPB),UFPB,Não informado pela instituição,Não informado pela instituição,Não informado pela instituição,Não informado pela instituição,openAccess,masterThesis,Assistência estudantil||PNAES||Sistema de cotas||Student assistance||Quota syste||CNPQ::CIENCIAS HUMANAS::EDUCACAO,Não informado pela instituição,por,"The present work has as its theme the Student Assistance Policy and the Quota System within the scope of the Federal Institute of Education of Paraíba - IFPB. The general objective was to analyze the importance of the National Program of Student Assistance - PNAES, implemented in the IFPB through the Student Assistance Policy, for the permanence and academic success of the student by quotas, with a view to the realization of rights. The intention was to make an analysis about the changes in performance, with an evaluation of its execution and relevant from the access to the speech, recording their expectations and provoking a critical debate about the conduct of such actions in the Institution. The delimitation of the course begins a historical part with the objective of carrying out a historical study on the evolution of the period 2003-2010, focusing on the PNAES. The Federal School of Vocational Education and the Policies of Quotas and Student Assistance, implemented and executed in the IFPB. The evaluation of the study in the survey method, the method in the historical performance, using the exploratory study, on the method, based on historical method. The field research was applied to the Bachelor of Electrical Engineering and the Degree in Chemistry of the IFPB, Campus João Pessoa, on the policy of student education and the system of admission by quotas. A questionnaire was used for the execution of data, which expressed ideas, needs and suggestions to improve and complement an existing policy. The results of this test were therefore necessary to identify the needs of the students that are directed to the relevant sectors, as well as, will be sent to the Rectory of Student Affairs (PRAE) of the IFP. . In the presented scenario, the importance of strengthening actions in attempts to attenuate as social unfoldings with a social, human, educational and cultural vision of the country stands out.",https://repositorio.ufpb.br/jspui/handle/123456789/19094,Não informado pela instituição,Não informado pela instituição,Não informado pela instituição
"Silva, Josiane",http://lattes.cnpq.br/4138770108617713,"Nogueira, Renato||Não informado pela instituição",-||Não informado pela instituição,"Santos Junior, Renato Nogueira dos||Siss, Ahyas||Pereira, Amauri Mendes||Santos, Adilson Pereira dos||Vieira, José Jairo",-||http://lattes.cnpq.br/1745461007466177||http://lattes.cnpq.br/2005836026921987||http://lattes.cnpq.br/8540887895255246||http://lattes.cnpq.br/7504208613924588,"Josiane. “Para além do acesso, Preciso permanecer na universidade!”: Trajetória e estratégias dos cotistas negros na Universidade Federal de Juiz de Fora/MG",2022,Universidade Federal Rural do Rio de Janeiro (UFRRJ),UFRRJ,Brasil,Instituto de Educação||Instituto Multidisciplinar de Nova Iguaçu,"Programa de Pós-Graduação em Educação, Contextos Contemporâneos e Demandas Populares",Educação,openAccess,doctoralThesis,Cotas||Ensino superior||Negros||Permanência||Affirmative Actions||Quotas||Higher Education||Blacks||Permanence,Não informado pela instituição,por,"O presente texto de defesa tem como objetivo apresentar os resultados da pesquisa, desenvolvida no âmbito do Doutorado, que teve como objetivo investigar os diferentes desafios enfrentados por alunos cotistas negros, e suas estratégias de vivências/resistências em relação à permanência em uma universidade pública. O texto teve como lócus a Universidade Federal de Juiz de Fora (UFJF), Campus Juiz de Fora, como coparticipantes graduandos e graduados dos presenciais do referido Campus, que ingressaram considerando o recorte temporal 2008- 2018. Com relação aos procedimentos metodológicos, a pesquisa realizou questionário on-line e entrevistas na pespectiva de encontros narrativos (Silva, 2022) para analisar, sob a ótica dos universitários, as vivências individuais e experiências coletivas sobre o permanecer na universidade. A abordagem teórico-metodológica pautou-se no materialismo histórico dialético, para refletir como operam as políticas públicas em meio a contradições e desigualdades historicamente construídas e reforçadas. O método quali-quantitativo apresentou-se para conduzir os instrumentos de pesquisa aplicados e as análises decorrentes. Os dados levantados e as análises propiciadas fornecem fatores para afirmar que, embora as lutas de intelectuais e movimento negros tenham surtido efeito, dando corpo à formulação de políticas públicas e ações afirmativas, muito ainda precisa ser realizado a fim de garantir o aperfeiçoamento da Lei n.o 12.711/2012 – que apresenta, na verdade, uma subcota –, considerando critérios raciais, garantindo uma permanência qualificada das pessoas negras no ensino superior, conferindo, de fato, experiências de integração ao meio acadêmico.",https://rima.ufrrj.br/jspui/handle/20.500.14407/20171,Não informado pela instituição,Não informado pela instituição,"SILVA, Josiane. “Para além do acesso, Preciso permanecer na universidade!”: Trajetória e estratégias dos cotistas negros na Universidade Federal de Juiz de Fora/MG. 2022. 355 f. Tese (Doutorado em Educação, Contextos Contemporâneos e Demandas Populares) - Instituto de Educação/Instituto Multidisciplinar, Universidade Federal Rural do Rio de Janeiro, Seropédica/Nova Iguaçu, 2022."
"Matos, Naiara Roberta Vicente de",http://buscatextual.cnpq.br/buscatextual/visualizacv.do?id=K4363616D5,"Sawaia, Bader Burihan||Não informado pela instituição",Não informado pela instituição,Não informado pela instituição,Não informado pela instituição,Emprego apoiado: uma análise psicossocial da inclusão da pessoa com deficiência no mercado de trabalho,2013,Pontifícia Universidade Católica de São Paulo (PUC-SP),PUC_SP,BR,Faculdade de Ciências Humanas e da Saúde,Programa de Estudos Pós-Graduados em Psicologia: Psicologia Social,CNPQ::CIENCIAS HUMANAS::PSICOLOGIA::PSICOLOGIA SOCIAL,openAccess,masterThesis,Emprego apoiado||Lei de cotas||Inclusão no trabalho||Deficiência intelectual||Reconhecimento perverso||Sofrimento ético-político,Supported employment||Cotes law||Work inclusion||Intellectual deficiency||Perverse recognition||Ethical- political suffering,por,"This research aims to analyze, based on the Social Historical Psychology, the subjective dimension of the dialectic process concern on inclusion/exclusion at work (with and without support) from people with intellectual deficiency as a way to reflect about professional education and supported work proposal. It is about to locate how the people with deficiency are situated historically, trying to understand which are the mediations and comprehend how is subjective lived the Cotes Law in the life of those people, and how this law work to orient the formation practices and job preparation that are offer to them. To do that, we will use the concepts of ethical-politic suffering, sense and meaning, social stigma, identity and preconception to analyze the living of looking for a job, and to became a worker with proper job preparation according to the conditions offers in the Cote, having as a background the social-historical condition unfavorable to inclusion to those people and the preparation project to the work that is given to them. The investigation method is based on Vygotsky s work that consider action, work and affect as in dissociable units of subjectivity, with the support of Spinoza philosophy and Marx s theory of society. The results pointed out a lag between juridical and social recognize, through the absence of social stigma, by preconception, by identity models presupposed, abandon and loneness, social conditions lived with sad felling, such as fear, humiliation, angry compromising the action potency of those people. The sense of work is ambiguous: it is only way to get self-esteem and recognition, (moreover than acquire deeds), however it is also fountain of sad passions, especially the constant fear of making a mistake, which will cost their job. It clams for work preparation and affective support, which those people encounter in their labor professor that accomplish them for a while, and to whom they send letters, expressing their feelings and needs. It is pointed out the importance of ―supported employment‖, where the professional act as a mediator to the effective of cotes law, at the development of abilities and as a affective reference",https://tede2.pucsp.br/handle/handle/17013,Não informado pela instituição,Não informado pela instituição,"Matos, Naiara Roberta Vicente de. Emprego apoiado: uma análise psicossocial da inclusão da pessoa com deficiência no mercado de trabalho. 2013. 116 f. Dissertação (Mestrado em Psicologia) - Pontifícia Universidade Católica de São Paulo, São Paulo, 2013."
"Silva, Naiaranize Pinheiro da",Não informado pela instituição,"Ferreira, Rosilda Arruda||Não informado pela instituição",Não informado pela instituição,"Santos, Patrícia Lessa||Benevides, Silvio Cesar Oliveira||Vasconcelos, Edith Luzia de Almeida||Silva Filho, Penildon||Não informado pela instituição||Não informado pela instituição||Não informado pela instituição||Não informado pela instituição",Não informado pela instituição,Juventude e escola: a constituição dos sujeitos de direito no contexto das Políticas de Ações Afirmativas,2016,Universidade Federal da Bahia (UFBA),UFBA,brasil,Não informado pela instituição,Programa de Pós-Graduação em Educação,Educação,openAccess,doctoralThesis,"Programa de Ação Afirmativa||Juventude||Educação profissional||Instituto Federal de Educação, Ciência e Tecnologia da Bahia||Affirmative Action Program||Youth||Vocational education",Não informado pela instituição,por,"O debate sobre as ações afirmativas na educação tem muitos aspectos a serem explorados. Em uma sociedade caracterizada por um tipo de racismo que se camufla no mito da existência de uma democracia racial, discutir sobre cotas raciais na educação é penetrar em um terreno cheio de polêmicas e contradições. De outro lado, os estudos sobre juventude têm enfatizado a existência de muitas juventudes tendo em vista que as desigualdades, tanto as sociais como as étnico-raciais produzem diferentes modelos do que é ser jovem, não apenas no Brasil, mas em todo o mundo. Neste sentido, nosso objetivo com este estudo é estabelecer algumas relações entre juventude, ações afirmativas e educação detro do espaço escolar, elegendo como campo de observação os estudantes do Ensino Médio do IFBA, campus Salvador. Deste modo, iniciamos o estudo pela busca de compreender a própria educação profissional vigente na rede federal, a qual nos primeiros anos do século XXI viveu um intenso processo de transformações e crescimento. É este o contexto de implantação das ações afirmativas, implicando não apenas na ampliação da oferta, como também no ingresso de estudantes de variados grupos sociais, promovendo de certo modo uma maior democratização do acesso. A ampliação do acesso não se dá, entretanto, sem que esses “novos estudantes” passem a demandar um maior cuidado e atendimento ao que se faz na ampliação da Política de Assistência Estudantil dentro dos institutos e não apenas para o Ensino Superior como antes ocorria. Essas políticas voltadas à inclusão de grupos historicamente alijados da educação pública através da rede federal provocam novas reflexões sobre currículo, respeito à diversidade e sobre diversos aspectos que envolvem a permanência dos estudantes na escola. Assim, através da Análise do Discurso de orientação francesa, tomamos o discurso dos estudantes nos voltamos à reflexão sobre a adoção da Política de Ações afirmativas, tendo como foco os sentidos dados por esses jovens sujeitos ao direito à educação e como ele se configura na compreensão dos mesmos. Nesta análise se evidencia a permanência de sentidos já existentes em nossa sociedade manifestos em dicotomias identificadas no debate sociológico, como a dualidade raça/classe e exigência de melhoria da qualidade da escola pública.",http://repositorio.ufba.br/ri/handle/ri/19333,Não informado pela instituição,Não informado pela instituição,Não informado pela instituição
"Oliveira, José Alcir Barros de",http://lattes.cnpq.br/5171080028919210,"Naiff, Denis Giovani Monteiro||Não informado pela instituição",http://lattes.cnpq.br/7130312932739910||Não informado pela instituição,"Monteiro, Rosa Cristina||Oliveira, Ivone Adelina de||Não informado pela instituição||Não informado pela instituição||Não informado pela instituição",Não informado pela instituição,As representações sociais de estudantes e egressos do Curso Técnico em Agropecuária do Instituto Federal do Sudeste de Minas Gerais - Campus Barbacena sobre o mercado de trabalho agropecuário,2011,Universidade Federal Rural do Rio de Janeiro (UFRRJ),UFRRJ,Brasil,Instituto de Agronomia,Programa de Pós-Graduação em Educação Agrícola,Educação,openAccess,masterThesis,Representações Sociais||Egressos||Educação Profissional Rural||Desenvolvimento Rural Sustentável,Social Representations||Former Students||Rural Professional Education||Maintainable Rural Development,por,"Este estudo tem por objetivo analisar as representações sociais de alunos e egressos do curso técnico em agropecuária, do Instituto Federal Sudeste de Minas, Campus de Barbacena, sobre o mercado de trabalho agropecuário, bem como identificar seus principais problemas e potenciais durante a vida acadêmica e depois de formados, já inseridos no mundo do trabalho. Tem-se observado, nos últimos anos, no referido curso, um baixo percentual de atuação profissional dos jovens egressos no mundo do trabalho rural em contraposição a uma realidade sócio-econômica regional em que a escola está inserida, que é, predominantemente, de agricultura familiar. Partindo da temática “mercado de trabalho agropecuário”, foi utilizada, como suporte teórico desta pesquisa, a Teoria das Representações Sociais, de Serge Moscovici. Realizou-se um levantamento com aplicação de questionários estruturados, semiestruturados e um teste de evocação livre em uma amostra de 39 % dos alunos nas três séries do curso técnico em agropecuária e outra amostra de 89 % dos egressos do ano de 2009 do mesmo curso, já inseridos no mundo do trabalho. Os dados da pesquisa foram discutidos baseados na bibliografia estudada, apontando as representações sociais de estudantes e egressos do IF - Campus Barbacena acerca do mercado de trabalho agropecuário. O resultado da pesquisa auxilia no entendimento de questões relacionadas ao reduzido número de egressos com atuação no mercado de trabalho agropecuário, principalmente a atuação profissional na agricultura familiar, sendo importante instrumento para a reestruturação pedagógica e adequação do curso à realidade rural regional, fazendo jus às políticas públicas de apoio à juventude rural.",https://rima.ufrrj.br/jspui/handle/20.500.14407/12161,Não informado pela instituição,Não informado pela instituição,"OLIVEIRA, José Alcir Barros de. As representações sociais de estudantes e egressos do Curso Técnico em Agropecuária do Instituto Federal do Sudeste de Minas Gerais - Campus Barbacena sobre o mercado de trabalho agropecuário. 2011. 103 f. Dissertação (Mestrado Educação Agrícola) - Instituto de Agronomia, Universidade Federal Rural do Rio de Janeiro, Seropédica, 2011."
"Morais, Graciele Rocha",http://lattes.cnpq.br/7064261921305316,"Peixoto, Ana Cláudia de Azevedo||Não informado pela instituição",Não informado pela instituição,"Peixoto, Ana Cláudia de Azevedo||Rocinholi, Luciene de Fátima||Souza, Marco Antônio Ferreira de||Silva, Willerson Custódio da||Não informado pela instituição",Não informado pela instituição,Avaliação da assistência estudantil e a permanência de estudantes cotistas raciais do ensino técnico integrado do Instituto Federal de Minas Gerais - campus Governador Valadares,2023,Universidade Federal Rural do Rio de Janeiro (UFRRJ),UFRRJ,Brasil,Instituto de Agronomia,Programa de Pós-Graduação em Educação Agrícola,Educação,openAccess,masterThesis,Assistência estudantil||Cotas raciais||Permanência escolar||Ensino técnico,Student assistance||Racial quotas||School permanence||Technical education.,por,"Estudos que avaliam o impacto da assistência estudantil na garantia da permanência dos estudantes são importantes, uma vez que demonstram a efetividade da política. Quando essa análise é feita tendo como público específico os estudantes cotistas raciais, torna-se ainda mais relevante, pois esses estudantes, na sua trajetória de vida, sofrem com os efeitos do racismo, que muitas vezes os impedem de ascender socialmente e de ocupar espaços socialmente valorizados, majoritariamente ocupados por pessoas brancas. A pesquisa teve como objetivo compreender o impacto que a assistência estudantil exerce na permanência e formação educacional dos estudantes cotistas raciais no Instituto Federal de Minas Gerais (IFMG), Campus Governador Valadares. Teve como público alvo os estudantes cotistas raciais dos segundos e terceiros anos do ensino médio técnico integrado. Tratou-se de uma pesquisa qualitativa e de caráter exploratória, cujos instrumentos de coleta de dados foram análise documental, questionário e entrevista. Este estudo evidenciou que, além de garantir o ingresso do estudante negro na instituição de ensino, também é necessário garantir a ele a possibilidade de permanecer na instituição até a conclusão do seu curso. Os dados apresentados na dissertação demonstram que a assistência estudantil auxilia nesse processo.",https://rima.ufrrj.br/jspui/handle/20.500.14407/12875,Não informado pela instituição,Não informado pela instituição,"MORAIS, Graciele Rocha. Avaliação da assistência estudantil e a permanência de estudantes cotistas raciais do ensino técnico integrado do Instituto Federal de Minas Gerais - campus Governador Valadares. 2023. 85 f. Dissertação (Mestrado em Educação Agrícola) - Instituto de Agronomia, Universidade Federal Rural do Rio de Janeiro, Seropédica, RJ, 2023."
"Damasceno, Kely Meiry",http://lattes.cnpq.br/0442182424134034,"Soares, Ana Maria Dantas||Não informado pela instituição",http://lattes.cnpq.br/3776117532043539||Não informado pela instituição,"Soares, Ana Maria Dantas||Cupolillo, Amparo Villa||Cordeiro, Fabiana||Não informado pela instituição||Não informado pela instituição",http://lattes.cnpq.br/3776117532043539||http://lattes.cnpq.br/5482837394103537||http://lattes.cnpq.br/7302341559618631||Não informado pela instituição||Não informado pela instituição,Contribuição do programa de assistência estudantil para estudantes ingressantes por meio de ações afirmativas para o curso de nível Técnico Integrado em Agropecuária do Instituto Federal de Minas Gerais – Campus São João Evangelista.,2019,Universidade Federal Rural do Rio de Janeiro (UFRRJ),UFRRJ,Brasil,Instituto de Agronomia,Programa de Pós-Graduação em Educação Agrícola,Educação,openAccess,masterThesis,Ensino Médio-Técnico||cotas||permanência||evasão||quotas||permanence||school truancy||National Student Assistance Program,High School,por,"O presente trabalho teve como objetivo principal analisar as contribuições do Programa de Assistência Estudantil (PAE) para permanência dos estudantes do Curso Técnico Integrado em Agropecuária do IFMG-SJE, considerando as turmas que ingressaram nos anos de 2013 e 2014, por ações afirmativas, no referido curso. Como objetivos específicos, buscou-se determinar o índice de permanência no período regular (3 anos) dos estudantes ingressantes por meio do Programa de Ações Afirmativas – PAA, no período analisado; comparar o índice de permanência no período regular (3 anos) dos estudantes que ingressaram nos anos de 2013 e 2014, por meio do PAA com e sem apoio do PAE; identificar as contribuições de PAA e de PAA mais PAE na taxa de sucesso dos egressos do curso, provenientes daquelas turmas que o concluíram em 2015 e 2016, respectivamente. Optou-se por uma abordagem de pesquisa qualitativa para contemplar a análise e identificação das contribuições do PAE para permanência dos estudantes no período delimitado. Foram utilizados diferentes instrumentos de pesquisa que permitiram, após a análise dos dados coletados, dentre as várias reflexões suscitadas, reafirmar a importância do Programa de Assistência Estudantil para a permanência dos estudantes ingressantes por ações afirmativas, embora elas não sejam as únicas responsáveis, indicando a necessidade de novas pesquisas que possam apontar outras ações a serem desenvolvidas para assegurar maior sucesso na formação dos estudantes.",https://rima.ufrrj.br/jspui/handle/20.500.14407/12706,Não informado pela instituição,Não informado pela instituição,"DAMASCENO, Kely Meiry Contribuição do Programa de Assistência Estudantil para estudantes ingressantes por meio de ações afirmativas para o curso de nível Técnico Integrado em Agropecuária do Instituto Federal de Minas Gerais – Campus São João Evangelista. 2019. 68f. Dissertação (Mestrado em Educação Agrícola). Instituto de Agronomia, Universidade Federal Rural do Rio de Janeiro, Seropédica, RJ. 2019."
"Trindade, Arlene Vieira",Não informado pela instituição,Não informado pela instituição,Não informado pela instituição,Não informado pela instituição,Não informado pela instituição,A Permanência estudantil: Uma análise da primeira turma de ensino médio integrado e a política de assistência estudantil no Cefet/RJ- campus Maria da Graça,2019,Universidade Federal Fluminense (UFF),UFF,Não informado pela instituição,Não informado pela instituição,Não informado pela instituição,Não informado pela instituição,openAccess,masterThesis,Educação profissional||Ensino Médio Integrado||Assistência estudantil||Educação e trabalho||Serviço Social e desenvolvimento regional||Professional education||Integrated high school||Student assistance||Education and work,Não informado pela instituição,por,"Esta dissertação tem como objetivo investigar a permanência escolar dos estudantes da Educação Profissional Técnica de Nível Médio (EPTNM) na forma integrada ao ensino médio e suas relações com a Política de Assistência Estudantil, tendo como estudo de caso o Centro Federal de Educação Tecnológica Celso Suckow da Fonseca (Cefet/RJ) - campus Maria da Graça. Estabelecemos como recorte temporal o período compreendido entre 2014 e 2017. O período demarca o início e a conclusão da primeira turma de educação profissional de nível médio no campus (curso com duração de quatro anos) e reflete o contexto de expansão da rede federal de educação profissional e tecnológica e da implementação do Programa Nacional de Assistência Estudantil (PNAES). O texto se estrutura em quatro capítulos. No primeiro capítulo, nos debruçamos sobre o contexto social e econômico para o desenvolvimento da educação profissional e tecnológica no Brasil. No segundo capítulo, tratamos do lugar do Cefet/RJ na expansão da rede federal e a constituição do ensino médio integrado na instituição, a partir do Decreto n. 5154/04. Buscamos saber também quem são os estudantes que acessam a educação profissional técnica de nível médio, na forma integrada, com recorte específico, no Cefet/RJ - campus Maria da Graça, no marco da Lei n. 12.711, de 29 de agosto de 2012, conhecida como lei de cotas. No terceiro capítulo, analisamos a política de assistência estudantil instituída no Cefet/RJ. Para isso foi preciso compreender a lógica de transferência de renda e/ou repasse financeiro presente nas políticas públicas no neoliberalismo e, por isso, também, no Programa Nacional de Assistência Estudantil (PNAES). O debate sobre o fundo público e a lógica da monetarização e financeirização das políticas públicas foi imprescindível nesse momento. No quarto capítulo, analisamos os dados sobre a permanência da primeira turma de ensino médio Integrado do campus Maria da Graça. A partir das trajetórias diferenciadas construímos, para fins de análise nessa discussão, cinco categorias: permanência efetiva, permanência consentida, permanência preterida, evasão compulsória e evasão constrangida. Os resultados da pesquisa mostram que, nesse caso específico, tanto as mudanças nas formas de acesso quanto os dispositivos de auxílio aos estudantes foram imprescindíveis para a ampliação do acesso e para a permanência dos estudantes no ensino médio integrado. No entanto, não foram capazes, por si sós, de romper com a desigualdade social que se reproduz na escola que privilegia grupos de estudantes oriundos da rede privada de ensino, brancos e com renda mais elevada. O estudo demonstra também que, embora os programas e ações de transferência de renda sejam muito importantes para a promoção da permanência escolar, principalmente, dos estudantes de baixa condição socioeconômica, essa é apenas uma das estratégias para garantir a permanência estudantil e expressa a necessidade de se repensar o tipo de política de assistência estudantil que vem sendo promovida no contexto da política social brasileira atual.",https://app.uff.br/riuff/handle/1/10884||Aluno de Mestrado,Não informado pela instituição,Não informado pela instituição,Não informado pela instituição
"Pereira, Paulo Sergio",http://lattes.cnpq.br/6033053163022501,"Souza, Nádia Maria Pereira de||Não informado pela instituição",Não informado pela instituição,"Souza, Nádia Maria Pereira de||Paiva, Liz Denize Carvalho||Barbosa, Jane Rangel Alves||Não informado pela instituição||Não informado pela instituição",Não informado pela instituição,A trajetória acadêmica no ensino superior de estudantes cotistas do Instituto Federal De Minas Gerais - Campus São João Evangelista – MG,2019,Universidade Federal Rural do Rio de Janeiro (UFRRJ),UFRRJ,Brasil,Instituto de Agronomia,Programa de Pós-Graduação em Educação Agrícola,Educação,openAccess,masterThesis,Egressos||Lei de Cotas nas Universidades||Ação afirmativa||Instituto Federal||Trajetória acadêmica,Graduates||University Quota Law||Affirmative Action||Federal Institute||Academic trajectory,por,"Esta pesquisa foi realizada no Instituto Federal de Minas Gerais Campus São João Evangelista (IFMG-SJE) com o objetivo de analisar a trajetória dos egressos cotistas do curso de Bacharelado em Agronomia do IFMG/SJE ingressantes por meio da Lei n° 12.711 de 2012 (BRASIL, 2012). O estudo teve ainda como propósitos, a caracterização do perfil dos estudantes, a descrição da trajetória de formação e do desempenho acadêmico, além das expectativas de inserção no mundo do trabalho destes egressos. O período delimitado foi de 2013 até o primeiro semestre de 2018, sendo a população composta por 40 ingressos e 13 concluintes. A pesquisa de natureza qualitativa utilizou técnicas de coletas de dados em distintos referenciais bibliográficos e documentais, como: Leis, Decretos-Leis, Resoluções, editais e documentos do registro escolar dos alunos nos setores da instituição de ensino. O estudo fez uso de um questionário misto de modo a facilitar o levantamento das informações pertinentes ao objetivo da pesquisa. Após a descrição, análise, interpretação e discussão dos dados, conclui-se que os discentes cotistas que fizeram parte deste estudo, demonstraram superação frente às adversidades, apresentando um bom desempenho no curso.",https://rima.ufrrj.br/jspui/handle/20.500.14407/12674,Não informado pela instituição,Não informado pela instituição,"PEREIRA, Paulo Sergio. A trajetória acadêmica no ensino superior de estudantes cotistas do Instituto Federal de Minas Gerais - Campus São João Evangelista - MG. 2019. 64 f. Dissertação (Mestrado em Educação Agrícola) - Instituto de Agronomia, Universidade Federal Rural do Rio de Janeiro, Seropédica, 2019."
"Franco, Ana Beatriz Momesso",Não informado pela instituição,"Vilaronga, Carla Ariela Rios||Não informado pela instituição",http://lattes.cnpq.br/6536774151778096||Não informado pela instituição,Não informado pela instituição,Não informado pela instituição,O planejamento educacional para alunos público alvo da educação especial do ensino médio integrado,2021,Universidade Federal de São Carlos (UFSCAR),UFSCAR,Não informado pela instituição,Não informado pela instituição,Programa de Pós-Graduação em Educação Especial - PPGEEs,CIENCIAS HUMANAS::EDUCACAO::PLANEJAMENTO E AVALIACAO EDUCACIONAL||CIENCIAS HUMANAS::EDUCACAO::TOPICOS ESPECIFICOS DE EDUCACAO,openAccess,masterThesis,Educação Especial||Planejamento curricular||Educação Profissional Integrada||Ensino Médio||NAPNE,Special Education||Educational Planning||Integrated High School||Federal Institutes,por,"The National Policy on Special Education in the Perspective of Inclusive Education, in 2008, aimed at the school inclusion of Special Education Target Public (PAEE) students in regular education systems, however, the peak of notoriety about inclusion was given with the publication of the Brazilian Inclusion Law (LBI) in 2015, which reinforces LDB 9394/96 in relation to access and permanence of students with disabilities at all levels of education, with this there was an increase in the number of students with disabilities in all stages of basic education, losing strength when reaching high school. With Law nº 12.711 / 2012, known as the Quotas Law and Law nº 13.409 / 2016, which guarantees the reservation of places for people with disabilities in the technical courses of secondary and higher education at federal educational institutions, this percentage regarding the number of enrollments of PAEE students increased considerably, including access to these students in high school, which made it necessary to think of actions that would contribute to the creation of favorable conditions in the teaching and learning process, as well as their permanence in institutions. In this sense, the present study has the general objective of describing and analyzing the teaching planning for Integrated High School PAEE students in a campus of the Federal Institute of Education, Science and Technology of the State of São Paulo (IFSP) and brings as specific objectives: a) identify the bases and partnerships that occur in the planning for these students, b) analyze the existence of individualized planning and which subjects participated in this process and c) evaluate the advances and challenges experienced by the teachers in the common room at the time of planning the education. The research has as a method the qualitative research with a focus on case study, for that it used concepts from the literature about special education in the perspective of inclusive education, professional and technological education and discussions regarding the planning for student PAEE. The data were collected from semi-structured interviews with nine participants, being the NAPNE coordinator and teachers who teach classes to PAEE students; these interviews were interpreted and related to theories that deal with special education from an inclusive perspective and planning, as well as information from the participants in this research. This study was submitted to and approved by the ethics committee of the Federal University of São Carlos (UFSCar) according to opinion nº 3.539.016. This research had its results discussed according to three categories of analysis: The context of the campus and the Support Center for People with Specific Educational Needs (NAPNE); teaching planning strategies and the role of foundations and partnerships in planning, PAEE students who need accessibility. As a result, it was observed that there are signs of planning for PAEE students on the researched campus in Integrated High School, but the same occurs discontinuously and without much support, even so, there were positive aspects of this planning as the various discussions between teachers and the NAPNE and the efforts to carry out a planning that serves everyone and not just PAEE students. In general, this research showed the importance of the partnership between the special educator and the regular classroom teacher, in order to be a guiding proposal for new critical reflections in favor of the education of everyone involved in the general context of education.",https://repositorio.ufscar.br/handle/20.500.14289/15668,Não informado pela instituição,Não informado pela instituição,"FRANCO, Ana Beatriz Momesso. O planejamento educacional para alunos público alvo da educação especial do ensino médio integrado. 2021. Dissertação (Mestrado em Educação Especial) – Universidade Federal de São Carlos, São Carlos, 2021. Disponível em: https://repositorio.ufscar.br/handle/20.500.14289/15668."
"Monteiro, Aline Hygino Carvalho",http://lattes.cnpq.br/7080696681106008,"Pletsch, Márcia Denise||Não informado pela instituição",http://lattes.cnpq.br/5622440291569151||Não informado pela instituição,"Braun, Patricia||Souza, Flávia Faissal de||Não informado pela instituição||Não informado pela instituição||Não informado pela instituição",Não informado pela instituição,Inclusão de alunos com necessidades educacionais específicas no IFRJ – Campus Volta Redonda: um estudo de caso das Licenciaturas em Física e em Matemática,2014,Universidade Federal Rural do Rio de Janeiro (UFRRJ),UFRRJ,Brasil,Instituto de Educação||Instituto Multidisciplinar de Nova Iguaçu,"Programa de Pós-Graduação em Educação, Contextos Contemporâneos e Demandas Populares",Educação,openAccess,masterThesis,Políticas de educação especial e inclusão no ensino superior||Educação Profissional||Institutos Federais||formação de professores||necessidades educacionais específicas,Special education policies and inclusion in the graduation courses||Professional Education||Federal Institutes||formation of teachers||specific educational needs.,por,"A presente dissertação analisa a inclusão educacional como política pública na Rede Federal de Educação Profissional, Científica e Tecnológica e seus efeitos na formação de professores, tendo como recorte as Licenciaturas em Física e em Matemática do Campus Volta Redonda (CVR) do Instituto Federal de Educação, Ciência e Tecnologia do Rio de Janeiro (IFRJ). Como objetivos específicos nos propusemos a analisar as concepções de futuros professores, os licenciandos, e servidores sobre a inclusão de educandos com necessidades específicas e refletir sobre o papel do Núcleo de Atendimento às Pessoas com Necessidades Específicas (NAPNE) do CVR/IFRJ, inserido no Programa de Tecnologia, Educação, Cidadania e Profissionalização para Pessoas com Necessidades Específicas (TEC NEP), ação desenvolvida pelo Ministério da Educação (MEC). As bases teóricas, sob a ótica da teoria histórico-cultural, partiram do reconhecimento de que a produção de saberes no âmbito educacional representa um desafio aos grupos negligenciados ao longo da história e que a implantação e o alcance de projetos governamentais que possibilitem o desenvolvimento humano são significativos para a melhoria da qualidade de vida e o desenvolvimento da nação. A amplitude do assunto e a existência de grande leque de oportunidades de estudos, a partir da contextualização dos Institutos Federais como estruturas recém-criadas e seus NAPNEs são de relevância científica face aos significativos impactos sociais. Como caminho metodológico, adotou-se o estudo de caso com abordagem qualitativa. Como instrumentos para coleta de dados utilizamos registros escritos e imagéticos de observação participante e entrevistas semiestruturadas com doze participantes (professores, licenciandos e membros do NAPNE/CVR/IFRJ). Os resultados da pesquisa revelaram o potencial dos NAPNEs para se desenvolverem como uma rede de inclusão, porém, ainda carecem de um plano de capacitação; apontaram a necessidade do reconhecimento da afetividade e da intelectualidade como conceitos indissociáveis para o desenvolvimento humano e a formação de professores em uma perspectiva inclusiva pressupõe o rompimento com tabus que reforçam (pre)conceitos de que pessoas com necessidades específicas não possam ser professores. Compreendemos os grupos de pesquisa, na perspectiva histórico-cultural de Vygotsky, no que tange ao favorecimento da interação com indivíduos mais capazes em determinadas atividades para o alcance a níveis superiores de desenvolvimento. Com base nessas reflexões, compreendemos o licenciando com necessidade específica, enquanto sujeito de sua história, também como um mediador, com a sua presença e interação com a comunidade acadêmica, para que a inclusão em educação supere a inserção social e se comprometa com o processo de ensino-aprendizagem, contribuindo para um novo olhar para a formação de professores inclusivos e reflexivos",https://rima.ufrrj.br/jspui/handle/20.500.14407/13224,Não informado pela instituição,Não informado pela instituição,"Monteiro, Aline Hygino Carvalho. Inclusão de alunos com necessidades educacionais específicas no IFRJ – Campus Volta Redonda: um estudo de caso das Licenciaturas em Física e em Matemática. 2014. [183 f.]. Dissertação( Programa de Pós-Graduação em Educação, Contextos Contemporâneos e Demandas Populares) - Universidade Federal Rural do Rio de Janeiro, [Seropédica-RJ] ."
"Rocha, Elane",Não informado pela instituição,Não informado pela instituição,Não informado pela instituição,Não informado pela instituição,Não informado pela instituição,A Expansão da Educação Superior Federal em Uberlândia: tendências político-culturais (2003 - 2014),2018,Universidade Federal de Uberlândia (UFU),UFU,Não informado pela instituição,Não informado pela instituição,Não informado pela instituição,Não informado pela instituição,embargoedAccess,doctoralThesis,Expansão da Educação Superior Federal||Acesso||Permanência||Certificação||Inclusão||Expansion de l’éducation supérieure fédérale;||Accès||Permanence||Certification||Démocratisation||Inclusion||CNPQ::CIENCIAS HUMANAS::EDUCACAO,Não informado pela instituição,por,"La présente étude a été insérée dans la ligne de recherche- État, Politiques et Gestion de l'éducation du PPGED/UFU. Elle a enquêté l'expansion de l'enseignement supérieur fédéral à Uberlândia, dans le cadre des tendances politico-culturelles, qui a inclus une partie de la législation et les programmes, ""Université: élargir jusqu'à ce qu'il soit dans la taille du Brésil"" (2005), REUNI, Décret n. 6.096 (2007), Lignes directrices pour le processus d'intégration des ETFs (École Technique Fédérale) avec des EAFs (École Fédérale d'agriculture), Décret n. 6.095/2007 et Loi n. 11.892/2008 qui a institué le réseau fédéral d’éducation professionnelle scientifique et technologique, en plus des recommandations des organismes internationaux. Ces tendances ont encouragé la création d’institutions et l’élargissement des places, des cours et des campis. En ce sens, l’objectif général et/ou de la question centrale de cette recherche a voulu comprendre comment s’est configuré l’expansion de cette éducation au Brésil et comment cette réforme s’est concrétisée dans la ville susmentionnée. À cet effet, nous avons recherché ces questions dans les chapitres 2 à 6, qui ont eu pour but : a) d’analyser les fonctions sociales que les évaluations exercent en excluant une partie des élèves issus des classes populaires; rechercher les principaux apports théoriques et méthodologiques de Bourdieu, en soulignant ses contributions à réfléchir sur les ruptures, les continuités et les ambivalences de l’exclusion dans l’enseignement supérieur des élèves issus des classes populaires, surtout des étudiants qui effectuent une activité rémunérée; les rapports de cette exclusion avec la conservation sociale dans la contemporanéité; l’action du système éducatif dans la reproduction du système politique et culturel; et les rapports entre violence symbolique, capital culturel et exclusion scolaire et sociale. b) Étudier les principes de la réforme administrative de l’État (1995) et de la réforme de l’éducation, intervenue à partir de 2003, et leurs relations avec le nouveau projet federal d’enseignement supérieur. c) rechercher une partie des tendances politico-culturelles qui ont stimulé l’expansion de l’enseignement supérieur fédéral au Brésil, sous l’égide de la nécessaire inclusion sociale et démocratisation de l’accès à ce niveau d’enseignement. d) Présenter un panorama de l’expansion de l’enseignement supérieur fédéral au Brésil au cours de la période 2003-2014, en nous référençant dans la diffusion des actions des programmes de création d’institutions, d’extension de postes, de cours et de campi. e) Étudier la matérialisation de cette réforme en vue de l’expansion de l’enseignement supérieur fédéral à Uberlândia, après les trois cycles expansionnistes, dans le contexte des programmes des gouvernements sociaux-libéraux (2003-2014), et d’analyser comment s’est concrétisé les catégories défendues par les programmes (accès, permanence et certification des élèves), afin de caractériser le profil des apprenants des cours les plus étendus, l’importance sociale et professionnelle de ces cours, ainsi que l’hypothèse d’un changement possible de la culture institutionnelle des institutions locales après la matérialisation de ces programmes. Ainsi, l’aboutissement du travail de terrain lié au référentiel théorique a montré que l’expansion de l’éducation supérieure fédérale au Brésil, 2003-2014, a obtenu un impact sans précédent sur notre histoire, totalisant 63 universités et 321 campi. Pour sa part, le réseau fédéral d’éducation professionnelle scientifique et technologique a été constitué après la promulgation de la loi n. 11.892/2008 par les 38 Instituts fédéraux et l’Université technologique fédérale du Paraná (UTFPR); les centres fédéraux d’éducation technologique Celso Suckow da Fonseca (CEFET-RJ) et CEFET de Minas Gerais, le collège Pedro II et les 25 écoles techniques liées aux universités fédérales. Cela sans tenir compte des campi des instituts, qui ont ajouté 562 unités de ce port à la fin de 2014 qui ont également été étendus par les microrégions et l’Uberlandia a été récompensé par l’inauguration du campus IFTM – Centre en 2010. Il a également signalé que les principes principaux des programmes, à savoir mettre en œuvre la démocratisation de l’accès et l’inclusion sociale, afin d’atteindre un plus grand nombre d’étudiants de 18 à 24 ans (âge productif); offrir un accès à l’enseignement supérieur aux élèves à faible revenu, issus des écoles publiques et afro-descendants; fournir des quotas pour assurer l’entrée et atteindre la formation de l’élève travailleur, en élargissant les cours et les places de nuit, ont été partiellement atteints dans notre localité, puisque sur les 134 entrants (entre 2013 et 2014) plus de 32% (44 étudiants) ont déclaré avoir une certaine activité rémunérée et plus de 61% des élèves se sont insérés dans l’enseignement supérieur fédéral entre 18 et 24 ans (83 de 134 entrées), dans les trois cours analysés – Ingénierie agronomique (2013/1), IFTM, Campus Uberlândia Rural; Systèmes d’information, 2013/2, UFU, Campus Santa Mônica; et Technologie en marketing, 2014/2, IFTM, Campus Centre. Sur les 134 nouveaux arrivants, seuls 36 étaient issus d’écoles privées, 71 sont entrés par l’intermédiaire des quotas (L1, L2, L3, L4), un étudiant a obtenu un diplôme de handicapé et un autre un diplôme d’enseignement supérieu. Les autres sont entrés par l’intermédiaire de l’AC (large concurrence). La certification de l’élève travailleur, un des objectifs des programmes, a été compromise, car seules deux étudiantes travailleuses (ayant commencé le cours à 19 et 21 ans) ont réussi à terminer la formation dans le délai standard du cours (deux ans et demi) et considérant que le cours de nuit examiné n’a certifié aucun apprenant dans le délai standard. La pertinence sociale et professionnelle des cours pour la dynamique de la ville a été externalisé dans ses projets pédagogiques, qui ont démontré l’importance de l’encouragement à l’agriculture, la nécessité du dialogue avec l’informatique et la pertinence de réflexions sur le marketing et le marché capitaliste. Concernant la permanence, 54 élèves ont été retenus dans les trois cours de ce montant, 23 apprenants ont présenté la possibilité de le terminer au semestre suivant; 50 se sont évadés; 10 ont transféré à d’autres cours ou institutions; 20 se sont formés (diplômés), ce qui représentait moins de 15% de certification dans le délai standard. Cette problématique a approfondi les problèmes de rétention et d’évasion dans l’enseignement supérieur fédéral local et a dénoncé une importante hypothèse de Bourdieu (1974a;1974b; 1979) et de Bourdieu et Passaron (1964; 1982) concernant la matérialisation du système éducatif, surtout supérieur, dans la reproduction du système politico-culturel, et aux rapports entre violence symbolique, capitale culturelle et exclusion scolaire et sociale. En même temps, il a démontré le caractère ambivalent de cette expansion, en soulignant des avancées politico-culturelles visant à inclure, même de façon minime, dans cette éducation une nouvelle clientèle: handicapé, afro-descendant, travailleurs et plus expressivement les élèves diplômés des écoles publiques, ainsi que le démarrage d'un processus rudimentaire de démocratisation de ce niveau d'enseignement dans cette municipalité.","ROCHA, Elane Luis. A Expansão da Educação Superior Federal em Uberlândia: tendências político-culturais (2003 - 2014). 2018. 248 f. Tese (Doutorado em Educação) - Universidade Federal de Uberlândia, Uberlândia, 2018. DOI http://doi.org/10.14393/ufu.te.2020.52.||https://repositorio.ufu.br/handle/123456789/29184||http://doi.org/10.14393/ufu.te.2020.52",Não informado pela instituição,Não informado pela instituição,Não informado pela instituição
"Santos, Viviane Fernandes",Não informado pela instituição,Não informado pela instituição,Não informado pela instituição,Não informado pela instituição,Não informado pela instituição,Um estudo sobre os conhecimentos de educandos em um curso técnico de edificações,2020,Centro Universitário Braz Cubas (CUB),CUB,Não informado pela instituição,Não informado pela instituição,Não informado pela instituição,Não informado pela instituição,openAccess,masterThesis,ETIM||Grandezas e medidas||Análise de Erros||CNPQ::CIENCIAS EXATAS E DA TERRA,Não informado pela instituição,por,"This work presents a qualitative study based on the researcher's teaching action, developed with 20 students from a class of the 1st year of the Integrated Building Course for High School, in the discipline of Study of Soil and Materials in Civil Construction (ESMCC), aged 14 to 17 years. For this, we conducted a case study that begins with a documentary analysis of the ESMCC discipline program to identify the scientific knowledge related to basic mathematics, necessary for the development of the discipline. Based on the data collected, we developed and applied the evaluation instrument to 20 participants, in order to identify the degree of mastery that these students have in relation to the concepts of Quantities and Measures, related to the calculation of area, volume and conversion of units of measures . These concepts are prerequisites, among others, considered important for the development of the subject in focus. To form our theoretical contribution, we look at the laws and studies on Technical Education Integrated to High School, as well as the guidelines established for its operation in the Building Course Plan. We adopted the proposal by CURY (2018), to analyze errors made by the research participants, in the tasks to be solved. The results of the research show that the participants have a level of mastery below what was expected in their current schooling phase, which interferes with the development of the contents of the technological bases of the discipline. The main errors found are related to the lack of mastery of concepts in quantities and measures, difficulties in the development of multiplication and division operations, and especially in the manipulation with decimal numbers.","SANTOS, V. F. Um estudo sobre os conhecimentos de educandos em um curso técnico de edificações. 2020.133 f. Dissertação (Mestrado em Ensino de Ciências) . São Paulo: Universidade Cruzeiro do Sul, 2020.||https://repositorio.cruzeirodosul.edu.br/handle/123456789/885",Não informado pela instituição,Não informado pela instituição,Não informado pela instituição
"Amaro, Ana Caroline Chaves Manso",http://lattes.cnpq.br/6388259690368502,"Sales, Sandra Regina||Não informado pela instituição",http://lattes.cnpq.br/6700481146248917||Não informado pela instituição,"Sales, Sandra Regina||Pletsch, Márcia Denise||Maciel, Alda Maria Coimbra Aguilar||Não informado pela instituição||Não informado pela instituição",http://lattes.cnpq.br/6700481146248917||http://lattes.cnpq.br/5622440291569151||http://lattes.cnpq.br/6490973350342568||Não informado pela instituição||Não informado pela instituição,Materiais didáticos e formação profissional para jovens e adultos surdos: uma análise baseada na gramática do design visual,2023,Universidade Federal Rural do Rio de Janeiro (UFRRJ),UFRRJ,Brasil,Instituto de Educação||Instituto Multidisciplinar de Nova Iguaçu,"Programa de Pós-Graduação em Educação, Contextos Contemporâneos e Demandas Populares",Educação,openAccess,masterThesis,Educação de Surdos||Inclusão||Ensino Médio Técnico||Deaf Education||Inclusion||Technical High School,Não informado pela instituição,por,"O ingresso de estudantes surdos no Programa de Integração da Educação Profissional com a Educação Básica na Modalidade de Educação de Jovens e Adultos (Proeja) da Rede Federal de Educação Profissional, Científica e Tecnológica do Rio de Janeiro incentivado pela política de cotas, influenciou o uso da Língua Brasileira de Sinais (Libras) nessa rede. Tal inclusão, culminou em desafios político-pedagógicos para a Educação de Jovens e Adultos (EJA), para Educação Profissional Tecnológica (EPT) e para a Educação Bilíngue para Surdos (EBS). A escassez e o formato do material didático vinculado à EJA-EPT para estudantes surdos são parte importante desses desafios. Assim, este estudo tem como objetivo geral analisar as imagens contidas nos materiais didáticos utilizados por discentes surdos no Proeja de nível médio em um Instituto Federal de Educação no estado do Rio de Janeiro e como objetivos específicos a) compreender o cenário educacional e o quantitativo de matrículas em cursos de Proeja e os índices destinados aos estudantes surdos na rede federal do Rio de Janeiro, b) investigar conceitos ligados ao material didático e às estratégias de ensino visando a EJA-EPT de nível médio c) entender sobre a visualidade, a Libras, a linguagem, a pedagogia e o letramento visual e sobre a Gramática do Design Visual, d) identificar como as imagens são utilizadas nos materiais didáticos para estudantes surdos nas disciplinas técnicas em uma instituição federal. A metodologia adotada foi a abordagem qualitativa, a partir de uma pesquisa documental com base nos direcionamentos de Gil (2021), Marconi e Lakatos (2017) e Minayo (2010). Foi utilizado como técnica de investigação um questionário com perguntas semiestruturadas, a professores de um curso do Proeja em uma instituição federal, no qual foram solicitados os materiais pedagógicos utilizados com estudantes surdos entre 2017 e 2021. Após o levantamento e a catalogação dos materiais, selecionamos um jogo e uma videoaula para serem analisados e interpretados com base na Gramática do Design Visual (GDV) desenvolvida por Kress e van Leeuwen (1996). A investigação revelou que as técnicas de leitura de imagem contribuíram para identificar 1) a importância dos destaques na informação principal; 2) a disposição adequada de objetos, pessoas, textos e outras representações necessárias para a compreensão do conteúdo; 3) que as cores não são apenas quesitos estéticos, mas desempenham funções indispensáveis para transmitir intenções e atingir o público-alvo da mensagem; 4) a versão em Libras das informações em português colabora para a acessibilidade linguística e possui um nível elevado de interatividade com o leitor.",https://rima.ufrrj.br/jspui/handle/20.500.14407/18226,Não informado pela instituição,Não informado pela instituição,"AMARO, Ana Caroline Chaves Manso. Materiais didáticos e formação profissional para jovens e adultos surdos: uma análise baseada na Gramática do Design Visual. 2023. 198 f. Dissertação (Mestrado em Educação, Contextos Contemporâneos e Demandas Populares) - Instituto de Educação/Instituto Multidisciplinar, Universidade Federal Rural do Rio de Janeiro, Seropédica/Nova Iguaçu, RJ. 2023."
"Santos, Viviane Fernandes",http://buscatextual.cnpq.br/buscatextual/busca.do,"Santos, Cíntia Aparecida Bento dos||Não informado pela instituição",http://lattes.cnpq.br/5220332431331130||Não informado pela instituição,"Santos, Cíntia Aparecida Bento dos||Santos, Samuel Dereste||Calejon, Laura Marisa Carnielo||Não informado pela instituição||Não informado pela instituição",http://lattes.cnpq.br/5220332431331130||http://lattes.cnpq.br/5182421270093499||http://lattes.cnpq.br/8421569181332041||Não informado pela instituição||Não informado pela instituição,Um estudo sobre os conhecimentos de educandos em um curso técnico de edificações,2020,Universidade Cruzeiro do Sul (UNICSUL),UNICSUL,Brasil,Não informado pela instituição,Programa de Pós Graduação em Ensino de Matemática,CNPQ::CIENCIAS EXATAS E DA TERRA,openAccess,masterThesis,ETIM||Grandezas e medidas||Análise de Erros,Não informado pela instituição,por,"Este trabalho apresenta um estudo de natureza qualitativa embasado na ação docente da pesquisadora, desenvolvido com 20 alunos de uma turma do 1° ano do curso de Edificações Integrado ao Ensino Médio, na disciplina de Estudo do Solo e Materiais na Construção Civil (ESMCC), com idade entre 14 e 17 anos. Para isso, realizamos um estudo de caso que tem seu início em uma análise documental do programa da disciplina de ESMCC para identificar os conhecimentos científicos relacionados à matemática básica, necessários para o desenvolvimento da disciplina. Com base nos dados levantados, elaboramos e aplicamos o instrumento de avaliação à 20 participantes, a fim de identificar o grau de domínio que estes alunos têm em relação aos conceitos de Grandezas e Medidas, relacionados ao cálculo de área, volume e conversão de unidades de medidas. Estes conceitos, constituem-se em pré-requisitos, entre outros, considerados importantes para o desenvolvimento da disciplina em foco. Para formar o nosso aporte teórico, debruçamos nas leis e estudos sobre o Ensino Técnico Integrado ao Médio, assim como as diretrizes estabelecidas para seu funcionamento no Plano de Curso de Edificações. Adotamos a proposta de CURY(2018), para analisar erros cometidos pelos participantes da pesquisa, nas tarefas a serem resolvidas. Os resultados da pesquisa demostram, que os participantes apresentam um grau de domínio aquém do esperado na sua atual fase de escolarização, o que interfere no desenvolvimento dos conteúdos das bases tecnológicas da disciplina. Os principais erros encontrados estão relacionados com a falta do domínio dos conceitos em grandezas e medidas, dificuldades no desenvolvimento de operações de multiplicação e divisão, e em especial na manipulação com números decimais.",https://repositorio.cruzeirodosul.edu.br/handle/123456789/885,Não informado pela instituição,Não informado pela instituição,"SANTOS, V. F. Um estudo sobre os conhecimentos de educandos em um curso técnico de edificações. 2020.133 f. Dissertação (Mestrado em Ensino de Ciências) . São Paulo: Universidade Cruzeiro do Sul, 2020."
"Silva, Jeferson Eduardo",Não informado pela instituição,Não informado pela instituição,Não informado pela instituição,Não informado pela instituição,Não informado pela instituição,"O acesso e permanência de pessoas pretas, pardas e indígenas no ensino médio integrado do curso técnico em Agropecuária do Instituto Federal Goiano – Campus Ceres",2024,Instituto Brasileiro de Informação em Ciência e Tecnologia (Ibict),IBICT,Não informado pela instituição,Não informado pela instituição,Não informado pela instituição,Não informado pela instituição,openAccess,masterThesis,"Inclusão educacional||Políticas afirmativas||Estudantes PPI||Ensino Médio Integrado,||Transformação social||Educação||Planejamento e Avaliação Educacional||Política Educacional",Não informado pela instituição,por,"Este estudo justifica-se pela relevância no contexto educacional brasileiro, abordando de maneira criteriosa o acesso e a persistência de estudantes pretos, pardos e indígenas (PPI) no ensino médio integrado ao curso técnico em agropecuária. O estudo foi realizado no Instituto Federal Goiano - Campus Ceres, lança luz sobre questões cruciais de inclusão e diversidade, fornecendo entendimentos significativos sobre as políticas educacionais, as experiências dos estudantes que acessaram a educação profissional e tecnológica por cotas PPI e os desafios enfrentados. A dissertação começa com uma contextualização histórica abrangente da educação profissional e tecnológica no Brasil. Essa retrospectiva é fundamental para compreender as políticas educacionais atuais e como elas foram moldadas ao longo dos anos, influenciadas por diversos fatores políticos, sociais e econômicos. A revisão bibliográfica destaca o papel transformador da educação na sociedade e a importância das políticas afirmativas na promoção da igualdade e inclusão de grupos historicamente marginalizados. O objetivo central da pesquisa é investigar os fatores que afetam o acesso e a permanência de estudantes pretos, pardos e indígenas no curso técnico em agropecuária do Instituto Federal Goiano - Campus Ceres. Para alcançar esse objetivo, foi adotada uma metodologia qualitativa que envolve entrevistas semiestruturadas com discentes, docentes e assistente educacional, bem como a análise de documentos e registros institucionais. Essa abordagem permite uma compreensão mais profunda e humanizada das experiências dos estudantes, indo além de meros dados estatísticos. Os resultados da pesquisa são reveladores e contribuem significativamente para o debate sobre educação inclusiva no Brasil, sendo analisados por meio de uma abordagem ampla dos dados. A dissertação demonstra que, apesar dos avanços nas políticas educacionais, ainda existem desafios consideráveis para a inclusão efetiva de estudantes pretos, pardos e indígenas. Questões como preconceito, falta de representatividade e dificuldades financeiras continuam a ser obstáculos significativos para esses discentes. No entanto, também são destacados aspectos positivos das políticas de inclusão, como o aumento no número de estudantes desses grupos em cursos técnicos e a valorização de suas identidades culturais dentro do ambiente escolar. A dissertação enfatiza a importância de políticas educacionais mais inclusivas e equitativas no Brasil, propondo caminhos para superar os desafios identificados. O estudo destaca a necessidade de medidas que combatam o preconceito, promovam a representatividade e ofereçam suporte financeiro adequado aos estudantes pretos, pardos e indígenas. Além disso, ressalta a importância de se manter um ambiente escolar que celebre a diversidade cultural e respeite as identidades destes discentes. Espera-se que este estudo seja uma leitura importante para educadores, formuladores de políticas públicas e todos aqueles interessados em uma educação verdadeiramente inclusiva e transformadora. Ademais, foi produzido, com a participação dos alunos participantes da pesquisa, um documentário que apresenta os desafios e as experiências dos estudantes cotistas no curso e na vida acadêmica dentro do IF Goiano – Campus Ceres.",https://deposita.ibict.br/handle/deposita/573,Não informado pela instituição,Não informado pela instituição,Não informado pela instituição
"Maciel, Daiana",Não informado pela instituição,Não informado pela instituição,Não informado pela instituição,Não informado pela instituição,Não informado pela instituição,Desigualdades raciais nos cursos técnicos integrados ao ensino médio dos Institutos Federais: análise a partir do Índice de Representação Descritiva (Descriptive Representation Index ? DRI),2024,Universidade Federal de Santa Catarina (UFSC),UFSC,Não informado pela instituição,Não informado pela instituição,Não informado pela instituição,Não informado pela instituição,openAccess,masterThesis,Ciência||Raças||Ensino médio||Escolas,Não informado pela instituição,por,"Dissertação (mestrado profissional) - Universidade Federal de Santa Catarina, Centro Tecnológico, Programa de Pós-Graduação em Métodos e Gestão em Avaliação, Florianópolis, 2024.",386604||https://repositorio.ufsc.br/handle/123456789/254825,Não informado pela instituição,Não informado pela instituição,Não informado pela instituição
"Rodrigues, Sandro José Abreu",http://lattes.cnpq.br/6927295770485533,"Gonçalves, Silvia Maria Melo||Não informado pela instituição",Não informado pela instituição,"Gonçalves, Sílvia Maria Melo||Damasceno, Allan Rocha||Bernardino, Adriana Vasconcelos da Silva||Não informado pela instituição||Não informado pela instituição",Não informado pela instituição,Assistência estudantil: percepção dos discentes dos cursos de graduação do Instituto Federal do Espírito Santo - campus de Alegre.,2020,Universidade Federal Rural do Rio de Janeiro (UFRRJ),UFRRJ,Brasil,Instituto de Agronomia,Programa de Pós-Graduação em Educação Agrícola,Educação,openAccess,masterThesis,Educação superior||permanência||vulnerabilidade socioeconômica||políticas públicas,Higher education||permanence||public policy||socioeconomic vulnerability,por,"Objetivou-se avaliar a percepção dos discentes de graduação beneficiários pelos programas de assistência estudantil do Ifes campus de Alegre, bem como o impacto de tais programas em suas vidas acadêmicas. Participaram da pesquisa os discentes maiores de 18 anos dos cursos de Licenciatura em Ciências Biológicas, Bacharel em Ciências Biológicas, Tecnólogo em Análise e Desenvolvimento de Sistemas, Tecnólogo em Cafeicultura e Engenharia de Aquicultura, beneficiários dos programas de auxílio moradia, transporte e alimentação. Trata- se de uma pesquisa qualitativa e de caráter exploratória, cujos instrumentos de coleta de dados foram questionários e análise documental. O perfil socioeconômico foi construído a partir da análise das entrevistas sociais referentes ao processo seletivo para concessão de Programas de Atenção Primária de 2019. A coleta de dados das percepções foi obtida através de questionário com perguntas abertas e fechadas, sendo utilizada para estudo a Análise de Conteúdo de Bardin. Além de identificar alguns aspectos sociais, os resultados demonstraram que os programas de assistência estudantil desenvolvidos pelo campus vêm atendendo as necessidades básicas dos discentes, promovendo melhorias das condições econômicas e sociais, incentivando os estudos e contribuindo de forma significativa para a permanência na graduação. Contudo, ficou evidente no relato de alguns participantes quanto à necessidade de melhorias em alguns aspectos do programa, tais como reajuste nos valores dos auxílios e ampliação do número de discentes atendidos, enquanto outros sugeriram a oferta de residência universitária como alternativa ao auxílio moradia. Apesar de estarem inseridos em um programa que busca minimizar as desigualdades na educação, a fração majoritária dos participantes compreende a oferta dos programas como ajuda ou “boa ação” do campus aos mais carentes, aparentando desconhecer sua condição enquanto direito. Ao avaliar as críticas feitas ao programa, percebe-se que muitas se devem à exclusão dos discentes do processo de construção do Programa de Assistência Estudantil do Ifes. Portanto, é essencial que os mesmos não fiquem restritos à condição de assistidos, mas atuantes na consolidação de uma assistência estudantil justa e inclusiva, com o envolvimento de toda a comunidade acadêmica.",https://rima.ufrrj.br/jspui/handle/20.500.14407/12585,Não informado pela instituição,Não informado pela instituição,"RODRIGUES, Sandro José Abreu. Assistência estudantil: percepção dos discentes dos cursos de graduação do Instituto Federal do Espírito Santo - campus de Alegre.. 2020. 77 f. (Dissertação de Mestrado). Instituto de Agronomia, Universidade Federal Rural do Rio de Janeiro, Seropédica-RJ, 2020."
"Rodrigues, Alexandre Lopes",Não informado pela instituição,Não informado pela instituição,Não informado pela instituição,Não informado pela instituição,Não informado pela instituição,"Perfis sociais, percursos escolares, condições de permanência e perspectivas de futuro : o caso de cotistas de cursos técnicos integrados do IF Sudeste MG - Campus Muriaé",2021,Universidade Federal de Viçosa (UFV),UFV,Não informado pela instituição,Não informado pela instituição,Não informado pela instituição,Não informado pela instituição,openAccess,masterThesis,Programas de ação afirmativa na educação - Minas Gerais||Estudantes - Programas de assistência||Ensino técnico||Educação,Não informado pela instituição,por,"As políticas públicas denominadas Ações Afirmativas assumiram posição de destaque no Brasil ao longo dos últimos anos, sobretudo no âmbito da educação, com a implantação do sistema de cotas para ingresso nas universidades federais e nas instituições federais de ensino de nível médio técnico. A implantação de um sistema de cotas para ingresso nas instituições federais de ensino, acompanhado de mecanismos que contribuam para a permanência do aluno cotista, traz a perspectiva de tentar contribuir na consolidação do princípio da igualdade de oportunidades para todos. Essa pesquisa teve como objetivo principal identificar e analisar junto aos alunos cotistas de três dos quatro cursos técnicos integrados ofertados pelo Campus Muriaé do Instituto Federal de Educação, Ciência e Tecnologia do Sudeste de Minas Gerais quais as expectativas, assim como, as possíveis dificuldades e desafios enfrentados por estes alunos durante o curso, e as estratégias utilizadas para a superação dessas dificuldades. Para fins de coleta e análise dos dados, utilizou-se uma abordagem qualitativa. Os dados foram coletados a partir de documentos institucionais que traçam o perfil sócio econômico dos alunos e da realização de entrevista semiestruturada com uma amostra representativa do universo de alunos cotistas dos cursos em questão. Assim, neste trabalho, foram realizadas entrevistas com cinco estudantes. A análise dos dados coletados foi realizada tendo em vista a técnica análise de conteúdos (Bardin, 2011). Com base nessas análises, concluiu-se que a entrada num curso de formação técnica integrada traz grandes desafios para os estudantes, tanto em relação à necessidade de adaptação a um novo contexto educacional, quanto em relação ao apoio necessário para a sua permanência no curso. Constata-se que o IF Sudeste MG procura disponibilizar um conjunto de medidas que visam contribuir para a permanência dos estudantes. Essas contribuições ocorrem tanto pelo viés do apoio financeiro, por intermédio do Programa Nacional de Assistência Estudantil, quanto em termos de infraestrutura e apoio emocional. Além disso, percebe-se a preocupação com uma formação mais ampla e humanizada dos alunos, por parte da Rede Federal de Educação Profissional e Tecnológica, não se restringindo a uma qualificação estritamente voltada para a atividade laboral. Em termos de expectativas, nota-se uma maior preocupação por parte dos estudantes no sentido de se buscar uma graduação em nível superior ou a aprovação em um concurso público. Palavras-chave: Ações afirmativas. Cotas. Assistência ao estudante. Ensino técnico integrado.","RODRIGUES, Alexandre Lopes. Perfis sociais, percursos escolares, condições de permanência e perspectivas de futuro : o caso de cotistas de cursos técnicos integrados do IF Sudeste MG - Campus Muriaé . 2021. 136 f. Dissertação (Mestrado em Educação) - Universidade Federal de Viçosa, Viçosa. 2021.||https://locus.ufv.br//handle/123456789/27993",Não informado pela instituição,Não informado pela instituição,Não informado pela instituição
"Gödke, Francisco",Não informado pela instituição,"Kuenzer, Acácia Zeneida||Não informado pela instituição",Não informado pela instituição,Não informado pela instituição,Não informado pela instituição,A inclusão excludente dos trabalhadores com deficiência nos processos produtivos industriais,2010,Universidade Federal do Paraná (UFPR),UFPR,Não informado pela instituição,Não informado pela instituição,Não informado pela instituição,Não informado pela instituição,openAccess,doctoralThesis,Teses||Pessoas com deficiência - Trabalho - Condições sociais||Pessoas com deficiência - Orientação profissional||Educação,Não informado pela instituição,por,Orientadora: Profª Drª Acácia Zeneida Kuenzer,https://hdl.handle.net/1884/24119,Não informado pela instituição,Não informado pela instituição,Não informado pela instituição
"Wittmann, Ellen Bilheiro Bragança",http://lattes.cnpq.br/4426387750477125,"Tabai, Katia Cilene||Não informado pela instituição",Não informado pela instituição,"Tabai, Katia Cilene||Nascimento, Maria Rosa Figueiredo||Lima, Elaine Cristina de Souza||Não informado pela instituição||Não informado pela instituição",Não informado pela instituição,Estratégias de segurança alimentar e nutricional: análise do Programa Nacional de Alimentação Escolar e das ações de Educação Alimentar e Nutricional no Colégio Técnico da Universidade Federal Rural do Rio de Janeiro - CTUR,2021,Universidade Federal Rural do Rio de Janeiro (UFRRJ),UFRRJ,Brasil,Instituto de Florestas,Programa de Pós-Graduação em Práticas em Desenvolvimento Sustentável,Multidisciplinar,openAccess,masterThesis,Alimentação escolar||Soberania||Insegurança alimentar e nutricional||Educação alimentar e nutricional||Pandemia da Covid-19,School feeding||Sovereignty||Food and nutritional insecurity||Food and nutrition education||Covid-19 pandemic,por,"A alimentação é um direito humano e a alimentação escolar no Brasil é um direito garantido e oportunizado por meio do Programa Nacional de Alimentação Escolar - PNAE. Esta pesquisa teve como objetivo contribuir para a promoção da soberania e segurança alimentar e nutricional dos discentes do Colégio Técnico da Universidade Rural – CTUR, a partir da análise do Programa Nacional de Alimentação Escolar e das ações de Educação Alimentar e Nutricional; compreender como os discentes se alimentam no período escolar, por não existir o fornecimento de alimentação escolar; verificar as ações adotadas pelo colégio na formação de hábitos alimentares saudáveis de seus discentes, da abordagem da educação alimentar e nutricional pelos docentes, assim como a garantia da segurança alimentar; identificar também as ações adotadas pelo CTUR para assistir seus discentes durante a pandemia da Covid-19 e de que forma ela impactou o cotidiano alimentar de discentes e docentes. Os dados foram coletados, entre novembro de 2018 e março de 2021, a partir de questionário aplicado aos gestores da Universidade Rural, para identificar a existência de repasses do PNAE, para análise de documentos encontrados no site da Universidade Rural, do CTUR, no Portal da Transparência do governo federal, do FNDE, de questionários aplicados online e pesquisa observacional nas vivências realizadas nas atividades com os discentes do colégio. Esse projeto foi aprovado pelo Comitê de Ética em Pesquisa na UFRRJ (COMEP/UFRRJ) sob os protocolos nº 705/2016 e no 797/2016. As informações e dados levantados por essa pesquisa comprovam que não existe política de alimentação escolar no CTUR, apesar da existência de recursos do PNAE para o fornecimento da alimentação escolar. Dos 79 discentes, dos diferentes cursos que participaram da pesquisa, 60,8% trazem refeição pronta de casa para se alimentarem no colégio e apenas 6,3% utilizam o restaurante universitário. Durante o período escolar, 51,9% dos entrevistados optaram por consumir alimentos pouco nutritivos como salgados fritos ou assados e 63,3% dos discentes consumiram biscoitos. Durante a pandemia, 50 discentes foram assistidos com cestas básicas, ovos e hortaliças da produção do colégio, frutas, hortaliças e carnes do Programa de Aquisição de Alimentos. O colégio possui um quadro de 68 docentes, 13 responderam o questionário e 84,6% afirmaram abordar a temática da alimentação na disciplina que lecionam. Em relação a implantação e implementação do PNAE no CTUR, os dirigentes desconheciam a existência do repasse do FNDE referente ao PNAE; há evidências do desconhecimento de que a alimentação é um direito social garantido pela Constituição Federal e pela Lei no 11.947/09. É baixa a inclusão da temática da alimentação pelos docentes, assim como da educação alimentar e nutricional no processo de ensino-aprendizagem. Os discentes do CTUR estão em situação de insegurança alimentar e nutricional, pois não existe a garantia da segurança alimentar e nutricional de forma igualitária. Espera-se que os dados levantados por esta pesquisa favoreçam o diálogo sobre a importância da alimentação escolar assegurada no próprio colégio e para adoção de medidas que atendam os discentes nessa questão no âmbito do CTUR.",https://rima.ufrrj.br/jspui/handle/20.500.14407/15614,Não informado pela instituição,Não informado pela instituição,"WITTMANN, Ellen Bilheiro Bragança. Estratégias de segurança alimentar e nutricional: análise do Programa Nacional de Alimentação Escolar e das ações de Educação Alimentar e Nutricional no Colégio Técnico da Universidade Federal Rural do Rio de Janeiro - CTUR. 2021. 127 f. Dissertação (Mestrado em Práticas em Desenvolvimento Sustentável) - Instituto de Florestas, Universidade Federal Rural do Rio de Janeiro, Seropédica, RJ, 2021."
JOSE ANGELO GARIGLIO,Não informado pela instituição,Não informado pela instituição,Não informado pela instituição,Não informado pela instituição,Não informado pela instituição,[pt] A CULTURA DOCENTE DE PROFESSORES DE EDUCAÇÃO FÍSICA DE UMA ESCOLA PROFISSIONALIZANTE: SABERES E PRÁTICAS PROFISSIONAIS EM CONTEXTO DE AÇÕES SITUADAS,2004,Pontifícia Universidade Católica do Rio de Janeiro (PUC-RIO),PUC_RIO,Não informado pela instituição,Não informado pela instituição,Não informado pela instituição,Não informado pela instituição,openAccess,doctoralThesis,[pt] FORMACAO DE PROFESSORES||[pt] ENSINO DE EDUCACAO FISICA||[pt] PROFESSORES DE EDUCACAO FISICA||[pt] CULTURA DOCENTE||[pt] SABER DOCENTE||[fr] FORMATION DES ENSEIGNANTS||[fr] ENSEIGNEMENT DEDUCATION PHYSIQUE||[fr] ENSEIGNANTS DEDUCATION PHYSIQUE||[fr] CULTURE ENSEIGNANTE||[fr] SAVOIRS ENSEIGNANTS,Não informado pela instituição,por,"[pt] Esta tese inscreve-se no âmbito de estudos que se interessam pelo processo de edificação e constituição dos saberes docentes. Mais especificamente trata-se de uma investigação sobre os saberes da base profissional de três professores de Educação Física de uma escola de educação profissional da Rede Federal de Ensino. Procura analisar qual a relação existente entre os saberes profissionais necessários ao ensino e o componente curricular ensinado. A pesquisa busca compreender, por meio de entrevistas com professores de EF, diretores, especialistas e alunos, de observação do cotidiano de trabalho dos professores e de análises de documentos produzidos pela escola e pelos professores, como os professores de EF concebem seus saberes docentes em função de aspectos sui generis que envolvem o ensino desse componente curricular dentro do espaço escolar. Tomando como ponto de partida que o objeto de ensino da EF, ou seja, seus conteúdos de ensino são diferentes das demais disciplinas escolares, que os papéis atribuídos a essa disciplina no currículo escolar são diferenciados, que as condições ambientais onde o ensino se materializa (a sala de aula da EF) encerra um conjunto de particularidades, questiona-se qual seria o lugar, o peso e o significado do referido componente curricular no processo de construção dos saberes pedagógicos de seus professores. Parte do pressuposto que os saberes dos professores são situados, construídos em função das situações particulares e singulares de trabalho e que é nessa relação específica de trabalho que esses saberes ganham sentido e validade. Centra-se basicamente em quatro ordens de questões relativas às aprendizagens do trabalho docente, ou seja, a trajetória préprofissional, a formação inicial, a totalidade da experiência profissional na escola e o ensino da disciplina escolar. Mostra que os professores de EF aprendem desde muito cedo que o trabalho docente em EF se diferencia da ação profissional nas demais disciplinas escolares, porque exigiria o domínio de determinados saberes profissionais capazes de interferir mais diretamente no processo de formação geral dos alunos do que propriamente na instrução dos conhecimentos disciplinares. Por fim, aponta que os estudos sobre os saberes docentes devem avançar para se contrapor à idéia da existência de uma cultura docente, comum ao conjunto dos professores. Coloca- se ao lado de estudos que apontam para a existência de culturas profissionais estruturadas por diversas condições de trabalho, como, por exemplo, ordens escolares, setores de ensino, campos de ensino e estabelecimentos de ensino. Os saberes docentes são, portanto, marcados por essa diversidade, porque trazem consigo as condições de trabalho realmente efetuadas pelos diferentes subgrupos de professores e pelas suas missões educativas específicas.",https://www.maxwell.vrac.puc-rio.br/colecao.php?strSecao=resultado&nrSeq=5696&idi=1||https://www.maxwell.vrac.puc-rio.br/colecao.php?strSecao=resultado&nrSeq=5696&idi=3||http://doi.org/10.17771/PUCRio.acad.5696,Não informado pela instituição,Não informado pela instituição,Não informado pela instituição
"Soares, Ivani",Não informado pela instituição,Não informado pela instituição,Não informado pela instituição,Não informado pela instituição,Não informado pela instituição,Acolhida e permanência de egressas e egressos EJA-Proeja no ensino superior: auto(trans)formações possíveis,2019,Universidade Federal de Santa Maria (UFSM),UFSM,Não informado pela instituição,Não informado pela instituição,Não informado pela instituição,Não informado pela instituição,openAccess,masterThesis,EJA/Proeja/ensino superior||Acolhida e permanência||Pedagogia dialógica||EJA/Proeja/higher education||Welcoming and permanence||Dialogical pedagogy||CNPQ::CIENCIAS HUMANAS::EDUCACAO,Não informado pela instituição,por,"Master Thesis inserted in the Research Line 2: Pedagogical Management and Educational Contexts, of the Professional Masters in Public Policies and Educational Management of UFSM, in the theme Education, Dialogue, Humanization and Citizenship (Paulo Freire perspective). The thematic is the acceptance and permanence of the students who graduated from the EJA / PROEJA programs in Higher Education. We noticed that trust links are created between teachers and students in Youth and Adult Education, thus, there is a need for attention for transition from school to study cycle. The enrollment of these students in Higher Education has been, in majority, an exception made possible by the programs of social quotas, created in 2008. This was a great step in the democratization of Higher Education in Brazil, however, it is not enough to guarantee such access, we need to enable the rise and permanence of these students, especially in face of the reality of school dropout. Thus, having a good reception and permanence plans for all its publics is fundamental for any Higher Education Institution. In line with the objectives of the Education Plans for the EJA and with the proposal of integrating professional education with basic education, together with PROEJA, we seek to identify how, and if, there are institutionalized programs of reception and stay in the UFSM Undergraduate Courses. We intend to present an Agenda for the proposal of a Plan of Acceptance and Permanence, feasible for implementation. Among the references used, the Pedagogia de Freire is in dialogue with the studies of Josso (2010), Henz (2003, 2015), Pereira (2015), Brandão (1981) and Santos (2011). This research, methodologically hermeneutic, through dialogical pedagogy, discusses with alumni EJA / PROEJA, having a keen eye and a sensitive listening to understand the meaning of their needs. For this work, we have used the epistemologicalpolitical research proposal of the Investigative-self(trans)formative Dialogical Circles in coauthoring with volunteers from the EJA / PROEJA programs, students of the UFSM Undergraduate Courses. We start from the premise that a truly democratic program is the one that allows for continuity of action, leading learners to seek more autonomy. After joint reflections, questions about the prejudice involving these people have arisen more intensely, as well as the feeling of lag in terms of programmatic and cultural contente and difficulties in access to information and communication. Among the welcome actions of welcome, we have proposed the promotion of actions of coexistence of freshmen and veterans, disclosure of institutional benefits, solidarity trot and information about extracurricular projects. As for permanence, we mention the need to encourage public policies for social inclusion, help of tutors, participation in study groups, workshops, seminars, and lectures, promotion of meetings of collective studies and creation of a collaborative network of walking assistance and opportunities for interaction between students and teachers in, presential or virtual, learning environments. Each participant's process of self-(trans)formation was visible through the awareness of reflection on one's own responsibility in conducting the studies, as well as the need for personal empowerment, taking their place, hard earned, as academics and academics.",http://repositorio.ufsm.br/handle/1/18643,Não informado pela instituição,Não informado pela instituição,Não informado pela instituição
"Máximo, Ricardo de Oliveira",Não informado pela instituição,Não informado pela instituição,Não informado pela instituição,Não informado pela instituição,Não informado pela instituição,Condicionantes econômicos regionais e de gestão financeira institucional do ensino superior brasileiro,2024,Universidade Federal de Uberlândia (UFU),UFU,Não informado pela instituição,Não informado pela instituição,Não informado pela instituição,Não informado pela instituição,openAccess,doctoralThesis,"Evasão||Retenção||Trajetória Acadêmica||Ensino Superior||Regionalidade||Dropout||Retention||Academic Trajectory||Higher Education||Regionality||Administração||CNPQ::CIENCIAS SOCIAIS APLICADAS::ADMINISTRACAO||Administração||ODS::ODS 4. Educação de qualidade - Assegurar a educação inclusiva, e equitativa e de qualidade, e promover oportunidades de aprendizagem ao longo da vida para todos.",Não informado pela instituição,por,"Contextualization: The expansion of higher education offerings in Brazil represented an important step toward overcoming a colonial history of exploitation and commodification of national wealth, including scientific knowledge, which was previously reserved for an aristocracy of knowledge. However, this expansion, at times implemented in an unplanned manner, produced adverse side effects, among which is the increase in educational costs inherent to an oversized superstructure of federal universities, established to broaden access through the provision of new slots and courses. The enactment of Law No. 12,711, dated August 29, 2012, commonly known as the “Quota Law,” and its subsequent implementation by institutions resulted in a shift in the student profile on university campuses, increasing the demand for institutional incentives aimed at student retention. After the decline in budgetary support for the REUNI program, universities began to experience financial difficulties, which raised dropout and retention rates. Objective: To analyze the social phenomena of “dropout” and “retention” from the perspective of academic trajectory indicators and their relations with the regional economic environment and institutional financial management, focusing on in-person undergraduate courses offered by the 69 Brazilian federal universities. Method: To gather the fundamental theoretical elements, the second chapter utilized a systematic literature review as a qualitative methodology. The third and fourth chapters adopted quantitative statistical methodology, employing Multiple Linear Regression (MLR) for panel data. The population gathered data from the 69 Brazilian federal universities. Results: From a systematic literature review, two theoretical gaps were identified: the lack of analyses relating regional economic environments and institutional financial management with the academic trajectory indicators from the Higher Education Census. The analysis of the regional economic environment as a conditioning factor for academic trajectory revealed that employed students have a lower tendency to be retained within the institution. In contrast, unemployment negatively impacts academic completion and persistence. Difficulties in balancing work and studies, a scarcity of job opportunities, and low income often increase dropout rates and prolong time-to-degree. However, even underemployment, which provides some income, can facilitate degree completion. The analysis of institutional financial management also demonstrated that, in light of reduced budget expenditures, some institutions seek additional budget credits, contributing to decreased dropout rates and increased retention. Maximizing the use of available budgetary resources tends to reduce dropouts and stimulate completions, highlighting the importance of efficient budget execution. The more representative the execution of discretionary budget expenditure relative to the authorized budget, the lesser the tendency towards dropout and the greater the chances of completion and persistence. Furthermore, increased financial execution of investments and financial incentives for students tends to reduce dropouts and promote academic retention. Research Adherence: The research aligns with the concentration area of the PPGAdm (Regionality and Management) and with the research line: The verification of the influence of the regional economic environment and institutional financial management on the social phenomena of dropout and retention demonstrates the adherent relationship with the Organizational Management and Regionality line, within the subject of Finance. Impact and Innovative Character in Intellectual Production: By identifying theoretical gaps, the thesis imparts an innovative character to public finance theory by presenting, for the first time, the prediction of academic trajectory indicators based on regional economic characteristics and institutional financial management. Economic, Social, and Regional Impact: The econometric models generated enable better distribution and performance of budgetary resources by introducing the influence of regional economic variables on academic trajectory. The thesis socially contributes by allowing the mitigation of the social phenomena of dropout and academic retention in the realm of in-person undergraduate education through the elucidation and understanding of regional economic and institutional financial management determinants associated with academic trajectory indicators. The regional contribution of the research lies in presenting the diverse realities surrounding the phenomenon, considering data from all Brazilian states. Regional Implications: The generated models allow for the identification of economicregional factors and institutional financial management that influence academic trajectory for in-person undergraduate courses at Brazilian federal universities, facilitating the assessment of disparities and generating new possibilities for mitigating university dropout and retention. Sustainable Development Goals Addressed in the Research: The thesis cooperates with the UN's 2030 Agenda concerning the Sustainable Development Goals, whose Goal 4 pertains to quality education, specifically ensuring inclusive and equitable quality education and promoting lifelong learning opportunities for all. In the Brazilian context, the results of the thesis align with Goal 4.3, which seeks to ensure equity (gender, race, income, region, and others) in access to and retention in quality vocational and higher education, whether free or affordable.","MÁXIMO, Ricardo de Oliveira. Condicionantes econômicos regionais e de gestão financeira institucional do ensino superior brasileiro. 2024. 136 f. Tese (Doutorado em Administração) - Universidade Federal de Uberlândia, Uberlândia, 2024. DOI http://doi.org/10.14393/ufu.te.2024.739.||https://repositorio.ufu.br/handle/123456789/44300||http://doi.org/10.14393/ufu.te.2024.739",Não informado pela instituição,Não informado pela instituição,Não informado pela instituição
"Rocha, Damião Noel",http://lattes.cnpq.br/4408144060145359,"Marino, Tiago Badre||Não informado pela instituição",http://lattes.cnpq.br/5153390186016718||Não informado pela instituição,"Marino, Tiago Badre||Rocha, Andre Santos da||Nascimento, Bruno Santos do||Não informado pela instituição||Não informado pela instituição",Não informado pela instituição,Programa Nacional de Assistência Estudantil (PNAES): uma análise sobre a Implementação no Instituto Federal de Minas Gerais – campus São João Evangelista.,2019,Universidade Federal Rural do Rio de Janeiro (UFRRJ),UFRRJ,Brasil,Instituto de Agronomia,Programa de Pós-Graduação em Educação Agrícola,Educação,openAccess,masterThesis,Programa Nacional de Assistência Estudantil||políticas públicas||implementação||IFMG-SJE,National Program of Student Assistance||public policy||implementation||IFMG-SJE,por,"O Programa Nacional de Assistência Estudantil (PNAES) visa propiciar aos estudantes das instituições federais de ensino em condições de vulnerabilidade socioeconômica, condições para permanência e conclusão dos cursos com desempenho acadêmico satisfatório. Este trabalho analisou a metodologia e critérios de execução do Programa Nacional de Assistência Estudantil (PAE) do Instituto Federal de Minas Gerais (IFMG) no Campus São João Evangelista, no que se refere às bolsas de cunho socioeconômico e de mérito acadêmico, concedidas a estudantes dos cursos superiores, no período de 2016 a 2018, sob o olhar dos profissionais responsáveis pela sua execução e dos beneficiários atendidos. A natureza desta pesquisa é quali-quantitativa. Foram usadas três técnicas de coleta de dados: análise documental, entrevistas semiestruturadas e questionários. As entrevistas e as respostas da questão discursiva do questionário passaram por uma análise de conteúdo conforme recomendado por Silva e Fossá (2015). As questões objetivas dos questionários foram processadas no software Microsoft Excel e na plataforma Google Form depois quantificados e apresentados em forma de tabelas e gráficos. Os resultados apontaram que a metodologia de execução adotada pelo IFMG-SJE em seu Programa de Assistência Estudantil (PAE) apresentou pontos falhos que contribuíram para morosidade do processo e consequente atraso no atendimento ao estudante em situação de vulnerabilidade. O IFMG tem concentrado esforços para aprimorar a metodologia de execução do PAE e o principal caminho encontrado para alcançar este objetivo tem sido através da informatização destes processos. Os beneficiários dos PAE do IFMG-SJE se mostraram satisfeitos com a execução deste programa no campus. Entre os pontos a serem otimizados visando melhoria nos serviços prestados aos beneficiários, destacam-se: a participação dos discentes no planejamento do PAE, a demora na seleção de bolsista, o acompanhamento dos bolsistas e a participação dos discentes na avalição do PAE.",https://rima.ufrrj.br/jspui/handle/20.500.14407/12656,Não informado pela instituição,Não informado pela instituição,"ROCHA, Damião Noel. Programa Nacional de Assistência Estudantil (PNAES): uma análise sobre a Implementação no Instituto Federal de Minas Gerais – campus São João Evangelista. 2019. 73 f. Dissertação (Mestrado em Educação Agrícola). Instituto de Agronomia,Universidade Federal Rural do Rio de Janeiro, Seropédica, RJ, 2019."
"Tuão, Renata Spadetti",http://lattes.cnpq.br/2000624319714706,"Lamosa, Rodrigo de Azevedo Cruz||Não informado pela instituição",http://lattes.cnpq.br/1913716021055272||Não informado pela instituição,"Lamosa, Rodrigo de Azevedo Cruz||Leher, Roberto||Coutinho, Luciana Cristina Salvatti||Gonçalves, Leandro Sartori||Pronko, Marcela",Não informado pela instituição,"Educação, Banco Interamericano de Desenvolvimento e os direitos sociais: desarticulação da classe trabalhadora?",2023,Universidade Federal Rural do Rio de Janeiro (UFRRJ),UFRRJ,Brasil,Instituto Multidisciplinar de Nova Iguaçu||Instituto de Educação,"Programa de Pós-Graduação em Educação, Contextos Contemporâneos e Demandas Populares",Educação,openAccess,doctoralThesis,Banco Interamericano de Desenvolvimento||Luta de Classes||Imperialismo||Capitalismo Dependente||Regime de Colaboração,Inter-American Development Bank||Class Struggle||Imperialism||Dependent Capitalism||Collaboration Regime,por,"O fim da União das Repúblicas Socialistas Soviéticas (URSS) impactou, decisivamente, os anos finais do século XX, sendo interpretada pelos intelectuais burgueses como o fim da história e pelos intelectuais marxistas, por vezes, como a derrota do movimento dos trabalhadores na luta contra o imperialismo. As consequências dessa experiência associadas às transformações no sistema produtivo propiciadas, a partir da década de 1970, foram sentidas com intensidade pela classe trabalhadora no capitalismo dependente e aproveitadas pela burguesia com a internacionalização e a interiorização dos imperativos do capital para todos os âmbitos das relações sociais. Isso posto, indica-se que o Banco Interamericano de Desenvolvimento (BID) tem desenvolvido papel fundamental, sobretudo na expansão capitalista para o interior dos Estados e municípios ou províncias das unidades políticos-territoriais na América Latina, em diferentes áreas, ampliando a aplicação de estratégias que promovem a contenção da classe trabalhadora por meio da sua desarticulação preventiva. Neste trabalho, procura-se apontar os bancos interestatais como desdobramentos institucionais do imperialismo, a partir da investigação sobre a relação do BID com o Brasil, detendo-se ao período entre a redemocratização e os dias atuais. Convém compreender o imperialismo como fase de desenvolvimento do capitalismo em seus traços fundamentais (LÊNIN, 2012) que determinam, ainda no século XXI, as relações sociais no capitalismo dependente (GOUVÊA, 2016; FERNANDES, 1981) por meio de elementos que conduzem à manutenção da contrarrevolução preventiva (FERNANDES, 2019). Desse modo, ampliam-se as fontes utilizadas como objeto de estudo, considerando, para além das operações jurídicopolíticas desenvolvidas pelo BID, legislações produzidas no âmbito dos Estados e municípios e documentos produzidos pelo Movimento Colabora Educação coordenado pela organização empresarial Todos pela Educação no Brasil. Conclui-se que a Educação Básica Pública, no Brasil, entre 1988 e 2022, foi atravessada pela intervenção do BID no interior das unidades políticos-territoriais, em aliança com organizações empresariais locais, como forma de garantir a expansão do capital em termos de valor e território, a partir de processos preventivos de contenção da classe trabalhadora através da sua desarticulação, que tem como principal estratégia a efetivação do regime de colaboração disposto nos dispositivos legislativos desde a Constituição Federal (1988) nos Estados e municípios.",https://rima.ufrrj.br/jspui/handle/20.500.14407/9945,Não informado pela instituição,Não informado pela instituição,"TUÃO, Renata Spadetti. Educação, Banco Interamericano de Desenvolvimento e os direitos sociais: desarticulação da classe trabalhadora?. 2023. 324 f. Tese (Doutorado em Educação, Contextos Contemporâneos e Demandas Populares) - Instituto de Educação/Instituto Multidisciplinar, Universidade Federal Rural do Rio de Janeiro, Seropédica/Nova Iguaçu, RJ, 2023."
"Silva, Gabriel Oliveira da",http://lattes.cnpq.br/8551175593654857,"Damasceno, Allan Rocha||Não informado pela instituição",http://lattes.cnpq.br/0177717397152120||Não informado pela instituição,"Damasceno, Allan Rocha||Lima, Míriam Morelli||Moreira, Laura Ceretta||Não informado pela instituição||Não informado pela instituição",http://lattes.cnpq.br/0177717397152120||http://lattes.cnpq.br/3181817513133485||http://lattes.cnpq.br/6955080467665137||Não informado pela instituição||Não informado pela instituição,"Acesso e permanência de estudantes surdos no ensino superior: desafios frente à implementação de políticas públicas de inclusão no Instituto Federal de Educação, Ciência e Tecnologia do Espírito Santo.",2023,Universidade Federal Rural do Rio de Janeiro (UFRRJ),UFRRJ,Brasil,Instituto de Agronomia,Programa de Pós-Graduação em Educação Agrícola,Educação||Educação,openAccess,masterThesis,Inclusão em Educação||Acesso e Permanência||Ensino Superior||Estudantes Surdos||Política de Acessibilidade Linguística||NAPNE||Inclusive Education||Access and Retention||Higher Education||Deaf Students||Linguistic Accessibility Policy,Não informado pela instituição,por,"Estudos e pesquisas apontam que o quantitativo de matrículas de estudantes surdos em Instituições de Ensino Superior tem sido crescente, sobretudo, nos últimos anos. Resultado que se deve à implementação de políticas públicas de Inclusão em Educação voltadas a este público. Diante deste cenário, emerge a necessidade do monitoramento, análise e discussão quanto ao acesso, permanência e conclusão, com êxito, do percurso formativo desses acadêmicos. Sendo assim, esta pesquisa se propõe a analisar as condições de acesso e permanência dos estudantes surdos do Ensino Superior no Instituto Federal Educação, Ciência e Tecnologia do Espírito Santo (IFES), a partir da implementação das políticas institucionais de inclusão e da atuação dos Núcleos de Atendimento às Pessoas com Necessidades Específicas (NAPNE) em consonância com os instrumentos legais e político-pedagógicos adotados pela instituição no período de 2008 a 2020. Para tanto, como concepção teórico- metodológica do estudo elegeu-se a Teoria Crítica da Sociedade, com ênfase no pensamento de Theodor W. Adorno, cotejada à tessitura entre a tridimensionalidade das culturas, políticas e práticas. Além disso, para adensar o levantamento e análise de informações que nos ajudem a refletir e dialogar sobre o objeto de estudo desta pesquisa, foram utilizadas também a pesquisa documental, a abordagem de revisão bibliográfica e a aplicação de entrevistas semiestruturadas com os gestores dos NAPNE dos campi em que há alunos surdos em cursos de graduação. Acredita-se, portanto, que com este conjunto de metodologias e instrumentos de coleta de dados, torna-se possível mapear, descrever e estudar as percepções, conhecimento técnico e subsídios legais para poder analisar as condições de acesso e permanência dos estudantes surdos do Ensino Superior nesta instituição. Como resultados obtidos, constatou-se que, mesmo havendo previsões legais quanto a Inclusão em Educação nos documentos do Instituto, o NAPNE não pode ser o lócus do processo de inclusão na instituição, e que apesar de o IFES apresentar uma crescente em relação às ações para inclusão dos alunos surdos no Ensino Superior, o planejamento de políticas de inclusão para o acesso, permanência e aprendizagem desses acadêmicos neste nível de ensino, requer, indissociavelmente, a institucionalização de uma política de acessibilidade linguística, o que não se apresenta de forma sistematizada e institucionalizada nos documentos e dados levantados, analisados e discutidos durante o estudo. Ademais, verificou-se que nos documentos institucionais, bem como nos instrumentos legais, a ótica da diferença linguística não assume prevalência na redação, com isso, propaga-se o entendimento da pessoa surda enquanto deficiente e, por consequência, contribui-se com a manutenção da cultura de normatização desses sujeitos.",https://rima.ufrrj.br/jspui/handle/20.500.14407/19875,Não informado pela instituição,Não informado pela instituição,"SILVA, Gabriel Oliveira da. Acesso e permanência de estudantes surdos no ensino superior: desafios frente à implementação de políticas públicas de inclusão no Instituto Federal de Educação, Ciência E Tecnologia do Espírito Santo. 2023. 141f. Dissertação (Mestrado em educação Agrícola) – Instituto de Agronomia, Universidade Federal Rural do Rio de Janeiro, Seropédica, 2023."
"Santos, Catarina Cerqueira de Freitas",http://lattes.cnpq.br/1747853991109365,"Pereira, Rodrigo da Silva||Não informado pela instituição",http://lattes.cnpq.br/6321674512843602||Não informado pela instituição,"Pereira, Rodrigo da Silva||Silveira, Éder da Silva||Cunha, Maria Couto||Jesus, Marta Lícia Teles Brito de||Coelho, Ligia Martha Coimbra da Costa",http://lattes.cnpq.br/6321674512843602||http://lattes.cnpq.br/9314328600981486||http://lattes.cnpq.br/7809492642145089||http://lattes.cnpq.br/2445300469239243||http://lattes.cnpq.br/4550861408643613,Educação (em tempo) integral? Uma análise do programa de Fomento às escolas de Ensino médio de tempo integral (EMTI) frente às políticas de ensino de tempo integral da rede estadual da Bahia (2017-2022),2023,Universidade Federal da Bahia (UFBA),UFBA,Brasil,Faculdade de Educação,Programa de Pós-Graduação em Educação (PPGE) ,Ciências humanas||Educação||Planejamento e avaliação educacional||Política educacional,openAccess,doctoralThesis,Política Educacional||Escolas de Tempo Integral||Educação Integral||Ensino Médio,Não informado pela instituição,por,"Esta tese tem como objeto o Programa de Fomento às Escolas de Ensino Médio em Tempo Integral - EMTI, instituído por meio da Portaria do Ministério da Educação - MEC nº 1.145/2016, e posteriormente regido pelas Portarias MEC nº 727/2017, nº 1.023/2018, e nº 2.116/2019. O objetivo geral da pesquisa é analisar como as contradições produzidas a partir da apropriação da educação integral por uma política de ensino em tempo integral se materializam no Programa de Fomento às Escolas de Ensino Médio de Tempo Integral no contexto da rede estadual da Bahia (2017-2022). Esse objetivo geral se desdobra nos seguintes objetivos específicos: a) Identificar as estratégias do Estado na promoção de uma educação voltada à sociabilidade neoliberal; b) Apresentar as diferentes concepções da educação integral presentes no pensamento pedagógico brasileiro e nas políticas educacionais do século XXI, em articulação com seus objetivos de formação e projeto de sociedade; c) Contextualizar as disputas em torno do Ensino Médio brasileiro, caracterizando a ampliação do tempo escolar presente na legislação que ampara o Programa de Fomento EMTI; d) Descrever as políticas de tempo integral existentes na rede estadual da Bahia anteriores à implementação do Programa de Fomento EMTI; e e) Analisar as especificidades do Programa Baiano de Educação Integral Anísio Teixeira e suas correlações com o Programa de Fomento EMTI. O percurso teórico-metodológico adotado partiu das contribuições do materialismo histórico-dialético, e a análise de conteúdo foi a técnica utilizada para apreciação, tanto dos documentos normativos federais e estaduais quanto das entrevistas semiestruturadas realizadas com representantes da Secretaria. Sustentou-se que o Programa de Fomento EMTI intensifica um processo em curso de ressignificação da concepção de educação integral em direção à uma formação restrita, fragmentada e gerencial, produzindo um recuo em relação à pespectiva da educação integral emancipatória. Esse recuo se materializa nas contradições produzidas por esta política em relação ao currículo, às condições de implementação das escolas de tempo integral e à avaliação e monitoramento. Como desdobramento dessa tese, destaca-se que o poder de indução do Programa de Fomento EMTI alterou as configurações e potencializou as contradições das políticas de tempo integral existentes na rede estadual da Bahia. Os resultados da pesquisa identificaram algumas especificidades do Programa Baiano de Educação Integral Anísio Teixeira frente ao EMTI. Os textos legais do programa baiano apresentam um hibridismo conceitual que visa combinar a defesa de uma educação omnilateral com a pedagogia das competências, expressa na formatação de itinerários formativos que têm por base o projeto de vida do estudante e o empreendedorismo. Diferente das experiências de outros estados brasileiros, a política baiana de tempo integral não é conduzida por organizações privadas, embora a parceria público-privada ainda seja predominante na formação dos professores. Enquanto o EMTI não garante nas portarias orientadoras critérios que estabeleçam uma infratestruura adequada para a ampliação do tempo do estudante na escola, o Programa Anísio Teixeira tem como princípio a construção de novas escolas, a garantia da segurança alimentar dos estudantes e a instituição do Bolsa Presença - programa que dispõem de um valor mensal para que o estudante permaneça na escola. A política estadual, portanto, adota o padrão de escola em tempo integral em contraponto ao padrão aluno em tempo integral, defendido pelos reformadores empresariais. Outra especificidade relaciona-se com a implementação do tempo integral em munícipios que possuem apenas uma única escola que oferta o ensino médio, o que pode ocasionar a restrição do direito à educação aos estudantes trabalhadores. Por fim, no que se refere ao monitoramento, há um alinhamento entre os programas, pois ambos adotam uma lógica de avaliação gerencialista, baseada na responsabilização dos sujeitos e no uso das avaliações externas como parâmetro de qualidade educacional, em detrimento de uma perspectiva de educação integral emancipatória.",https://repositorio.ufba.br/handle/ri/36961,Não informado pela instituição,Não informado pela instituição,Não informado pela instituição
"Wittmann, Diego Dantas",http://lattes.cnpq.br/8804475643378795,"Souza, Nádia Maria Pereira de||Não informado pela instituição",http://lattes.cnpq.br/3482614478463727||Não informado pela instituição,"Souza, Nadia Maria Pereira de||Oliveira, Lia Maria Teixeira de||Arruda, Maria da Conceição Calmon||Não informado pela instituição||Não informado pela instituição",Não informado pela instituição,Fatores que influenciam a evasão na universidade pública - o caso do curso de Zootecnia na Universidade Federal Rural do Rio de Janeiro,2021,Universidade Federal Rural do Rio de Janeiro (UFRRJ),UFRRJ,Brasil,Instituto de Agronomia,Programa de Pós-Graduação em Educação Agrícola,Educação,openAccess,masterThesis,Evasão na educação||Curso de Graduação de Zootecnia||políticas afirmativas,Evasion in Education||Graduate Course in Animal Science||Affirmative Policies,por,"Os estudos acerca da evasão na educação superior envolvem fatores de ordem social, psicológica, política, administrativa, econômica, bem como pedagógica. Observa-se que inúmeros autores vêm destacando as dificuldades de acesso e permanência na educação superior no Brasil, apesar das políticas educacionais implementadas de 2003-2015 terem criado vários programas de ações afirmativas, voltados para ampliação do acesso e permanência de uma camada da população historicamente excluída nas universidades públicas. Após agosto de 2016 se observou um decréscimo destas ações como proposta de governo, ficando assim, um expressivo contingente fora da universidade e um grupo de alunos que não consegue nela permanecer e concluir seu curso de graduação. Nesse estudo delimitou-se a análise deste fenômeno no curso de Zootecnia da UFRRJ, por ser um curso histórico da Instituição, devido às linhas de pesquisa do PPGEA e por este curso apresentar uma expressiva evasão. O objetivo geral do estudo foi caracterizar as causas da evasão estudantil no curso de Bacharelado em Zootecnia da UFRRJ, no período de 2013 a 2018. O primeiro capítulo apresentou um levantamento bibliográfico acerca dos estudos sobre a evasão escolar no Brasil, buscando caracterizar a problemática da pesquisa, aprofundando os estudos na educação superior, em cursos de graduação, através dos seguintes autores: Cislaghi (2008), Costa (2009), Cunha e Morosini (2013), Gisi (2006), Peixoto et al. (2000), Polydoro (2000), Silva Filho et al. (2007), entre outros. Ainda no capítulo um se descreveu a metodologia utilizada neste estudo, tendo como base os seguintes autores: Lakatos e Marconi (2007) e Gamboa (2013). A metodologia utilizada foi a pesquisa teórica e documental. Nos demais capítulos procedeu-se a análise de documentos oficiais da UFRRJ, buscando caracterizar historicamente, legalmente e academicamente o curso de Zootecnia da UFRRJ. A seguir foi caracterizado o fenômeno da evasão no Curso de Graduação em Zootecnia da UFRRJ, acompanhando a turma matriculada em 2013.1 até sua conclusão em 2018.1. A limitação do estudo deveu-se às dificuldades de realizar pesquisa de campo face à pandemia do Covid-19. Os resultados apontaram que o curso possui um alto nível de evasão. Essa dissertação relacionou possíveis causas deste fenômeno e proposições de superação com base em vários estudos sobre o tema.",https://rima.ufrrj.br/jspui/handle/20.500.14407/12578,Não informado pela instituição,Não informado pela instituição,"WITTMANN, Diego Dantas. Fatores que influenciam a evasão na universidade pública – o caso do curso de Zootecnia na Universidade Federal Rural do Rio de Janeiro. 2021. 73 f. Dissertação (Mestrado em Educação Agrícola) - Instituto de Agronomia, Universidade Federal Rural do Rio de Janeiro, Seropédica, RJ. 2021."
"Rodrigues, Alessandra Sarmento",http://lattes.cnpq.br/4643449519123201,"Naiff, Denis Giovani Monteiro||Não informado pela instituição",http://lattes.cnpq.br/7130312932739910||Não informado pela instituição,"Naiff, Denis Giovani Monteiro||Gonçalves, Silvia Maria Melo||Rocha, Fátima Niemeyer da||Não informado pela instituição||Não informado pela instituição",Não informado pela instituição,A educação inclusiva na perspectiva da teoria das representações sociais: concepções de docentes e discentes do Instituto Federal do Norte de Minas Gerais – Campus Salinas,2010,Universidade Federal Rural do Rio de Janeiro (UFRRJ),UFRRJ,Brasil,Instituto de Agronomia,Programa de Pós-Graduação em Educação Agrícola,Educação,openAccess,masterThesis,Representações sociais||Educação inclusiva||Educação||Deficientes,Social representations||Inclusive Education||Education||Disabled,por,"O presente trabalho tem como objetivo investigar a representação social de docentes e discentes do Instituto Federal do Norte de Minas Gerais – Campus Salinas, referente à inclusão de pessoas com deficiência em suas dependências. A educação inclusiva, em seu sentido pleno constitui ainda um grande desafio para a sociedade moderna. Apesar de o Brasil dispor de um significativo aparato legal que dá suporte a inclusão, nota-se que a prática difere da teoria, uma vez que ainda a muito a se fazer para que a inclusão realmente aconteça, envolvendo a necessidade uma ação conjunta de todos os ramos da sociedade. Considerando a temática da Inclusão, foi utilizada como suporte teórico desta pesquisa a Teoria das Representações Sociais de Serge Moscovici. Para alcançar o objetivo proposto, utilizou-se como instrumentos a técnica de Evocação Livre, associada a um questionário. Os dados foram analisados com base no software EVOC, que auxiliou apresentando a possível centralidade dos elementos da representação social e a analise do questionário segundo as orientações de Bardin. Finalmente os dados da pesquisa foram analisados a luz da bibliografia estudada apontado a representação social de docentes e discentes do IFNMG – Campus Salinas acerca da inclusão de pessoas com deficiência em suas dependências. O resultado da pesquisa auxilia no entendimento de questões relacionadas ao surgimento e manutenção de preconceitos; analise dos desafios, possibilidades e estratégias para a efetiva inserção e permanência de alunos com deficiência na rede de Educação Profissional e Tecnológica; em prol do discurso atual de respeito à diversidade, manifestando-se em ações significativas",https://rima.ufrrj.br/jspui/handle/20.500.14407/12304,Não informado pela instituição,Não informado pela instituição,"RODRIGUES, Alessandra Sarmento. A educação inclusiva na perspectiva da teoria das representações sociais: concepções de docentes e discentes do Instituto Federal do Norte de Minas Gerais - Campus Salinas. 2010. 105 f. Dissertação ( Mestrado em Educação Agrícola) - Instituto de Agronomia, Universidade Federal Rural do Rio de Janeiro, Seropédica, 2010."
"Silva, Andreza Carvalho da",Não informado pela instituição,Não informado pela instituição,Não informado pela instituição,Não informado pela instituição,Não informado pela instituição,Metodologias ativas em espaços educativos: processos de alfabetização científica em laboratórios móveis do projeto academia stem,2022,Universidade do Estado do Amazonas (UEA),UEA,Não informado pela instituição,Não informado pela instituição,Não informado pela instituição,Não informado pela instituição,openAccess,masterThesis,Metodologia ativa||Espaço não-formal||Alfabetização científica||Projeto academia STEM||Active methodology||Non-formal space||Scientific literacy||Ensino aprendizagem||Alfabetização científica,Não informado pela instituição,por,"This study addresses issues related to Active Methodologies in Non-Formal Spaces as a progression process of Scientific Literacy of engineering students. Bearing in mind that the world is in a moment of frequent transmutations with fleeting scientific and technological progress, it is essential to promote teaching methodologies that provide the development of skills and competences that make them manage this avalanche that emerges in the professional and social field. , since only specific technical knowledge does not constitute a pleasant engineer for the 21st century, who can visualize global demands. Given the theme, the general objective of the research is to investigate how the development of Active Methodologies in Non-Formal Spaces can contribute to the process of Scientific Literacy of students of the engineering course, scholarship holders in the Academia STEM Project of the State University of Amazonas. The research methodology is based on a qualitative approach, following participant observation techniques, a questionnaire with open questions and dialogue groups. The results allowed us to point out that the active methodology used in the Mobile Laboratories of the Academia STEM Project is Jigsaw, which obtain reading, writing, research, experience, teaching, dialogue, doubt, reflection, problem solving and planning activities that culminate in the development of skills and skills that make up an engineer able to deal with the social and professional field of the 21st century, such as: creativity, proactivity, autonomy, responsibility, cooperation, interaction and versatility. With this, the academics participating in the current study, in the Itinerant Mobile Laboratories of the STEM Academy Project, build their own knowledge, resulting in autonomy and Scientific Literacy, since the students, in addition to using the scientific vocabulary, are able to mobilize the specific technical concepts they have learned to their reality, giving applicability to everyday problems. In this way, we found that the active methodologies developed in the Mobile Laboratories of the Academia STEM Project provide the training of engineers who are more than technical specialists in certain themes, but emancipated citizens who are able to carry out a proper reading of the natural world, based on scientific knowledge in social and professional practices. Keywords: Active Methodology. Non-Formal Space. Scientific Literacy. Projeto Academia STEM.","SILVA, Andreza Carvalho da. Metodologias ativas em espaços educativos: processos de alfabetização científica em laboratórios móveis do projeto academia stem. 2022. 121 f. Dissertação (Mestrado em Educação e Ensino de Ciências na Amazônia) - Universidade do Estado do Amazonas, Manaus.||https://ri.uea.edu.br/handle/riuea/5200",Não informado pela instituição,Não informado pela instituição,Não informado pela instituição
"Souza, Renan Arjona de",http://lattes.cnpq.br/3492292074977618,"Souza, Nádia Maria Pereira de||Não informado pela instituição",http://lattes.cnpq.br/3482614478463727||Não informado pela instituição,"Otranto, Célia Regina||Paula, Lucilia Augusta Lino de||Quaresma, Maisa dos reis||Não informado pela instituição||Não informado pela instituição",Não informado pela instituição,O significado social dos cursos de licenciatura do Campus Nova Iguaçu da Universidade Federal Rural do Rio de Janeiro para a Baixada Fluminense,2016,Universidade Federal Rural do Rio de Janeiro (UFRRJ),UFRRJ,Brasil,Instituto de Agronomia,Programa de Pós-Graduação em Educação Agrícola,Educação,openAccess,masterThesis,Educação Superior||Expansão das Licenciaturas||Significado Social||Baixada Fluminense,Higher Education||Expansion of Undergraduate||Social Meaning,por,"A pesquisa foi pautada pela análise do significado social da expansão do ensino superior para a Baixada Fluminense, a partir da implantação dos cursos de Licenciatura do Campus Nova Iguaçu da Universidade Federal Rural do Rio de Janeiro, uma das 79 Instituições de Ensino Superior (IES) que participaram desta política estabelecida no primeiro mandato do governo do presidente Luis Inácio Lula da Silva (2003 a 2006). Assim, partiu-se de uma analise macro de políticas públicas educacionais e seus fins, com base teórica na Avaliação de Políticas Publicas e sua relação com a Avaliação Institucional das IES, que é uma ferramenta importante para aperfeiçoamento da consecução das suas funções de ensino, pesquisa e extensão, papel este relevante para promoção de melhoria dos índices sociais, através do objetivo comum entre estes dois conceitos de avaliação: a efetividade social. A fim de contextualizar a realidade que envolveu a implantação deste campus universitário, foram descritos alguns aspectos que caracterizaram as influencias das políticas de ensino superior no Brasil e na Baixada Fluminense no período da pesquisa, assim como a historicização dos seus primeiros quatro anos de funcionamento (2006 a 2009). A partir deste embasamento, buscou-se levantar parte das atividades de ensino, pesquisa e extensão ocorridas e realizou-se um levantamento de campo com parte dos discentes ingressantes dos primeiros cursos de licenciatura. Como resultado, foram conjugados os dados obtidos oportunizando situar aspectos da formação acadêmica e as atividades institucionais produzidas em consonância com uma política de ensino superior. Na UFRRJ, estas atividades de ensino, pesquisa e extensão seguiram rumo aos propósitos de formação estabelecidos, procurando atender os ideais da política educacional de expansão e interiorização do ensino superior para a Baixada Fluminense, potencializando a função e o engajamento do Campus Nova Iguaçu na contribuição da redução das desigualdades sociais nesta região, através de um ambiente transformador e favorável à formação de cidadãos críticos e conscientes do seu papel social.",https://rima.ufrrj.br/jspui/handle/20.500.14407/12883,Não informado pela instituição,Não informado pela instituição,"SOUZA, Renan Arjona de. O significado social dos cursos de licenciatura do Campus Nova Iguaçu da Universidade Federal Rural do Rio de Janeiro para a Baixada Fluminense. 2016. 29 f. Dissertação (Mestrado em Educação Agrícola) - Instituto de Agronomia, Universidade Federal Rural do Rio de Janeiro, Seropédica, 2016."
"Santos, Rejane Valéria",http://lattes.cnpq.br/8024467027714833,"Berenblum, Andrea||Não informado pela instituição",Não informado pela instituição,"Giambiagi, Irene||Coutinho, Maria Angélica da Gama Cabral||Não informado pela instituição||Não informado pela instituição||Não informado pela instituição",Não informado pela instituição,"O papel da biblioteca escolar na formação de leitores: a experiência da biblioteca do Instituto Federal de Minas Gerais - Campus São João Evangelista, MG, na formação de leitores nos cursos de nível médio",2019,Universidade Federal Rural do Rio de Janeiro (UFRRJ),UFRRJ,Brasil,Instituto de Agronomia,Programa de Pós-Graduação em Educação Agrícola,Educação,openAccess,masterThesis,Biblioteca Escolar||Formação de leitores||Instituto Federal de Minas Gerais,School library||Reader training,por,"O presente trabalho aborda o papel da Biblioteca Escolar na formação do leitor, alunos do Instituto Federal de Minas Gerais, Campus São João Evangelista. A pesquisa parte da concepção de Biblioteca Escolar enquanto espaço que oferta condições de acesso ao acervo bibliográfico, mas que também se constitui como um espaço de aprendizagem, assim traremos o debate para o cenário local, explorando as questões que envolvem tal formação a partir do seguinte problema de pesquisa: a Biblioteca Professor Pedro Valério realmente contribui na formação de leitores? Considerando-se a problemática apresentada, este estudo tem como objetivo geral investigar o desempenho da biblioteca Professor Pedro Valério na formação do leitor. A pesquisa pretendeu avançar no conhecimento sobre a função, desempenho e papel da Biblioteca Escolar, a partir dos estudos da área, buscando indagar sobre contribuições potenciais ou reais da Biblioteca Professor Pedro Valério na formação do leitor. Contribuindo para o importante debate sobre a biblioteca como espaço de aprendizagem no campo das pesquisas em educação e em biblioteconomia no Brasil. Questões importantes também são levantadas sobre o papel dos bibliotecários e de professores nesse cenário, abordando as formas pelas quais suas práticas podem se relacionar, influenciando a Biblioteca Escolar. Foi realizada uma pesquisa qualitativa com informações coletadas a partir de questionários e entrevista semiestruturada com alunos do 3º ano do curso de Nutrição e Dietética do Instituto Federal de Minas Gerais – Campus São João Evangelista, professores do respectivo curso e a Coordenação Geral do Ensino Médio e Técnico. A pesquisa identificou como positivos a autonomia da biblioteca, para realizar atividades de formação de leitores e a importância da articulação de professores, bibliotecários e coordenadores, como agentes determinantes para que a biblioteca atue na efetiva formação do leitor.",https://rima.ufrrj.br/jspui/handle/20.500.14407/12705,Não informado pela instituição,Não informado pela instituição,"SANTOS, Rejane Valéria. O papel da biblioteca escolar na formação de leitores: a experiência da biblioteca do Instituto Federal de Minas Gerais - Campus São João Evangelista, MG, na formação de leitores nos cursos de nível médio. 2019. 84 f. Dissertação (Mestrado em Educação) - Instituto de Agronomia, Universidade Federal Rural do Rio de Janeiro, Seropédica, 2019."
"Ramos, Marcele Camargo",http://lattes.cnpq.br/4463857364595092,"Oliveira, Lia Maria Teixeira de||Não informado pela instituição",http://lattes.cnpq.br/1917858404070055||Não informado pela instituição,"Oliveira, Lia Maria Teixeira de||Souza, Nádia Maria Pereira de||Arruda, Maria da Conceição Calmon||Não informado pela instituição||Não informado pela instituição",http://lattes.cnpq.br/1917858404070055||http://lattes.cnpq.br/3482614478463727||http://lattes.cnpq.br/5156007272296080||Não informado pela instituição||Não informado pela instituição,"Democratizar para resistir: o impacto do plano de apoio a planos de reestruturação e expansão das universidades federais (REUNI) na Universidade Federal Rural do Rio de Janeiro (UFRRJ), na perspectiva de expansão das licenciaturas",2021,Universidade Federal Rural do Rio de Janeiro (UFRRJ),UFRRJ,Brasil,Instituto de Agronomia,Programa de Pós-Graduação em Educação Agrícola,Educação,openAccess,masterThesis,Educação||Ensino Superior||Democratização||REUNI,Education||University education||Democratization||REUNI,por,"A educação ao mesmo tempo em que é considerada um meio de se promover o desenvolvimento social de uma nação, sempre foi palco de grandes discussões, principalmente, porque na história essa foi direcionada inicialmente para uma pequena parcela da população, considerada elites econômicas. Contudo, toma-se necessário ampliar o acesso à educação básica, mas também ao ensino superior visando incluir o cidadão no projeto de desenvolvimento social, econômico e da ciência. O presente estudo tem como objetivo analisar o Programa de Reestruturação e Expansão das Universidades Federais (REUNI) destinado a expansão do acesso e permanência da educação superior e verificar a singularidade da expansão na Universidade Federal Rural do Rio de Janeiro e sua proposta de democratização do acesso ao ensino superior e a redução das desigualdades, ampliando os cursos de Licenciatura. Para isso, foi adotada a abordagem qualitativa da pesquisa em educação, tratando a fundamentação do percurso metodológico por meio do estudo de caso. Os dados foram sendo construídos a partir de fontes primárias e secundárias segundo a técnica de documentação, que foi possível devido ao levantamento das fontes nas Pró-Reitorias da UFRRJ, além de entrevistas semiestruturadas e da revisão de literatura necessária a interpretação dos dados.",https://rima.ufrrj.br/jspui/handle/20.500.14407/12892,Não informado pela instituição,Não informado pela instituição,"RAMOS, Marcele Camargo. Democratizar para resistir: o impacto do plano de apoio a planos de reestruturação e expansão das universidades federais (REUNI) na Universidade Federal Rural do Rio de Janeiro (UFRRJ), na perspectiva de expansão das licenciaturas. 2021. 135 f. Dissertação (Mestrado em Educação Agrícola) - Instituto de Agronomia, Universidade Federal Rural do Rio de Janeiro, Seropédica, 2021."
"Oliveira, Olivia Chaves de",http://lattes.cnpq.br/3607989256546860,"Otranto, Celia Regina||Não informado pela instituição",http://lattes.cnpq.br/6452959271161723||Não informado pela instituição,"Otranto, Celia Regina||Soares, Ana Maria Dantas||Martins, Angela Maria Souza||Maciel, Carina Elisabeth||Costa, Nailda Marinho da",http://lattes.cnpq.br/6452959271161723||http://lattes.cnpq.br/3776117532043539||http://lattes.cnpq.br/5107648703971653||http://lattes.cnpq.br/4726577463139954||http://lattes.cnpq.br/6808159992680595,A democratização da educação superior e as ações de assistência estudantil na história da Universidade Federal Rural do Rio de Janeiro (UFRRJ),2021,Universidade Federal Rural do Rio de Janeiro (UFRRJ),UFRRJ,Brasil,Instituto Multidisciplinar de Nova Iguaçu||Instituto de Educação,"Programa de Pós-Graduação em Educação, Contextos Contemporâneos e Demandas Populares",Educação,openAccess,doctoralThesis,educação superior||permanência||democratização||política educacional||educational policy,higher education||permanence||democratization,por,"Esta pesquisa de doutoramento teve como foco de estudo a assistência estudantil na Universidade Federal Rural do Rio de Janeiro (UFRRJ). Seu objetivo geral foi investigar a história da assistência estudantil na UFRRJ e a adesão da instituição às políticas de democratização da educação superior emanadas dos governos dos Presidentes Fernando Henrique Cardoso, Luís Inácio Lula da Silva, Dilma Rousseff e Michel Temer. O recorte temporal da pesquisa vai de 1995 a 2018 e analisa, especialmente, as políticas de expansão e democratização da educação superior brasileira, que incluem o acesso e a permanência dos estudantes nos cursos de graduação das universidades públicas no período selecionado. Trata-se de uma pesquisa qualitativa, do tipo exploratória e descritiva, que utilizou para o levantamento de dados a pesquisa bibliográfica e documental, além de entrevistas com os gestores da assistência estudantil na UFRRJ. A opção epistemológica está amparada em categorias de análise referenciadas em Pierre Bourdieu e sua sociologia reflexiva, tais como: capital cultural, capital social, capital econômico e habitus. No quadro teórico aprofundamos os conceitos de democratização da educação superior (acesso, permanência e expansão) e assistência estudantil, tendo como pano de fundo o Programa Nacional de Assistência Estudantil no percurso histórico da UFRRJ. O estudo está dividido em seis capítulos. Os Capítulos I, II e III tratam, respectivamente, das categorias de análise selecionadas para este estudo, com base em Bourdieu; da expansão e democratização da educação superior, em cada período político dentro do recorde temporal da pesquisa; e da discussão sobre as políticas de acesso e permanência e suas implicações para a assistência estudantil. No Capítulo IV abordamos o histórico da assistência estudantil e a mudança do perfil do estudante universitário como reflexo das políticas de acesso e permanência implantadas pelo governo federal. No Capítulo V