Autor(a),ID Lattes do(a) autor(a),Orientadores,ID Lattes dos orientadores,Membros da banca,ID Lattes dos membros da banca,Título,Ano de defesa,Instituição de defesa,Sigla da instituição de defesa,País da instituição de defesa,Departamento da instituição de defesa,Programa de Pós-Graduação da instituição de defesa,Área do conhecimento CNPq,Tipos de acesso,Tipo de documento,Assuntos em português,Assuntos em inglês,Idioma,Resumo,Link de acesso,Resumo em Português,Resumo em Inglês,Referência Bibliográfica
"Castro, Fabio Oliveira de [UNIFESP]",Não informado pela instituição,Não informado pela instituição,Não informado pela instituição,Não informado pela instituição,Não informado pela instituição,Processo seletivo de ingresso no ensino médio integrado do instituto federal de São Paulo: análise crítica de dois modelos,2022,Universidade Federal de São Paulo (UNIFESP),UNIFESP,Não informado pela instituição,Não informado pela instituição,Não informado pela instituição,Não informado pela instituição,openAccess,masterThesis,Processo seletivo||Ensino médio integrado||Ações afirmativas||Acesso e permanência||Institutos federais,Não informado pela instituição,por,"Esta dissertação tem como objetivo principal analisar os modelos de seleção utilizados nos processos seletivos dos cursos técnicos integrados ao ensino médio do Instituto Federal de Educação, Ciência e Tecnologia de São Paulo (IFSP) e a sua relação com o perfil socioeconômico e o desempenho acadêmico dos ingressantes. Historicamente, o IFSP utilizou a prova como modelo de seleção em seus processos seletivos de ingresso aos cursos técnicos. Esse modelo de seleção, somado à disparidade educacional entre as redes públicas e privadas, potencializava as chances de ingresso de alunos de escolas privadas e, em contrapartida, afastava o acesso de alunos oriundos de escolas públicas. A partir de 2017, por questões orçamentarias, a instituição passa a utilizar a análise de histórico escolar como modelo de seleção em seus certames. Para alguns segmentos da comunidade escolar, essa mudança poderia proporcionar o ingresso de alunos “menos capacitados”, que apresentariam mais dificuldades pedagógicas e sociais, as quais poderiam dificultar que conseguissem acompanhar o “ritmo de ensino da federal”, elevando o número de evasões e retenções. Diante do exposto, buscamos analisar se a escolha do modelo de seleção pela instituição pode potencializar, ou não, o acesso de alunos de escolas públicas ao IFSP, bem como averiguar qual seria o perfil dos candidatos e ingressantes submetidos a diferentes modelos de seleção. Observamos também a efetividade da aplicação da Lei n. 12711/12 (Lei de Cotas), implantada pelo IFSP nos editais de processo seletivo a partir de 2012, que assegurava 50% das vagas ofertadas a alunos que cursaram integralmente o ensino fundamental em escola pública. Analisamos dados quantitativos dos processos seletivos de 2010, 2016, 2018 e 2021, que utilizaram diferentes modelos de seleção, e variaram quanto a disponibilizar a reserva de vagas para alunos de escola pública. Para compreender as possíveis alterações nos perfis dos candidatos e ingressantes, utilizamos como lócus de nossa pesquisa o Campus São Paulo, unidade mais antiga do IFSP e que apresenta o maior número de inscritos dentre todos os campi do IFSP. Pudemos constatar a importância da Lei de Cotas na ampliação do acesso de estudantes oriundos de escolas públicas à Instituição e verificamos igualmente que a escolha do modelo de seleção de análise curricular contribuiu para que tivéssemos um número maior de aprovados egressos da rede pública. Percebemos, também, que a implantação da Lei de Cotas e a aplicação do modelo de análise curricular nos processos de seleção não proporcionaram o aumento de retenções e evasões dos cursos analisados. Identificamos a necessidade da divulgação do processo seletivo, de forma ampliada e regular, junto às escolas da rede pública, e a ampliação de ações afirmativas institucionais visando à ampliação do acesso de egressos da rede pública de ensino.",https://repositorio.unifesp.br/handle/11600/67157,Não informado pela instituição,Não informado pela instituição,Não informado pela instituição
"Tavares Junior, Paulo Roberto Faber",Não informado pela instituição,"Batista, Neusa Chaves||Não informado pela instituição",Não informado pela instituição,Não informado pela instituição,Não informado pela instituição,As disputas no processo de implementação da política de cotas para estudantes negras e negros no ensino médio integrado dos institutos federais : estudo de caso nos campi Canoas e Restinga do IFRS,2024,Universidade Federal do Rio Grande do Sul (UFRGS),UFRGS,Não informado pela instituição,Não informado pela instituição,Não informado pela instituição,Não informado pela instituição,openAccess,doctoralThesis,Ações afirmativas||Ensino médio||Políticas públicas,Não informado pela instituição,por,"Neste estudo de caso, analisamos o contexto da prática na primeira década de implementação da Política de Cotas (2012-2022), para pessoas negras, sejam elas pretas ou pardas, nos campi Canoas e Restinga do IFRS, especificamente nos cursos técnicos de nível médio, na forma integrada ao ensino médio. A reitoria do IFRS também fez parte do campo de análise. Realizamos uma genealogia dos IFs na Rede EPT e sua relação com o tema, a partir de um estudo exploratório de editais e de um Estado da Questão, como parte da justificativa. Entrevistamos, a maioria de forma presencial, 42 pessoas, sendo 26 servidoras (professores/as e técnicos administrativos), que ocupam/ocuparam cargos de gestão (pró-reitorias ou diretorias) e/ou coordenação (setores, comissões, núcleos ou assessorias), vinculados ao processo seletivo e/ou as ações afirmativas. As outras 16 entrevistas foram realizadas com estudantes, cotistas e não cotistas, que aceitaram participar, a partir de convites enviados a todos/as estudantes do 3° e 4° ano. Utilizando a metodologia de Análise do Ciclo de Políticas, de forma intersecional a conceitos como raça, decolonialidade e justiça social, a pesquisa desvelou e analisou a arquitetura institucional, a forma como são construídos tais documentos no IFRS, quais os principais atores/grupos/setores que participam da implementação de forma mais direta (burocratas de nível de rua), quais seus perfis e atuação nas partes pouco discricionárias na Política de Cotas. A tese traz, do mesmo modo, contribuições sobre o contexto de influência da implementação, trazendo, por exemplo, as cotas para pessoas negras existentes em dois campi do IFRS, que diminuíram depois da Lei de Cotas. Também a forma como à reserva de vagas para pessoas negras não tem sido colocada como uma prioridade no IFRS, em detrimento do acesso universal e, inclusive, de outros grupos de AF. A tese analisa os mecanismos de adoção dos procedimentos normativos na sua relação com outras arquiteturas institucionais e os momentos de implementação da política de cotas para estudantes negras e negros no conjunto da Política de Ações Afirmativas do IFRS, a partir da percepção da comunidade acadêmica. Além disto, verifica o processo de construção da normatividade institucional da política, como um elemento potente de promoção de equidade racial no interior da instituição. O trabalho conclui que a implementação da Lei de Cotas no IFRS pode possibilitar apenas parcialmente uma institucionalidade de justiça social e de justiça racial, uma vez que os discentes e servidoras/es negras/os e antirracistas, tiveram pouca ou nenhuma participação efetiva na implementação da política, apesar de constarem na documentação da instituição. Nenhum dos 104 cargos de direção do IFRS foi destinado especificamente ao tema e inexiste um conselho antirracista, de ERER ou equivalente. Ao mesmo tempo, alguns dados quantitativos e entrevistas, deixam nítido que houve, no período, um maior acesso de estudantes negros à instituição, que guardam neles aposta a esperança de construção de um outro momento em que ela própria seja transformada, tornando-se um espaço em que estes estudantes possam sentir-se pertencentes e ela, capaz de produzir uma sociedade mais justa.",http://hdl.handle.net/10183/276887,Não informado pela instituição,Não informado pela instituição,Não informado pela instituição
"Blengini, Ana Paula da Graça Souza",Não informado pela instituição,Não informado pela instituição,Não informado pela instituição,Não informado pela instituição,Não informado pela instituição,"O Ensino Médio Integrado: concepções, disputas e indeterminações",2012,Universidade do Estado do Rio de Janeiro (UERJ),UERJ,Não informado pela instituição,Não informado pela instituição,Não informado pela instituição,Não informado pela instituição,openAccess,masterThesis,Integrated secondary education||Secondary education||Professional education||Educational reform||Polytechnic education||Unitary school||Ensino médio Brasil||Ensino profissional Brasil||Ensino técnico Brasil||Reforma de ensino Brasil||Ensino médio integrado||Reforma educacional||Educação politécnica||Escola unitária||CNPQ::CIENCIAS HUMANAS::CIENCIA POLITICA::POLITICAS PUBLICAS,Não informado pela instituição,por,"O presente trabalho tem por objetivo problematizar a concepção de Ensino Médio Integrado que fundamentou a revogação do Decreto n. 2.208/07 do governo Fernando Henrique Cardoso pelo de n. 5.154/04, promulgado durante a gestão presidencial de Luis Inácio Lula da Silva. Para isto, situa o tema no contexto das reformas educacionais dos anos de 1990 e 2000 à luz das transformações que marcam o capitalismo contemporâneo. Em seguida, considerando que a concepção de Ensino Médio Integrado afirma estar fundamentada sobre os conceitos de educação politécnica, escola unitária e formação omnilateral, busca resgatar os autores originais dessas ideias, quais sejam, Karl Marx, Antonio Gramsci e, no Brasil, principalmente Dermeval Saviani. Além disso, com base em Karl Marx e György Lukács, propõe uma breve discussão das premissas filosóficas sobre as quais o pensamento educacional desses autores se sustenta, a saber, a concepção de homem como ser social que se produz pela mediação do trabalho; e a concepção de ciência e/ou conhecimento como teleologias secundárias que se constituem na história como condição sine qua non para o contínuo desenvolvimento do gênero humano e da sociedade. Por fim, com base em textos oficiais do Ministério da Educação e em alguns textos acadêmicos de autores que estiveram diretamente envolvidos com este ministério, problematiza a concepção de Ensino Médio Integrado que atravessou o debate político sobre a revogação do Decreto n. 2.208/97. À guisa de conclusão, propõe algumas reflexões a respeito dos limites e possibilidades do Ensino Médio Integrado enquanto proposta de travessia para uma sociedade que tenha superado a divisão de classes, bem como suas virtudes e tensões frente à proposta de educação politécnica.","BLENGINI, Ana Paula da Graça Souza. O Ensino Médio Integrado: concepções, disputas e indeterminações. 2012. 113 f. Dissertação (Mestrado em Educação) - Universidade do Estado do Rio de Janeiro, Rio de Janeiro, 2012.||http://www.bdtd.uerj.br/handle/1/14904",Não informado pela instituição,Não informado pela instituição,Não informado pela instituição
"Santos, Danielle de Sousa, 1975-",Não informado pela instituição,Não informado pela instituição,Não informado pela instituição,Não informado pela instituição,Não informado pela instituição,Democratização do acesso ao ensino médio integrado no IFSP : o contexto da implementação da Lei de reserva de vagas,2018,Universidade Estadual de Campinas (UNICAMP),UNICAMP,Não informado pela instituição,Não informado pela instituição,Não informado pela instituição,Não informado pela instituição,openAccess,doctoralThesis,Ensino médio||Ensino integrado||Programas de ação afirmativa na educação||Educação profissional||High school||Integrated teaching||Affirmative action programs in education||Professional education||Democratization of education,Não informado pela instituição,por,Orientador: Dirce Djanira Pacheco e Zan,"https://hdl.handle.net/20.500.12733/1634543||SANTOS, Danielle de Sousa. Democratização do acesso ao ensino médio integrado no IFSP: o contexto da implementação da Lei de reserva de vagas. 2018. 1 recurso online (232 p.) Tese (doutorado) - Universidade Estadual de Campinas, Faculdade de Educação, Campinas, SP. Disponível em: https://hdl.handle.net/20.500.12733/1634543. Acesso em: 28 fev. 2025.",Não informado pela instituição,Não informado pela instituição,Não informado pela instituição
"Silva, Jeferson Eduardo",Não informado pela instituição,Não informado pela instituição,Não informado pela instituição,Não informado pela instituição,Não informado pela instituição,"O acesso e permanência de pessoas pretas, pardas e indígenas no ensino médio integrado do curso técnico em Agropecuária do Instituto Federal Goiano – Campus Ceres",2024,Instituto Brasileiro de Informação em Ciência e Tecnologia (Ibict),IBICT,Não informado pela instituição,Não informado pela instituição,Não informado pela instituição,Não informado pela instituição,openAccess,masterThesis,"Inclusão educacional||Políticas afirmativas||Estudantes PPI||Ensino Médio Integrado,||Transformação social||Educação||Planejamento e Avaliação Educacional||Política Educacional",Não informado pela instituição,por,"Este estudo justifica-se pela relevância no contexto educacional brasileiro, abordando de maneira criteriosa o acesso e a persistência de estudantes pretos, pardos e indígenas (PPI) no ensino médio integrado ao curso técnico em agropecuária. O estudo foi realizado no Instituto Federal Goiano - Campus Ceres, lança luz sobre questões cruciais de inclusão e diversidade, fornecendo entendimentos significativos sobre as políticas educacionais, as experiências dos estudantes que acessaram a educação profissional e tecnológica por cotas PPI e os desafios enfrentados. A dissertação começa com uma contextualização histórica abrangente da educação profissional e tecnológica no Brasil. Essa retrospectiva é fundamental para compreender as políticas educacionais atuais e como elas foram moldadas ao longo dos anos, influenciadas por diversos fatores políticos, sociais e econômicos. A revisão bibliográfica destaca o papel transformador da educação na sociedade e a importância das políticas afirmativas na promoção da igualdade e inclusão de grupos historicamente marginalizados. O objetivo central da pesquisa é investigar os fatores que afetam o acesso e a permanência de estudantes pretos, pardos e indígenas no curso técnico em agropecuária do Instituto Federal Goiano - Campus Ceres. Para alcançar esse objetivo, foi adotada uma metodologia qualitativa que envolve entrevistas semiestruturadas com discentes, docentes e assistente educacional, bem como a análise de documentos e registros institucionais. Essa abordagem permite uma compreensão mais profunda e humanizada das experiências dos estudantes, indo além de meros dados estatísticos. Os resultados da pesquisa são reveladores e contribuem significativamente para o debate sobre educação inclusiva no Brasil, sendo analisados por meio de uma abordagem ampla dos dados. A dissertação demonstra que, apesar dos avanços nas políticas educacionais, ainda existem desafios consideráveis para a inclusão efetiva de estudantes pretos, pardos e indígenas. Questões como preconceito, falta de representatividade e dificuldades financeiras continuam a ser obstáculos significativos para esses discentes. No entanto, também são destacados aspectos positivos das políticas de inclusão, como o aumento no número de estudantes desses grupos em cursos técnicos e a valorização de suas identidades culturais dentro do ambiente escolar. A dissertação enfatiza a importância de políticas educacionais mais inclusivas e equitativas no Brasil, propondo caminhos para superar os desafios identificados. O estudo destaca a necessidade de medidas que combatam o preconceito, promovam a representatividade e ofereçam suporte financeiro adequado aos estudantes pretos, pardos e indígenas. Além disso, ressalta a importância de se manter um ambiente escolar que celebre a diversidade cultural e respeite as identidades destes discentes. Espera-se que este estudo seja uma leitura importante para educadores, formuladores de políticas públicas e todos aqueles interessados em uma educação verdadeiramente inclusiva e transformadora. Ademais, foi produzido, com a participação dos alunos participantes da pesquisa, um documentário que apresenta os desafios e as experiências dos estudantes cotistas no curso e na vida acadêmica dentro do IF Goiano – Campus Ceres.",https://deposita.ibict.br/handle/deposita/573,Não informado pela instituição,Não informado pela instituição,Não informado pela instituição
"Melo Neto, Antonio Jesus Souza",http://lattes.cnpq.br/2950459234165489,"Guimarães, Edilene Rocha||Não informado pela instituição",http://lattes.cnpq.br/4669859112084836||Não informado pela instituição,"Cordeiro, Eugênia de Paula Benício||Bezerra, Anna Giovanna Rocha||Não informado pela instituição||Não informado pela instituição||Não informado pela instituição",http://lattes.cnpq.br/7596954578610486||http://lattes.cnpq.br/3378610726646094||Não informado pela instituição||Não informado pela instituição||Não informado pela instituição,A produção textual em linhas de argumentação como prática integradora no Ensino Médio Integrado,2019,"Instituto Federal de Educação, Ciência e Tecnologia de Pernambuco (IFPE)",IFPE,Brasil,Olinda,"Programa de Pós-Graduação em Educação Profissional e Tecnológica, (PROFEPT), do Instituto Federal de Educação, Ciência e Tecnologia de Pernambuco",CIENCIAS HUMANAS::EDUCACAO::CURRICULO,openAccess,masterThesis,Educação - Prática de ensino||Currículo||Produção Textual||Práticas integradoras e interdisciplinaridade.||Formação integral e cidadania||Ensino Médio Integrado,Não informado pela instituição,por,"Esta pesquisa objetiva compreender a produção textual baseada em linhas de argumentação como prática curricular integradora, através do discurso do estudante do Curso Técnico em Informática Integrado ao Ensino Médio do Campus Esperança do Instituto Federal de Educação, Ciência e Tecnologia da Paraíba – IFPB. Especificamente, pretende: identificar, a partir dos documentos jurídicos e institucionais, o discurso sobre formação integral subjacente ao referido Curso; analisar o processo de identificação com a formação integral do sujeito-estudante desse Curso; elaborar um produto educacional de sequência didática interdisciplinar que utilize a produção textual em linhas de argumentação como prática curricular integradora, com vistas à formação integral dos estudantes do Ensino Médio Integrado. Esse produto foi testado por estudantes da terceira série do Curso Técnico em Informática Integrado ao Ensino Médio do Campus Esperança do IFPB (CTIIEM-IFPB-Esperança), que se configura como campo de pesquisa. A validação quanto à viabilidade desse produto educacional foi feita por meio de registro em portfólio dos estudantes participantes da testagem. O caminho teórico-metodológico adotado é a abordagem qualitativa, a partir de uma pesquisa participante, que apresenta como sujeitos os estudantes da terceira série do referido curso; como instrumento de coleta de dados, a análise documental; e como técnica de análise de dados, a Análise do Discurso Francesa. Os resultados da análise dos dados revelam que o discurso da construção de competências subjaz aos documentos institucionais que regem os currículos do IFPB; e permitem afirmar que a produção textual baseada em linhas de argumentação, ao problematizar e ressignificar as competências exigidas, pode funcionar como prática integradora com vistas à formação integral no Ensino Médio Integrado, tendo em vista que possibilita uma percepção mais completa e complexa do contexto escolar e social, por meio da integração entre sujeitos e saberes, conforme revela o discurso do sujeito-estudante do CTIIEM-IFPB-Esperança. Professores do Ensino Médio Integrado que buscam práticas integradoras através da produção textual argumentativa e interdisciplinar terão no produto educacional desta pesquisa uma estratégia pedagógica de significativo potencial.",https://repositorio.ifpe.edu.br/xmlui/handle/123456789/124,Não informado pela instituição,Não informado pela instituição,"MELO NETO, Antonio Jesus Souza. A produção textual em linhas de argumentação como prática integradora no Ensino Médio Integrado. 2019. 162 f. Dissertação (Mestrado Profissional em Educação Profissional e Tecnológica) - Instituto Federal de Educação, Ciência e Tecnologia de Pernambuco IFPE, Campus Olinda, Olinda, 2019."
"Maia, José Eduardo Nobre",Não informado pela instituição,Não informado pela instituição,Não informado pela instituição,Não informado pela instituição,Não informado pela instituição,Ensino médio integrado no ceará: construção da escola em tempo integral,2020,Universidade Federal Rural do Semi-Árido (UFERSA),UFERSA,Não informado pela instituição,Não informado pela instituição,Não informado pela instituição,Não informado pela instituição,openAccess,masterThesis,Educação integral||Tempo integral||Ensino Médio||Ceará||Integral education||Full-time||High school||Ceará||CIENCIAS HUMANAS::EDUCACAO::ENSINO-APRENDIZAGEM,Não informado pela instituição,por,"The present dissertation was intended to analyze the curricular and political reconstruction of the school proposal in full time, in the comprehension of the school context itself. The general objective of the study was: to analyze the challenges and possibilities for the construction of a full time school through the construction of high school integrated in the public school of Ceará. This objective was supported by the following specific objectives: a) Discuss the specificities of the teaching proposal based on the Full-time High Schools (EEMTI); b) Discuss the process of curriculum structuring of EEMTI; c) Evaluate the contributions and results of the process of building the EEMTI in a state school already established by the program; and d) To analyze the repercussions of the construction of the EEMTI from the perspective of managers and teachers, for the understanding of the unfolding in the teaching process and the processes of resignification. The theoretical-methodological scope of the study was the basis proposed by the Ball Policy Cycle approach. In this case study, we used a qualitative perspective with three approaches to data construction: document analysis, on-site observations and semi-structured interviews; and a quantitative approach, based on an analysis of the numerical results of the proposal. In this endeavor, contributions were produced from a poststructuralist theoretical view, seeking to understand the field of teaching resignifications, which express themselves as practices linked to policy cycles that intercommunicate and dispute between themselves formations of meanings. The information provided provided relevant data for the construction of important reflections, especially regarding the demands to face the challenges of the fulltime public school, as well as the strategies of policy reconstruction in each distinct school territory. Therefore, it is necessary to consider the experiences, opinions and different perspectives of all actors involved in politics, understood as active participants in the process of its construction, and it is necessary to understand and analyze politics as a practice. It seems feasible, therefore, to assert that full-time success comes not from the policy text, with its perfect goals and objectives, but from the action of managers, coordinators, teachers, students, and other community participants in carrying out creative and improvised actions and reconstructions. with the resource assigned to them.",https://doi.org/10.21708/bdtd.ppgee.dissertacao.5327||https://repositorio.ufersa.edu.br/handle/prefix/5327,Não informado pela instituição,Não informado pela instituição,Não informado pela instituição
"Souza, Carlos Eduardo de",Não informado pela instituição,Não informado pela instituição,Não informado pela instituição,Não informado pela instituição,Não informado pela instituição,Conhecimento estético-artístico no Ensino Médio Integrado da RFEPCT: tensão para a formação humana omnilateral,2023,Universidade Federal do Espírito Santo (UFES),UFES,Não informado pela instituição,Não informado pela instituição,Não informado pela instituição,Não informado pela instituição,openAccess,doctoralThesis,Ensino Médio Integrado||Educação Profissional||Conhecimento estético-artístico||Marxismo||Educação,Não informado pela instituição,por,"Within the great theme “training subjects and aesthetic-artistic production as objectification of the human race”, this study sought to analyze the place occupied by aesthetic-artistic knowledge in Integrated Secondary Education (EMI) within the scope of the Federal Network of Professional Education, Science and Technology (RFEPCT). The thesis resorted to three main sources of data: 1) historiographical literature and records of scientific events; 2) regulations and laws enacted throughout the entire institutionalization of Professional Education in Brazil, especially from its link with Basic Education; and 3) the survey and study of texts (journals/journals, dissertations and theses) published between the years 2008 and 2020, having as object the teaching work at the EMI of the RFEPCT, focusing on aesthetic-artistic contents. The theoretical framework adopted is the Historical-dialectical Materialism, the Historical-Critical Pedagogy, the Historical-cultural Psychology and the critical writings on Vygotsky's art published between 1915 and 1925. In addition to its presence as a curricular component, knowledge aesthetic-artistic can be presented at EMI as experiences, stimulated by different projects (research and extension) carried out by Federal Institutes (IFs). This presence (which occurs in the midst of emptying) is threatened by Law 13.415/2017, which exempts Artistic Education in High School, and also by a set of ultraconservative actions and policies carried out by the “privatizing counter-network” that has taken over the MEC, with great penetration in the federal governments of Temer and Bolsonaro. In a logic of human capital formation or current employability, aesthetic-artistic knowledge proves to be “useless”. Contrary to this ideology and its more harmful effects on the formation of adolescents, considering also the IME as a “crossing” towards an omnilateral formation, we defend that the aesthetic-artistic content represents, in the set of other knowledges considered as “useless” (Philosophy , Physical Education, Sociology), a focus of tension that enhances this path, insofar as, in the face of pressures for merely professional training, it affirms the usefulness of knowledge considered, by the apologists of the national and international bourgeoisie, as “useless ” to workers and their children.",http://repositorio.ufes.br/handle/10/12504,Não informado pela instituição,Não informado pela instituição,Não informado pela instituição
"Silva, Maicon Donizete Andrade",Não informado pela instituição,Não informado pela instituição,Não informado pela instituição,Não informado pela instituição,Não informado pela instituição,A gestão tecnocrática e empresarial nas escolas estaduais de educação profissional integral do Ceará (2008 a 2023),2024,Universidade de Brasília (UnB),UNB,Não informado pela instituição,Não informado pela instituição,Não informado pela instituição,Não informado pela instituição,openAccess,doctoralThesis,Educação básica||Ensino médio integrado||Gestão da educação||Educação profissional,Não informado pela instituição,por,"Tese (doutorado) — Universidade de Brasília, Faculdade de Educação, Programa de Pós-Graduação em Educação, 2024.","SILVA, Maicon Donizete Andrade. A gestão tecnocrática e empresarial nas escolas estaduais de educação profissional integral do Ceará (2008 a 2023) . 2024. 302 f., il. Tese (Doutorado em Educação) — Universidade de Brasília, Brasília, 2024.||http://repositorio.unb.br/handle/10482/51143",Não informado pela instituição,Não informado pela instituição,Não informado pela instituição
"Santana, Natália Tibéria Veloso de",http://lattes.cnpq.br/6338771168686345,"Rodrigues, Kleber Fernando||Não informado pela instituição",http://lattes.cnpq.br/ 5404409205728691||Não informado pela instituição,"Rodrigues, Kleber Fernando||Souza, Bernardina Santos Araújo de||Torres, Vanessa Cavalcanti de||Não informado pela instituição||Não informado pela instituição",http://lattes.cnpq.br/ 5404409205728691||http://lattes.cnpq.br/ 4929110097621126||http://lattes.cnpq.br/ 6232711235861562||Não informado pela instituição||Não informado pela instituição,A Inclusão na Educação Profissional e Tecnológica: uma análise sobre o Núcleo de Atendimento às Pessoas com Necessidades Educacionais Específicas - NAPNE do IFPE,2024,"Instituto Federal de Educação, Ciência e Tecnologia de Pernambuco (IFPE)",IFPE,Brasil,Olinda,"Programa de Pós-Graduação em Educação Profissional e Tecnológica, (PROFEPT), do Instituto Federal de Educação, Ciência e Tecnologia de Pernambuco",CIENCIAS HUMANAS::EDUCACAO::ORIENTACAO E ACONSELHAMENTO,openAccess,masterThesis,Educação de pessoas com deficiências e necessidades especiais||Educação inclusiva||Políticas de ações afirmativas||Planejamento e desenvolvimento de políticas educacionais||Educação Profissional e Tecnológica||Ensino Médio Integrado,Não informado pela instituição,por,"O objetivo deste estudo é analisar o papel dos NAPNE do IFPE para a inclusão educacional de discentes com deficiência e/ou necessidades educacionais específicas, visando a produção de subsídios para a implementação e/ou aprimoramento de políticas institucionais de inclusão no contexto da EPT, em particular no IFPE. A abordagem foi realizada numa perspectiva qualitativa de caráter bibliográfico e exploratório. Neste sentido, foram utilizados como procedimentos metodológicos: pesquisa bibliográfica, análise documental, pesquisa de campo, coleta de dados, aplicação de questionário e entrevista semiestruturada com os coordenadores dos NAPNEs do IFPE. Com os dados levantados, foi possível desenvolver um Produto Educacional de inversão em formato de guia orientador para estruturação dos NAPNEs. Em sua realidade prática, entendemos que o tema da inclusão educacional das pessoas com deficiência é transversal e se dá por meio de situações que envolvem não somente parte da comunidade acadêmica, mas também a instituição como um todo, por meio do seu Projeto Político Pedagógico e das demais políticas que fundamentam sua identidade institucional. Diante de todos os entraves que a inclusão enfrenta no âmbito escolar e, para além das políticas públicas de acesso, no contexto da educação, as intervenções por meio de estudos acadêmicos são de suma importância para a conscientização da sociedade em geral e para a construção de uma escola inclusiva que acolha a diversidade humana e que contribua para a emancipação dos sujeitos. Por fim, os resultados apresentados contribuíram para o desenvolvimento de um guia orientador, que foi delineado a partir das necessidades apresentadas pelos núcleos do IFPE, de forma que represente para os profissionais do NAPNE um material norteador para auxiliar na estruturação dos núcleos, visando desenvolver o AEE, dentro das possibilidades institucionais, numa perspectiva de educação inclusiva comprometida com a qualidade do processo de ensino e aprendizagem de todos os estudantes.",https://repositorio.ifpe.edu.br/xmlui/handle/123456789/1495,Não informado pela instituição,Não informado pela instituição,"SANTANA, Natália Tibéria Veloso de. A Inclusão na Educação Profissional e Tecnológica: uma análise sobre o Núcleo de Atendimento às Pessoas com Necessidades Educacionais Específicas - NAPNE do IFPE. 157 f. 2024. Dissertação (Mestrado Profissional em Educação Profissional e Tecnológica, ProfEPT). Instituto Federal de Educação, Ciência e Tecnologia de Pernambuco - IFPE, Campus Olinda, 2024."
"Cabral, Azenilda de Paula",https://lattes.cnpq.br/2105590300776746,"Rodrigues, Kleber Fernando||Não informado pela instituição",http://lattes.cnpq.br/5404409205728691||Não informado pela instituição,"Sousa, Bernardina Santos Araújo de||Torres, Vanessa Cavalcanti de||Rodrigues, Kleber Fernando||Não informado pela instituição||Não informado pela instituição",http://lattes.cnpq.br/4929110097621126||http://lattes.cnpq.br/6232711235861562||http://lattes.cnpq.br/5404409205728691||Não informado pela instituição||Não informado pela instituição,Um olhar sobre a contribuição da Educação Profissional e Tecnológica para o projeto de vida do jovem cotista do IFPE Campus Recife,2024,"Instituto Federal de Educação, Ciência e Tecnologia de Pernambuco (IFPE)",IFPE,Brasil,Olinda,"Programa de Pós Graduação em Educação Profissional e Tecnológica (ProfEPT) - Instituto Federal de Educação, Ciência e Tecnologia de Pernambuco",CIENCIAS HUMANAS::EDUCACAO::TOPICOS ESPECIFICOS DE EDUCACAO,openAccess,masterThesis,Educação – Aspectos Sociais||Educação – Trabalho||Juventude||Ações afirmativas - Cotas raciais||Inclusão||Educação Profissional e Tecnológica||Ensino Médio Integrado,Não informado pela instituição,por,"Esta pesquisa vislumbrou discutir o projeto de vida dos estudantes cotistas afrodescendentes da Educação Profissional e Tecnológica do Ensino Médio integrado do Instituto Federal de Pernambuco, Campus Recife. O referencial bibliográfico foi orientado pela Educação Profissional, Ensino Médio, Juventudes cotistas e Trabalho, que identificam o desejo dos jovens cotistas negros e pardos em sua construção futura, orientados por uma formação holística na preparação para a vida. Propondo o trabalho como princípio educativo, elencando em seus princípios garantias de uma formação unilateral, capaz de gerar sujeitos críticos e colaboradores da transformação social, apoiados nas práticas educativas transversais e interdisciplinares, com vistas à formação integral e inclusiva no mundo do trabalho, através da percepção do referido estudante do ensino médio. O estudo propôs uma abordagem qualitativa, sendo a pesquisa desenvolvida através de levantamento bibliográfico e documental, de acordo com as resoluções, diretrizes e normas que compõem os acervos públicos e discorrem sobre o assunto. Foi utilizada uma entrevista semiestruturada com sete estudantes cotistas afrodescendentes do Ensino Médio Integrado do IFPE, Campus Recife, a fim de identificar a percepção deles sobre as contribuições da Educação Profissional vivenciada e sua emancipação. Foi elaborada uma revista em quadrinhos digital, como produto educacional, contendo uma biografia com a história de vida dos cinco estudantes cotistas afrodescendentes entrevistados, sobre a construção do seu projeto de vida e sua relação com os referenciais bibliográficos e documentais estudados. A testagem desse produto foi realizada pelos discentes entrevistados do IFPE, que terão acesso ao material e avaliarão através de depoimentos se as informações estão pertinentes ao exposto na entrevista. A validação do produto educacional ocorrerá na apresentação final da dissertação.",https://repositorio.ifpe.edu.br/xmlui/handle/123456789/1300,Não informado pela instituição,Não informado pela instituição,"CABRAL, Azenilda de Paula. Um olhar sobre a contribuição da Educação Profissional e Tecnológica para o projeto de vida do jovem cotista do IFPE Campus Recife. 2024. 84 f. Dissertação (Mestrado Profissional em em Educação Profissional e Tecnológica) - Instituto Federal de Educação, Ciência e Tecnologia de Pernambuco IFPE, Campus Olinda, Olinda, 2024."
"Vilaça, Márcia Margarida",Não informado pela instituição,Não informado pela instituição,Não informado pela instituição,Não informado pela instituição,Não informado pela instituição,A construção da identidade étnico-racial de estudantes do Ensino Médio Integrado na Educação Profissional e Tecnológica,2024,"Instituto Federal de Educação, Ciência e Tecnologia de Minas Gerais (IFMG)",IFMG,Não informado pela instituição,Não informado pela instituição,Não informado pela instituição,Não informado pela instituição,openAccess,masterThesis,Identidade étnico-racial||Racismo||Educação Profissional e Tecnológica.||Relação étnico-racial||Ensino Médio Integrado,Não informado pela instituição,por,"Esta dissertação tem como foco a investigação da construção da identidade étnico-racial dos(as) estudantes do Ensino Médio Integrado inseridos(as) por meio de políticas de ações afirmativas nos processos seletivos do Instituto Federal de Minas Gerais (IFMG) – Campus Ouro Branco. O principal objetivo foi compreender de que forma esses(as) estudantes percebem sua identidade étnico-racial e identificar os fatores que influenciam esse processo. A metodologia deste trabalho segue uma abordagem qualitativa e foi norteada pela questão: como se dá a construção da identidade negra entre os alunos cotistas raciais do Ensino Médio Integrado? Esta investigação começou com a realização de uma pesquisa documental e bibliográfica, seguida pela coleta de dados, que incluiu a aplicação de questionários on-line. Dentre os resultados obtidos, destaca-se a percepção dos participantes de que uma família exerce um papel essencial na formação da identidade negra, funcionando como um pilar de suporte emocional e referência cultural. Os estudantes também destacaram a escola como um espaço de resistência e preservação cultural, no qual tradições, saberes e valores são transmitidos e reafirmados. Já os coletivos juvenis foram reconhecidos como ambientes fundamentais de socialização, aprendizagem e atuação política, onde são produzidos modos de vida, formas de expressão e identidade. Adicionalmente, constatou-se que a Lei n. 10.639/2003, que estabelece as diretrizes e bases da educação nacional, para incluir nos estabelecimentos de ensino fundamental e médio, oficiais e particulares, a obrigatoriedade do ensino sobre História e Cultura Afro-Brasileira e Africana nas escolas, não está sendo devidamente implementada na instituição, o que compromete a compreensão do racismo e o fortalecimento das identidades negras. Como produto educacional decorrente da pesquisa, foi desenvolvido o jogo de cartas Espelho, Espelho Meu, Quem Sou Eu? voltado para professores, facilitadores, mediadores culturais, ativistas, formadores de opinião bem como por qualquer pessoa interessada em promover discussões sobre identidade, racismo e diversidade em espaços educacionais e sociais.",http://hdl.handle.net/20.500.14387/1987,Não informado pela instituição,Não informado pela instituição,Não informado pela instituição
"Castro, Angeline Santos",http://lattes.cnpq.br/1338576297564220,"Duarte Neto, José Henrique||Não informado pela instituição",http://lattes.cnpq.br/4036514698710002||Não informado pela instituição,"Santos, Edlamar Oliveira dos||Pontes, Ana Paula Furtado Soares||Não informado pela instituição||Não informado pela instituição||Não informado pela instituição",http://lattes.cnpq.br/5903937331034288||http://lattes.cnpq.br/5604144898950278||Não informado pela instituição||Não informado pela instituição||Não informado pela instituição,Ensino médio integrado à educação profissional e tecnológica: a relação entre o currículo integrado e a prática pedagógica docente,2019,"Instituto Federal de Educação, Ciência e Tecnologia de Pernambuco (IFPE)",IFPE,Brasil,Olinda,"Programa de Pós-Graduação em Educação Profissional e Tecnológica, (PROFEPT), do Instituto Federal de Educação, Ciência e Tecnologia de Pernambuco",CIENCIAS HUMANAS::EDUCACAO::ENSINO-APRENDIZAGEM,openAccess,masterThesis,Educação – Práticas Pedagógicas||Currículo Integrado||Formação Humana||Ensino Médio Integrado,Não informado pela instituição,por,"Este estudo investigou o currículo no que concerne à construção de uma prática pedagógica estruturada numa concepção de educação omnilateral, que aponte para o horizonte da emancipação humana. Assim sendo, pretendemos responder a seguinte questão norteadora: de que modo a concepção de Ensino Médio Integrado à Educação Profissional e Tecnológica está presente no currículo e na prática pedagógica dos docentes do Curso Técnico Integrado em Agropecuária do IFAL? No decorrer da pesquisa, houve um esforço para mostrar a importância da organização de um projeto de Ensino Médio Integrado elaborado coletivamente e que contemple a efetivação do currículo integrado. Deste modo, temos como objetivo geral: analisar as práticas curriculares do Curso Técnico Integrado em Agropecuária do Instituto Federal de Educação, Ciência e Tecnologia de Alagoas - Campus Santana do Ipanema, a fim de levantar subsídios que contribuam para o fortalecimento de práticas pedagógicas orientadas ao Ensino Médio Integrado; e, como objetivos específicos: discutir a concepção de Educação profissional, ensino médio integrado, currículo e currículo integrado, considerando os fundamentos da pedagogia histórico-crítica, articulando o trabalho, a ciência, a cultura e a tecnologia em favor da formação humana; analisar como os docentes organizam a prática pedagógica no Ensino Médio Integrado, considerando os conhecimentos específicos de cada área e a integração com os conhecimentos da formação profissional; e elaborar uma proposta pedagógica composta por princípios e estratégias de integração curricular, a partir das práticas já vivenciadas pelos docentes e pelos pressupostos teóricos estudados, com a finalidade de fortalecer a prática pedagógica dos docentes que atuam no Ensino Médio Integrado. Procede-se como fundamento teórico metodológico o método dialético, porque estudamos a realidade em sua totalidade, levando em consideração o contexto histórico, político, econômico, entre outros. A abordagem é qualitativa em virtude da necessidade de se ter um contato direto com objeto de estudo, conhecendo suas singularidades. Os procedimentos de coleta de informações foram feitos a partir dos princípios da pesquisa bibliográfica e documental, de entrevistas semiestruturadas e de grupo focal. Para a análise das informações, tomamos como base a análise de conteúdo temática. Nesta investigação, recorremos às seguintes fontes: livros, artigos e teses que abordam os temas educação profissional e tecnológica, ensino médio integrado, currículo, currículo integrado, concepções pedagógicas e pedagogia histórico-crítica. Os principais autores escolhidos para mediar essa discussão são: Moura (2007), Ramos (2012, 2014 e 2017), Ciavatta (2014), D. Saviani (2011), N. Saviani (1998), Duarte Neto (2013), Sacristán (1998 e 2010), Silva (2014), dentre outros. Ao final da pesquisa, elaboramos um produto educacional, o qual tem por tema Práticas pedagógicas orientadas ao ensino médio integrado à educação profissional: proposta metodológica para o fortalecimento de práticas integradoras. Por fim, é válido afirmar que a prática pedagógica no Ensino Médio Integrado em que acreditamos, fundamentada numa formação politécnica e omnilateral, ainda está no horizonte. Para alcançarmos tal prática, é necessário que continuemos com o propósito de construir um ensino médio integrado, que contribua para a superação da dualidade entre formação geral e formação profissional, fundamentado em uma concepção de educação que articule o trabalho, a ciência, a cultura e a tecnologia orientada a emancipação humana.",https://repositorio.ifpe.edu.br/xmlui/handle/123456789/134,Não informado pela instituição,Não informado pela instituição,"CASTRO, Angeline Santos. Ensino médio integrado à educação profissional e tecnológica: a relação entre o currículo integrado e a prática pedagógica docente. 2019. 125 f. Dissertação (Mestrado Profissional em Educação Profissional e Tecnológica) - Instituto Federal de Educação, Ciência e Tecnologia de Pernambuco IFPE, Campus Olinda, Olinda, 2019."
"Mota, Keila Neves da",Não informado pela instituição,Não informado pela instituição,Não informado pela instituição,Não informado pela instituição,Não informado pela instituição,Dialogicidade entre o trabalho como princípio educativo no ensino médio integrado em ações de extensão do PIBEX/IFAM,2023,Instituto Federal do Amazonas (IFAM),IFAM,Não informado pela instituição,Não informado pela instituição,Não informado pela instituição,Não informado pela instituição,openAccess,masterThesis,Extensão||Trabalho como princípio educativo||Ensino médio integrado||PIBEX-IFAM||CNPQ::CIENCIAS HUMANAS::EDUCACAO::ENSINO-APRENDIZAGEM,Não informado pela instituição,por,"The research presents a study about the dialogicity that involves Professional and Technological Education (EPT) through the Extension in Integrated High School in the Institutional Program of Extension Scholarships - PIBEX, of the Federal Institute of Education, Science and Technology of Amazonas - IFAM, on the aegis of Work as an Educational Principle. The general objective is to analyze the contributions of the Institutional Extension Scholarship Program (PIBEX), discussing its formative dimensions for integrated secondary education articulated to work as an educational principle. We sought to verify whether or not there is articulation between extensionist practices and work as an educational principle as one of the conceptual bases of professional and technological education (EPT). With regard to methodological procedures, the qualitative approach developed through interviews and questionnaire with coordinators of PIBEX/IFAM projects developed in 2020 was assumed and as analytical support Bardin's content analysis (2016) was used. From the research emerged the educational product that consisted of an e-book aimed at PIBEX coordinators with a view to enhancing the necessary dialogicity between extension and work as an educational principle in federal institutes, more specifically IFAM, involving Integrated High School students (EMI). The research results present an invitation to dialogue and reflection in reference to the predominant discourse that has permeated the choice of themes that subsidize the Extension Projects, induced by the area of academic formation and professional experience of the professor, requiring that the aspects of curriculum and contributions from the conceptual bases of the EPT present a certain indigence, which demonstrated the relevance of the proposal of the educational product in a formative conjuncture for these professors. Because, when approaching work as an educational principle, the statement refers to the relationship between work and education, in which the formative character of work and education is affirmed as a humanizing action through the development of all the potentialities of the human being, it is possible that such precepts are contemplated in the extension actions to scholarship students of Integrated Secondary Education (EMI). In this way, the expected contribution of the study to the field of EPT is the concatenation of extensionist practices with work as an educational principle, since the relationship between work and education is intertwined and understanding this interface is one of the structuring axes for the consolidation and the constant improvement of Integrated Secondary Education at EPT.","MOTA, Keila Neves da. Dialogicidade entre o trabalho como princípio educativo no ensino médio integrado em ações de extensão do PIBEX/IFAM. 2023. 112 p. Dissertação (Mestrado Profissional em Educação Profissional e Tecnológica) – Instituto Federal de Educação, Ciência e Tecnologia do Amazonas, Campus Manaus Centro, Manaus, 2023.||http://repositorio.ifam.edu.br/jspui/handle/4321/1341",Não informado pela instituição,Não informado pela instituição,Não informado pela instituição
"Ribeiro, Cirluce Alves",Não informado pela instituição,Não informado pela instituição,Não informado pela instituição,Não informado pela instituição,Não informado pela instituição,Memoriais no ensino médio integrado: histórias de vida e perspectivas dos alunos a partir da formação profissional para mercado turístico de Fortaleza,2016,Universidade Estadual do Ceará,UECE,Não informado pela instituição,Não informado pela instituição,Não informado pela instituição,Não informado pela instituição,openAccess,masterThesis,Gestão de negócios turísticos||Historias de Vida||Turismo,Não informado pela instituição,por,"Iniciar esse estudo com a elaboração do meu memorial de formação despertou-me as memórias de experiências vividas que integram bases afetivas e conceituais e fundamentam esta pesquisa. A escolha por narrativas autobiográficas se deu a partir da experiência da construção do meu memorial acadêmico no curso de mestrado. Partindo dessa singular experiência, percebi rico caminho para desvendar os pensares dos meus alunos, pesquisando seus memoriais de formação elaborados ao final do Ensino Médio Integrado. A finalidade desta pesquisa é responder a perguntas oriundas do cotidiano de minha prática docente e analisar, a partir de narrativas autobiográficas, a percepção dos alunos sobre sua formação e o que planejam para o futuro. Todos são egressos dos cursos técnicos em Eventos, Guia de Turismo e Hospedagem, e formados na modalidade curricular Ensino Médio Integrado, pelas Escolas Estaduais de Educação Profissional do Ceará. Por se tratar de formação profissional, discorremos brevemente sobre a jurisdição dessa modalidade curricular e sobre o Programa Brasil Profissionalizado que fomenta o projeto que rege essas escolas. A metodologia utilizada consiste em uma análise de conteúdo à luz de BARDIN (1977). Quarenta e oito memoriais constituíram o Corpus, os quais foram coletados nas escolas. Houve o cuidado de não realizar escolha intencional, retirando unidades sem a observância de escolhas. Essas análises nos trouxeram informações sobre o porquê da escolha do curso, as dificuldades de adaptação ao tempo integral no Ensino Médio Integrado, como veem seus professores e colegas, as percepções das mudanças ocorridas em si e em suas vidas ao longo da formação. Foram expostas expectativas sobre o ingresso no mercado de trabalho na área de hospitalidade, lazer e turismo e relatos de seus planos futuros. Afirmam 56% querer continuar estudando, no entanto, somente 18% pretendem permanecer na área. Percebe-se o curso como oportunidade em 54% dos memoriais estudados e 58% afirmam haver mudanças na vida profissional. Consideramos fundamental conhecer as percepções, aspirações e planos desses jovens, a fim de podermos delinear estratégias e planos para melhor condução dessa formação.<br/>Palavras-chave: Histórias de vida. Cursos técnicos. Turismo.",https://siduece.uece.br/siduece/trabalhoAcademicoPublico.jsf?id=86870,Não informado pela instituição,Não informado pela instituição,Não informado pela instituição
"Fernando, Renato José",Não informado pela instituição,"Souza, Mariana Aranha de, 1980-||Não informado pela instituição",Não informado pela instituição,Não informado pela instituição,Não informado pela instituição,A percepção de professores e alunos do ensino médio integrado ao ensino técnico sobre Problem Based Learning,2018,Universidade de Taubaté (UNITAU),UNITAU,Brasil,Não informado pela instituição,Não informado pela instituição,Não informado pela instituição,openAccess,masterThesis,Aprendizagem ativa - Metodologia||Interdisciplinaridade||Professores - Formação,Não informado pela instituição,por,Orientação: Profa. Dra. Mariana Aranha de Souza.,http://repositorio.unitau.br/jspui/handle/20.500.11874/5646,Não informado pela instituição,Não informado pela instituição,Não informado pela instituição
"Freitas, Caetano Roberto Sousa de",Não informado pela instituição,Não informado pela instituição,Não informado pela instituição,Não informado pela instituição,Não informado pela instituição,Avaliação da política pública educacional desenvolvida no Ensino Médio integrado à educação profissional no Ceará,2024,Universidade Federal do Ceará (UFC),UFC,Não informado pela instituição,Não informado pela instituição,Não informado pela instituição,Não informado pela instituição,openAccess,masterThesis,Educação integral||Ensino médio||Educação profissional||Integral education||High school||Professional education||CNPQ::CIENCIAS HUMANAS::CIENCIA POLITICA::POLITICAS PUBLICAS,Não informado pela instituição,por,"This work evaluates the educational policy of professional education developed in the public school system of the state of Ceará since 2008. The study aims to elucidate the governmental intentions for the managers of this public policy, which aims to alleviate the socioeconomic adversities that plague the youth of Ceará through integral education. Utilizing the In-Depth Evaluation paradigm, qualitative-quantitative research was conducted with the participation of social actors, mainly students of the 3rd grade of high school integrated with professional education, graduates in 2023, from the State Schools of Professional Education (EEEP) of the 1st Regional Coordination of Education Development, based in Maracanaú-CE, linked to the State Department of Education of Ceará. The research also includes perceptions from teachers of the Common Core and Technical Area, as well as school managers and coordinators of these educational institutions. To carry out this study, a comprehensive literature review was undertaken, covering the historical context and the theoretical-conceptual foundation based on preexisting studies on education. The documentary research included the Federal Constitution, the Law of Guidelines and Bases of Basic Education, the National Education Plan, the National Curriculum Guidelines, in addition to other federal and state laws, decrees, and resolutions. In the bibliographic research, the studies of Amaral (2021), Gussi and Oliveira (2016), Ramos (2017), Rodrigues (2008; 2011), Saviani (2008; 2011), Manfredi (2017), and Manacorda (2007), among others, stand out. In the analysis of the results, the evaluation was conducted through the triangulation of methods, using data collected through closed and open-ended questionnaires, submitted to content analysis. The majority of the school community considers that this type of education has provided integral education, mainly reflected in the preparation for the job market and higher education, confronting the separation between manual and intellectual labor imposed by the duality of class struggle fostered by capitalism. However, it is suggested that there be better development of socio- emotional aspects to mitigate the impacts on students' mental health, mainly caused by the high standards of the EEEP project. Additionally, there is a need to promote affirmative public policies related to quotas for black students and the development of youth protagonism among students with disabilities.","FREITAS, Caetano Roberto Sousa de. Avaliação da política pública educacional desenvolvida no Ensino Médio integrado à educação profissional no Ceará. 2024. 138 f. Dissertação (Mestrado Profissional em Avaliação de Políticas Públicas) - Universidade Federal do Ceará, Fortaleza, 2024.||http://repositorio.ufc.br/handle/riufc/77019",Não informado pela instituição,Não informado pela instituição,Não informado pela instituição
"Scherdien, Graciela Goncalves [UNIFESP]",Não informado pela instituição,Não informado pela instituição,Não informado pela instituição,Não informado pela instituição,Não informado pela instituição,"Ensino Médio Integrado: Educação E Trabalho Na Perspectiva Dos Estudantes Do Instituto Federal De Educação, Ciência E Tecnologia De São Paulo",2017,Universidade Federal de São Paulo (UNIFESP),UNIFESP,Não informado pela instituição,Não informado pela instituição,Não informado pela instituição,Não informado pela instituição,openAccess,masterThesis,Polytechnic Education||Integrated Education||Secondary Education||Vocational Technical Education||Work||Educação Politécnica||Ensino Integrado||Ensino Médio||Ensino Técnico Profissionalizante||Trabalho,Não informado pela instituição,por,"Our goal is investigating the main conceptions about the vocational technical education integrated to the high school at the Federal Institute of Education, Science and Technology of São Paulo. For this, we considered the perceptions, conceptions and expectations of the students’ course in relation to the educational process, the school space and the formation for the work. We, thus, developing an analysis of the categories of work and the world of work, which are directly related to integrated education. Integrated training opposes instrumentalised education, the first formation does not reduce or simplify knowledge, it does not fragment individuals between those who execute and those who direct or plan the work: it proposes to overcome the fragmentation between theory and practice, enabling the construction of knowledge and Critical thinking. We discussed some apprehensions about integrated high school and how its functioning is internalized by these students. We have developed a qualitative research, of an ethnographic type, in which students of technical education integrated to secondary education could present their ideas, perceptions and expectations about this education system. These reports present possible failures or correct implementation of integrated teaching, as well as the existing contradictions. Integrated training is not only an articulation between high school and technical education, it is related: to the didactic-pedagogical relationships built during the educational process; Forms of appropriation of school space; And labor relations. Therefore, the interviews of these students were our main source to approach the practical aspects of the implementation of integrated secondary education, although we supplemented them with data from previous research. The analysis of these interviews showed that there is a heterogeneity in the socioeconomic profile of these students, with the predominance of young people in search of a good education, even if with a series of difficulties in relation to the behavior. There is also a series of contradictions regarding integrated teaching: on the one hand there is an effort on the part of the school group to put into practice the actions that could facilitate this integration, on the other hand many individuals do not have involvement or knowledge about teaching integrated. Most students interviewed showed that they understand integrated education more as a joint than an integration, but some practices and thoughts also contribute to the implementation of integrated education, even in a still primary and immature way; They problematized the didactic-pedagogical practices that collaborate or hinder the integration between high school and technical education. Observations and conversations with the students allowed us to broaden the discussion about the implementation of integrated secondary education, and we concluded that if we cannot consider the integration of effective teaching in the Institution, we cannot say that there is no integration at all a misconception. Therefore, we tried to present some possible interpretations in relation to this broad theme, in order to contribute to a better understanding of the profile of these students, and also to highlight some mechanisms to be adopted that can help in the implementation, maintenance or improvement of integrated teaching.",https://sucupira.capes.gov.br/sucupira/public/consultas/coleta/trabalhoConclusao/viewTrabalhoConclusao.jsf?popup=true&id_trabalho=5071383||2017-0400.pdf||01 - Graciela Gonçalves Scherdien.pdf||http://repositorio.unifesp.br/handle/11600/50248,Não informado pela instituição,Não informado pela instituição,Não informado pela instituição
"Oliveira, Caíque Diogo de",Não informado pela instituição,"Corrochano, Maria Carla||Não informado pela instituição",http://lattes.cnpq.br/7714353975585252||Não informado pela instituição,Não informado pela instituição,Não informado pela instituição,Jovens estudantes do ensino médio integrado no Instituto Federal de Salto: experiências do presente e projetos de futuro,2019,Universidade Federal de São Carlos (UFSCAR),UFSCAR,Não informado pela instituição,Não informado pela instituição,Programa de Pós-Graduação em Educação - PPGEd-So,CIENCIAS HUMANAS::EDUCACAO,openAccess,masterThesis,Juventude||Educação técnica||Trabalho||Gênero||Projetos de futuro,Não informado pela instituição,por,"This dissertation aims to understand the meanings that the young high school students integrated in the IFSP Campus Salto assign to the school experience in integrated high school and their future projects after completing basic education, giving visibility to gender asymmetries, and, where relevant, color / race inequalities. We carried out a study that included the application of a survey with open and closed questions to the 191 students of the intermediate level courses integrated in industrial automation and informatics in the 1st, 2nd and 3rd years. The results analysis was performed primarily quantitatively and secondarily qualitatively, counting on the support of the likert scale for the quantification of the elements inherent to the school experience. We found that there is a predominance of males versus females in integrated middling courses. The school has a representative ""color / race"", according to the method used by IBGE, similar to the locality where it is inserted. These youngsters seek the integrated high school of the federal school because they believe that the school will provide quality teaching, with better teachers, increasing the possibilities of continuing the studies and of insertion qualified in the job market. Although integrated secondary education courses are, at the documentary level, justified by the regional demand for the training of workers, we have identified that the meanings that these young people attribute to vocational education indicate that the integrated secondary education of the IFSP campus Salto goes far beyond professionalization and attendance of local economic demands, being constituted as a space of formation with qualified teachers and of integration between the students. Regarding professional education, the study points out that some of the assumptions about the professionalization of young people through the ""flexibilization"" of school curricula that underpinned the reform of secondary education proposed by Law 13.415 / 2017 do not apply what was found among adolescents in this research , since the participants of the research affirmed that both the common base subjects and the professional disciplines generally tend to increase students 'interest in continuing their studies and assisting in the elaboration of students' future projects. More specifically in future projects, we realize that, in general, the expectation of these / these young people is to attend higher education after the end of high school, however, a generalized analysis shows that the sexual division of labor present in modern society manifests itself in the field of possibilities of these investigated youngsters, since, while the students are in search of careers related to the technical courses, the students have a greater variety of professions in your answers.",https://repositorio.ufscar.br/handle/20.500.14289/11320,Não informado pela instituição,Não informado pela instituição,"OLIVEIRA, Caíque Diogo de. Jovens estudantes do ensino médio integrado no Instituto Federal de Salto: experiências do presente e projetos de futuro. 2019. Dissertação (Mestrado em Educação) – Universidade Federal de São Carlos, Sorocaba, 2019. Disponível em: https://repositorio.ufscar.br/handle/20.500.14289/11320."
"Kiessling, Hélio Fritz",Não informado pela instituição,Não informado pela instituição,Não informado pela instituição,Não informado pela instituição,Não informado pela instituição,A educação como direito: a permanência como princípio na educação profissional integrada ao ensino médio,2021,Centro Universitário Braz Cubas (CUB),CUB,Não informado pela instituição,Não informado pela instituição,Não informado pela instituição,Não informado pela instituição,openAccess,masterThesis,Planejamento educacional||Planos de educação||Políticas educacionais||Educação profissional||Permanência na escola||Ensino médio integrado||CNPQ::CIENCIAS HUMANAS::EDUCACAO,Não informado pela instituição,por,"This dissertation presents the results of a research whose object is the student's permanence in Technical Vocational Education of Middle Level (EPTNM) at the Federal Institute of São Paulo (IFSP), São Paulo campus. Permanence is seen as a result of the principle of equality of conditions to guarantee the right to education. The main objective is to verify how the permanence in the school has been treated in the legislation and other Brazilian regulations and serves as a basis for the elaboration of the norms and actions developed in the referred Institute, with a view to creating conditions for the students to remain in the EPTNM. This work covers public policies for the EPTNM and how it is implemented in the São Paulo campus of the IFSP. In the development of the research, we opted for a qualitative approach with an exploratory nature and, as a data collection instrument, a bibliographic survey and a documentary research of the federal legislation was used, together with its respective regulation through ministerial norms and others that guide the work of the researched institution with regard to the permanence of students in school. In addition to the Federal legislation and norms of the researched institution, a dialogue was carried out with authors whose works deal with the student's permanence in school (OLIVEIRA, 1999; CURY, 2002; 2008; MENESES; BATISTA, 2003; BOTO, 2005; DORE; LÜSCHER, 2011; LEITE, 2012; XIMENES, 2014; RAMOS, 2014; DAROS, 2015; OLIVEIRA; OLIVEIRA, 2015; LEITE, 2015; DUTRA; SANTOS, 2017; SANTOS, 2018; MATOS, 2018; ALMEIDA, 2019; SILVA; CARVALHO; GONÇALVES, 2021). The analysis of the collected data allows us to affirm that the permanence of students in school is fundamental to guarantee the right to Education and that its implementation has been a challenge for formulators and managers of educational policies in Brazil. In this context, the IFSP has developed actions aimed at creating conditions for the student's permanence in the Institution.","KIESSLING, Hélio Fritz. A educação como direito: a permanência como princípio na educação profissional integrada ao ensino médio. 2021. 148 f. Dissertação (Mestrado em Educação) – Universidade Cidade de São Paulo, São Paulo, 2021.||https://repositorio.cruzeirodosul.edu.br/handle/123456789/4111",Não informado pela instituição,Não informado pela instituição,Não informado pela instituição
"Kiessling, Hélio Fritz",http://lattes.cnpq.br/7134709598364482,"Cruz, Maria do Carmo Meirelles Toledo||Almeida, Júlio Gomes",http://lattes.cnpq.br/6109390836008571||http://lattes.cnpq.br/2354972256571417,Não informado pela instituição,Não informado pela instituição,A educação como direito: a permanência como princípio na educação profissional integrada ao ensino médio,2021,Universidade Cruzeiro do Sul (UNICSUL),UNICSUL,Brasil,Pós-Graduação,Programa de Pós-Graduação de Mestrado em Educação,CNPQ::CIENCIAS HUMANAS::EDUCACAO,openAccess,masterThesis,Planejamento educacional||Planos de educação||Políticas educacionais||Educação profissional||Permanência na escola||Ensino médio integrado,Não informado pela instituição,por,"Nesta dissertação, são apresentados os resultados de uma pesquisa cujo objeto é a permanência do estudante na Educação Profissional Técnica de Nível Médio (EPTNM) no Instituto Federal de São Paulo (IFSP), campus São Paulo. A permanência é vista como um resultado do princípio da igualdade de condições para garantir o direito à Educação. O objetivo principal é verificar como a permanência na escola tem sido tratada na legislação e outras normativas brasileiras e serve de base para a elaboração das normas e ações desenvolvidas no referido Instituto, com vistas a criar condições para que os estudantes permaneçam na EPTNM. Este trabalho abrange as políticas públicas para a EPTNM e como ocorre sua implementação no campus São Paulo do IFSP. No desenvolver da pesquisa, optou- se pela abordagem qualitativa de cunho exploratório e, como instrumento de coleta de dados, foi utilizado um levantamento bibliográfico e uma pesquisa documental da legislação federal, com sua respectiva regulamentação, por meio de normas ministeriais e outras regras que orientam o trabalho da instituição pesquisada no que diz respeito à permanência dos estudantes na escola. Além da legislação federal e normas da instituição pesquisada, foi realizado um diálogo com autores cujos trabalhos tratam da permanência do estudante na escola (OLIVEIRA, 1999; CURY, 2002; 2008; MENESES; BATISTA, 2003; BOTO, 2005; DORE; LÜSCHER, 2011; LEITE, 2012; XIMENES, 2014; RAMOS, 2014; DAROS, 2015; OLIVEIRA; OLIVEIRA, 2015; LEITE, 2015; DUTRA; SANTOS, 2017; SANTOS, 2018; MATOS, 2018; ALMEIDA, 2019; SILVA; CARVALHO; GONÇALVES, 2021). A análise dos dados coletados permite afirmar que a permanência dos estudantes na escola é fundamental para a garantia do direito à Educação e que a sua efetivação tem se constituído um desafio para formuladores e gestores de políticas educacionais no Brasil. Nesse contexto, o IFSP tem desenvolvido ações voltadas à criação de condições para a permanência do estudante na Instituição.",https://repositorio.cruzeirodosul.edu.br/handle/123456789/4111,Não informado pela instituição,Não informado pela instituição,"KIESSLING, Hélio Fritz. A educação como direito: a permanência como princípio na educação profissional integrada ao ensino médio. 2021. 148 f. Dissertação (Mestrado em Educação) – Universidade Cidade de São Paulo, São Paulo, 2021."
"Oliveira, Rosenira Monteiro da Costa",Não informado pela instituição,Não informado pela instituição,Não informado pela instituição,Não informado pela instituição,Não informado pela instituição,Assistentes de alunos: quem são esses profissionais que atuam na educação profissional técnica de nível médio?,2020,Instituto Federal do Amazonas (IFAM),IFAM,Não informado pela instituição,Não informado pela instituição,Não informado pela instituição,Não informado pela instituição,openAccess,masterThesis,Assistente de alunos||Ensino Médio Integrado||Educação Profissional e Tecnológica||CNPQ::CIENCIAS HUMANAS::EDUCACAO::ENSINO-APRENDIZAGEM::METODOS E TECNICAS DE ENSINO,Não informado pela instituição,por,"This research discusses the perceptions of the professional practice of the Students' Assistants in the Integrated Secondary School-EMI, identifying their attributions and their educational work in the EPTNM, focused on line 02 of the Post-Graduation Program in Professional and Technological Education (PROFEPT) that deals with the ""Organization and Memories of Educational Spaces in EPT"" directed to Macroproject 06, regarding the ""Organization of Educational Spaces in EPT"". It gives as a problem the following question: How has the educational work of the Student Assistant been constructed in the context of the Technical Professional Education of Medium Level in the Integrated Modality? The general objective was to investigate the work of the Student Assistant in the context of Technical High School Vocational Education in the Integrated Mode. Studying the meanings attributed by the student assistants to their practice, qualitative research was used as a methodological procedure using the printed form and the semi-structured interview as a technique, applied to a group of eight student's assistant from the Federal Institute of Education, Science, and Technology off Amazonas - Campus Manaus Centro (IFAM-CMC) that made it possible to survey information essential to the process of objectifying the concepts about their professional practice. Besides the theoretical references, documents, theses, and other sources were collected and analyzed, which we used for the elaboration of this work. Summing up, it was verified that the understanding of the meaning and the challenges of the professional practice of the Student Assistants, conditioned to factors, positive and negative, reported by the professionals and analyzed as constitutive of their profession: a dichotomy between their attributions and the objectives of EPT; challenge of affirming the work as an educational principle before the work submitted to the logic of the market; devaluation and lack of recognition of the profession by the institution. Finally, as a perspective of overcoming these obstacles, the pedagogical product is presented - materialized in a Digital Booklet and constitutive of the dissertation - given the promotion of spaces for reflection and educational actions under the rationale of work as an educational principle, essential to the omnilateral human formation.","OLIVEIRA, Rosenira Monteiro da Costa. Assistentes de alunos: quem são esses profissionais que atuam na educação profissional técnica de nível médio? 2020. Dissertação (Mestrado Profissional em Educação Profissional e Tecnológica) – Instituto Federal de Educação, Ciência e Tecnologia do Amazonas, Campus Manaus Centro, Manaus, 2020.||http://repositorio.ifam.edu.br/jspui/handle/4321/473",Não informado pela instituição,Não informado pela instituição,Não informado pela instituição
"Sonza, Aline Picoli",Não informado pela instituição,"Fagan, Solange Binotto||Não informado pela instituição",Não informado pela instituição,"Coutinho , Renato Xavier||Marques , Nelson Luiz Reyes||Guerini , Silvete Coradi||Alves, Marcos Alexandre||Não informado pela instituição",Não informado pela instituição,O ENSINO INTEGRADO NO IFSUL - CAMPUS BAGÉ: UM OLHAR SOBRE A MATEMÁTICA EM DOIS CURSOS INTEGRADOS DE NÍVEL MÉDIO E CONTRIBUIÇÕES PARA A PRÁTICA DOCENTE,2023,Universidade Franciscana (UFN),UFN,Brasil,Ensino de Ciências e Matemática,Programa de Pós-Graduação em Ensino de Ciências e Matemática,Ensino de Ciências e Matemática,openAccess,doctoralThesis,Ensino Médio Integrado; Educação Profissional; Matemática; Integração Curricular.,Integrated High School; professional education; mathematics; curricular integration.,por,"The expansion of access to the federal education network and the growth of the intermediate level integrated technical teaching are indicated as important tendencies of the last few years in Brazil. The integration can be seen as a possibility of a knowledge development, which is able to give a new meaning to the process of teaching and learning. Mathematics, besides the importance of the specific concepts, becomes an instrument which enables the development of logical thinking and abstraction, besides being indispensable to the knowledge construction in other areas, such as physics and chemistry, among others. Thus, it can be seen as a curricular component that is able to navigate and dialogue more easily within the distinct knowledge areas. The objective of this present study is to discuss about the High School Integrated Technician Teaching, analyzing the way its implementation happens at IFSUL- campus in Bagé, and, furthermore, build a support didactic material to contribute to the construction of integrated proposals in the mathematics teaching in the integrated technical courses from the campus. The research methodology about the study of the case using the conceptions from Yin was the option chosen for the development of this project. The results point out that integrated teaching is not a reality on campus and, within the aspect which makes its implementation more difficult, it highlights the fact that a lot of other teachers don’t know the principles of integration and others know it superficially. Upon this observation, a didactic material as a support to the integration (DMSI) was built, with the collaboration from teachers from different technical areas of the two courses involved in the proposal. After the assessment from DMSI, performed by mathematics teachers, it can represents the perspective of turning possible discussions, reflections and studies about the integrated teaching subject, in other words, DMSI can be considered as a document which carries the expectation of the beginning of movements and transformations in direction to a teaching based on a dialogue between the areas. It is highlighted the relevance of this unprecedented research in a situation where the integrated teaching should be a frequent subject of discussion and, as well, for the fact that there is a significant deficiency in studies and researches involving the integrated teaching and mathematics in Brazil and, specially, emphasizes approaches in the teaching practice which points to integration possibilities.",http://www.tede.universidadefranciscana.edu.br:8080/handle/UFN-BDTD/1177,Não informado pela instituição,Não informado pela instituição,"Sonza, Aline Picoli. O ENSINO INTEGRADO NO IFSUL - CAMPUS BAGÉ: UM OLHAR SOBRE A MATEMÁTICA EM DOIS CURSOS INTEGRADOS DE NÍVEL MÉDIO E CONTRIBUIÇÕES PARA A PRÁTICA DOCENTE. 2023. 198f. Tese( Programa de Pós-Graduação em Ensino de Ciências e Matemática) - Universidade Franciscana, Santa Maria - RS."
"Pereira, Christiane Cruz",http://buscatextual.cnpq.br/buscatextual/visualizacv.do?id=K4264311J3,"Condé, Eduardo Salomão||Não informado pela instituição",http://buscatextual.cnpq.br/buscatextual/visualizacv.do?id=K4784127Y0||Não informado pela instituição,"Magaldi, Carolina Alves||Bocchetti, André||Não informado pela instituição||Não informado pela instituição||Não informado pela instituição",http://buscatextual.cnpq.br/buscatextual/visualizacv.do?id=K4730573J0||http://buscatextual.cnpq.br/buscatextual/visualizacv.do?id=K4757694J1||Não informado pela instituição||Não informado pela instituição||Não informado pela instituição,Implementação da política de ensino médio integrado no Ceará: relações de influências entre os processos de gestão e análise dos resultados de inserção produtiva e ingresso acadêmico dos egressos da política,2014,Universidade Federal de Juiz de Fora (UFJF),UFJF,Brasil,Faculdade de Educação,Mestrado em Gestão e Avaliação em Educação Pública,EDUCAÇÃO,openAccess,masterThesis,Processos de gestão escolar||Monitoramento||Eficácia escolar||School managenent processes||Monitoring||School efficacy,Não informado pela instituição,por,"O presente estudo objetiva analisar a política de ensino médio integrado das escolas profissionais no estado do Ceará, com enfoque na verificação de relações de influência sobre os processos de gestão escolar e os resultados de inserção produtiva e ingresso acadêmico dos egressos da política, a fim de contribuir academicamente para o melhoramento institucional da política, como um todo e, em especial, das quatro escolas pesquisadas. O referencial metodológico e teórico do estudo tem por correlação de fundamento, a missão da escola profissional, o modelo de gestão escolar, o plano de ação escolar e a autopercepção da gestão escolar sobre seus processos de gestão e das características organizacionais de cada escola. A fundamentação teórica orientadora do instrumento de pesquisa de campo foi as pesquisas acerca das características das escolas eficazes, de Sammons, Martimore e Hilman (1995), internacionalmente reconhecidos e contextualizados no cenário educacional brasileiro, nos estudos de Polon (2009) apoiados em Boamino (2005). Da análise do conteúdo manifesto e latente da pesquisa de campo e da análise documental é possível constatar que a política educacional em questão parece favorecer uma nova subjetividade de escola, significativamente positiva, por parte da gestão escolar, bem como é possível afirmar que a ideia de cultura da qualidade escolar é perseguida e autolegitimada como característica organizacional das escolas profissionais. No entanto, a análise dos achados da pesquisa de campo, do documento de planejamento escolar e dos indicadores de resultados dos egressos apresentam incongruências entre o autolegitimado, no discurso e as evidências de práticas de gestão e de características organizacionais. Estas constatações sinalizam a existência de lacunas na forma como a política está programaticamente estruturada em termos de monitoramento do progresso escolar, sendo pertinente, nesse sentido, propor a estruturação de um plano de desenvolvimento das capacidades conceituais da gestão para orientar o monitoramento de seus resultados e metas institucionais. Encontrou-se em Luck (2009) o arcabouço conceitual capaz de dialogar com o problema da política identificado, na pesquisa de campo, indicando a necessidade de organização do trabalho escolar orientado para monitoramento de processos educacionais, com ênfase nos resultados dos egressos como fio condutor de amadurecimento da equipe escolar e consequente alcance de padrões de melhoria do ensino médio integrado do estado do Ceará.",https://repositorio.ufjf.br/jspui/handle/ufjf/3097,Não informado pela instituição,Não informado pela instituição,Não informado pela instituição
"Adams, José Rodrigo Barth",Não informado pela instituição,Não informado pela instituição,Não informado pela instituição,Não informado pela instituição,Não informado pela instituição,A educação em direitos humanos no ensino médio integrado: um estudo a partir do trabalho dos docentes de humanas em quatro campi do Instituto Federal de Santa Catarina,2019,Universidade Federal de Santa Catarina (UFSC),UFSC,Não informado pela instituição,Não informado pela instituição,Não informado pela instituição,Não informado pela instituição,openAccess,doctoralThesis,Educação||Ensino médio||Direitos humanos,Não informado pela instituição,por,"Tese (doutorado) - Universidade Federal de Santa Catarina, Centro de Ciências da Educação, Programa de Pós-Graduação em Educação, Florianópolis, 2019.",364055||https://repositorio.ufsc.br/handle/123456789/214627,Não informado pela instituição,Não informado pela instituição,Não informado pela instituição
"Barreto, Júlio Cézar Araújo",Não informado pela instituição,Não informado pela instituição,Não informado pela instituição,Não informado pela instituição,Não informado pela instituição,"A importância da pesquisa de egresso para tomada de decisão e como suporte para políticas de assistência, permanência e êxito no ensino médio integrado do Campus Irecê do Instituto Federal da Bahia",2022,"Instituto Federal de Educação, Ciência e Tecnologia da Bahia",IFBA,Não informado pela instituição,Não informado pela instituição,Não informado pela instituição,Não informado pela instituição,openAccess,masterThesis,Pesquisa de egresso||Portal||Ensino médio integrado||Permanência e êxito||Graduation research||Permanence and success||Integrated high school||Portal||CNPQ::CIENCIAS HUMANAS::EDUCACAO,Não informado pela instituição,por,"The purpose of this work is to know the profile of the graduates of the Campus Irecê of the Instituto Federal da Bahia and to propose the reinsertion of this participant in the institution in order to support and support the activities and actions of the campus. Success in the teaching and learning process lies in the sum of efforts of professionals working in education, committed students and continuous monitoring of educational processes and results, through research and feedback. In this process, student assistance programs are extremely relevant and help students in the training process. The graduate has a fundamental role, as he is the protagonist and culmination of the teaching and learning process, which carries with him the experiences, difficulties and challenges faced during the training cycle and which ends up becoming a potential source of information and suggestions that may assist in decision making and in the improvement and enhancement of the teaching and learning process of an educational institution. In addition, one of the proposals of Vocational and Technological Education is that the student understands work as an educational principle, without a social or technical division, without a segregation between humanistic knowledge and specific knowledge of professional education, which is possible through a polytechnic training. and omnilateral of the participant. In this context, the present work aimed to carry out an action research on the importance of graduate research as a parameter of institutional analysis and evaluation, comprising management, sectors linked to teaching, the graduate's view of teaching practice, the world of work and the student assistance actions in the determination of permanence and success policies in the Integrated High School of the Irecê Campus of the Federal Institute of Bahia. The work used a literature review, document analysis and data collection through interviews and questionnaires. With a quali-quanti approach, the research made use of dialectics in conversation circles and virtual chats with graduates. At the culmination of the work, as an educational product proposal, the “Egress Portal” was created, a portal for the integration, interaction and participation of the egress in the activities and actions of Campus Irecê. The portal will have free access for research and user registration for editing and permanent collaborations. It is believed that the educational product can significantly contribute to the monitoring of graduates, maintaining a two-way affective and contributory bond, culminating in positive results in the short term and becoming a practical management tool, thinking in the medium and long term.","BARRETO, Júlio Cézar Araújo. A Importância da Pesquisa de Egresso para Tomada de Decisão e como Suporte para Políticas de Assistência, Permanência e Êxito no Ensino Médio Integrado do Campus Irecê do Instituto Federal da Bahia. Dissertação (Mestrado Profissional em Educação Profissional e Tecnológica) - Instituto Federal de Educação, Ciência e Tecnologia da Bahia, Salvador, 2022.||https://repositorio.ifba.edu.br/jspui/handle/123456789/223",Não informado pela instituição,Não informado pela instituição,Não informado pela instituição
"Heydt, Vanessa Spinelo",http://lattes.cnpq.br/5843154137713530,Rosemary Irene Castaneda Zanette||Não informado pela instituição,http://lattes.cnpq.br/6872517511586240||Não informado pela instituição,"Rosemary Irene Castaneda Zanette||Silva, Odair Luiz Nadin da||Costa-Hübes, Terezinha da Conceição||Não informado pela instituição||Não informado pela instituição",http://lattes.cnpq.br/6872517511586240||http://lattes.cnpq.br/8469314873958494||http://lattes.cnpq.br/5764532456858431||Não informado pela instituição||Não informado pela instituição,English for Specific Purposes (ESP) e o ensino de termos no Curso Técnico em Informática Integrado ao Ensino Médio.,2019,Universidade Estadual do Oeste do Paraná (UNIOESTE),UNIOESTE,Brasil,"Centro de Educação, Comunicação e Artes",Programa de Pós-Graduação em Letras,CIENCIAS HUMANAS,openAccess,masterThesis,English for Specific Purposes (ESP)||Termo||Livro Didático||Informática||Ensino Médio Integrado,English for Specific Purposes (ESP)||Term||Textbook||Computing||Integrated High School,por,"In recent years, there has been a national growth an increase in the demand for ELFE courses offer due to different factors. In this scenario, it has been noticed the need for teaching that prioritizes what the student must know in order to act properly in the use of the new language in a target situation. Specifically in the state of Paraná, one of the areas of English language teaching for specific purposes - English for Specific Purposes (ESP) - occurs in the technical courses offered by the State Secretariat for Education (SEED). In this specific context, there is some difficulty in the interrelation between the basic contents foreseen in the curriculum and the specific contents of the English language for the technical areas. Thus, the theme of this research is the teaching of terms in the Technician Course in Informatics Integrated to High School in a Paraná school from the ESP approach and its focus is the analysis of didactic materials for this purpose. To this end, the guiding questions were: i) The didactic materials of English for informatics selected to compose the analysis of this research contemplate the theoretical and methodological assumptions related to the ESP? ii) Do these works significantly contemplate the teaching of terminological units in the area? If so, in what way do they do it ?; iii) Among these books, which are characterized as appropriate pedagogical supports for the teaching of English for computer science taking into account contributions of teaching specific terms, associated to the approach of ESP in the Technical Course in Computer Science integrated to High School? In order to meet the purposes set out in this research, the theoretical reference is based on studies of Professional Education: Brazil (1996), Manfredi (2002), Paraná (2006), Ciavatta; Ramos (2011), Bezerra (2012); on the Teaching of Specialty Languages and ESP: Hutchinson; Waters (1987), Bloor (1997), Celani; Deyes; Holmes; Scott (2005), Ramos (2005, 2008), Celani; Freire; Ramos (2009), Enterría Sánchez (2009); and studies on terminology and terms: Cabré (1993, 1999, 2003, 2006), Barros (2004), Finatto; Krieger (2004), in addition to other researchers and documents. This research is inserted in the area of Applied Linguistics, and as regards its methodology, has a qualitative interpretative, documentary and exploratory character. The corpus of analysis consisted of a general English didactic material as well as informatics English textbooks and, from some established criteria, an analysis about the lexical exercises present in the works was performed. From this verification, it was concluded that the textbook Infotech – English for computer users by Cambridge publishing is appropriate to the needs of students learning of Technical Computer Science course integrated to High School. It can also be used by teachers as a complementary material as an integration possibility of basic contents in the curriculum and technical contents.",http://tede.unioeste.br/handle/tede/4452,Não informado pela instituição,Não informado pela instituição,"HEYDT, Vanessa Spinelo. English for specific purposes (ESP) e o ensino de termos no Curso Técnico em Informática Integrado ao Ensino Médio.. 2019. 149 f. Dissertação( Mestrado em Letras) - Universidade Estadual do Oeste do Paraná, Cascavel,2019."
"Lima, Layla Crist",http://lattes.cnpq.br/1590573297485751,"Carvalho, Celso do Prado Ferraz de||Não informado pela instituição",http://lattes.cnpq.br/2546257820365753||Não informado pela instituição,"Carvalho, Celso do Prado Ferraz de||Gouveia, Riama Coelho||Souza, Carlos Bauer de||Não informado pela instituição||Não informado pela instituição",http://lattes.cnpq.br/2546257820365753||http://lattes.cnpq.br/2500065916129657||http://lattes.cnpq.br/8711715937181535||Não informado pela instituição||Não informado pela instituição,A percepção dos professores sobre o processo de implementação dos currículos de referência no instituto federal de São Paulo/campus Suzano.,2023,Universidade Nove de Julho (UNINOVE),UNINOVE,Brasil,Educação,Programa de Pós-Graduação em Educação,CIENCIAS HUMANAS::EDUCACAO,openAccess,masterThesis,currículos de referência||IFSP||percepção dos professores||ensino médio integrado,reference cvs||IFSP||teacher’s perception||integrated high school,por,"Our research has as a reference secondary-level professional education and the curricular guidelines proposed by the Federal Institute of São Paulo with the implementation of reference curricula, amidst changes that occurred in legislation following the preparation of the BNCC and the reform of secondary education in São Paulo. 2017. It is possible to verify in the documents that constitute the IF guidelines, research as a scientific and pedagogical principle, recognizing it as one of the supports for social, human and economic development. The process of implementing IF's reference curricula has been under construction since 2019, and follows the institution's own guidelines, due to its academic autonomy. Therefore, the research object of this work focuses on curriculum policy, its foundations and implementation. Its main objective is to understand the perception of teachers and coordinators of the technical course in industrial automation at the IFSP Suzano campus regarding the reference curricula that are in the process of being implemented, in the context of the BNCC and the secondary education reform. The importance of understanding the perception of teachers and coordinators regarding the process was based on the fact that they are most responsible for the execution and implementation of reference curricula, whether through PPC's or in day-to-day practice in the classroom, considering the curriculum as an instrument of transformation in a society and that it exercises power over it. Initially, the documents that underlie the organization of the IFSP reference curricula were analyzed. Subsequently, three focus groups were held with teachers and coordinators of the industrial automation course integrated into high school: with two coordinators from the technical and common centers; with a group of four teachers from the technical core and; with four teachers from the common core, who were able to explain how the implementation process has been designed within the IFSP Suzano campus. One of the proposals of the reference curriculum was standardization so that students could benefit if they needed to transfer, but the timetable and essential knowledge of the courses defined within the limits of the reference curriculum is still something decided within each campus, valuing the administrative autonomy of each of them. The perception of teachers and coordinators is that implementation is taking place quickly, even though the process has been planned for a few years. Ongoing changes, such as the number of classes and the project integrating disciplines, for example, are factors that provoke resistance. Regarding the differences and similarities of the reference curricula with the BNCC and the secondary education reform, the most mentioned aspect was the 800-hour cut in the timetable of the common core of the Suzano campus. The volume of content in the curricula was also mentioned in the discussions as worrying, often the scene of disputes for space in the subjects, although teachers understand that they present decisive issues regarding the inseparability between teaching and research. Teachers and coordinators state that the process is recent, which makes evaluations and measuring results difficult. Finally, they mention that within three to five years it will be possible to make the necessary alignments so that the reference curriculum is fully implemented.",http://bibliotecatede.uninove.br/handle/tede/3254,Não informado pela instituição,Não informado pela instituição,"Lima, Layla Crist. A percepção dos professores sobre o processo de implementação dos currículos de referência no instituto federal de São Paulo/campus Suzano.. 2023. 114 f. Dissertação( Programa de Pós-Graduação em Educação) - Universidade Nove de Julho, São Paulo."
"Besniyi, Eduardo",http://lattes.cnpq.br/7073736585091700,"Saul, Alexandre||Não informado pela instituição",http://lattes.cnpq.br/6664628457125646||Não informado pela instituição,"Saul, Alexandre||Galvanese, Ricardo Costa||Zanardi, Teodoro Adriano Costa||Não informado pela instituição||Não informado pela instituição",Não informado pela instituição,Percepções de docentes de uma escola técnica paulista sobre limites e possibilidades da interdisciplinaridade na integração curricular,2023,Universidade Católica de Santos (UNISANTOS),UNISANTOS,Brasil,Centro de Ciências da Educação e Comunicação,Mestrado em Educação,CNPQ::CIENCIAS HUMANAS::EDUCACAO,openAccess,masterThesis,ensino médio integrado ao profissional; integração curricular; ensino-aprendizagem; interdisciplinaridade; Paulo Freire||high school integrated to professional; curricular integration; teachinglearning; interdisciplinarity; Paulo Freire||escuela secundaria integrada al profesional; integración curricular; enseñanza-aprendizaje; interdisciplinariedad; Paulo Freire,Não informado pela instituição,por,"Esta pesquisa, desenvolvida no Programa de Pós-Graduação Stricto Sensu em Educação da Universidade Católica de Santos, no âmbito da linha de pesquisa Políticas e Práticas de Formação de Professores e do grupo de pesquisa Currículo e Formação de Professores: diálogo, conhecimento e justiça social, trata de desafios do trabalho interdisciplinar no contexto da educação profissional técnica de nível médio em uma Escola Técnica (Etec) Estadual vinculada ao Centro Paula Souza, no estado de São Paulo. Objetivou-se analisar as compreensões de professores da Etec Adolpho Berezin sobre limites e possibilidades da interdisciplinaridade nas práticas de ensino-aprendizagem que desenvolvem e se articulam à proposta curricular “Novotec Integrado”. A pergunta norteadora da pesquisa foi assim registrada: Como professores da Etec Adolpho Berezin compreendem e trabalham com a interdisciplinaridade em suas práticas de ensino-aprendizagem, diante da necessidade de oferecer aos estudantes uma formação crítica, capaz de integrar disciplinas propedêuticas e técnico-profissionalizantes? Obras de Paulo Freire, Hílton Japiassú e José Gimeno Sacristán tiveram centralidade na composição do referencial teórico desta dissertação, sobretudo em relação às temáticas da interdisciplinaridade e do currículo. A metodologia da pesquisa, de abordagem qualitativa, foi referenciada principalmente em autores como Augusto Nibaldo Silva Triviños, Antonio Chizzotti, Maria Cecília de Souza Minayo e Sonia Kramer. O estudo realizado na Etec, localizada no município de Mongaguá, estado de São Paulo, contou com a participação de docentes habilitados para lecionar no curso de Ensino Médio com Habilitação Profissional de Técnico em Administração. A coleta de dados deu-se por meio da aplicação de um questionário e da realização de uma entrevista coletiva com quatro docentes, e as evidências produzidas foram categorizadas e analisadas em eixos temáticos construídos com base no referencial teórico. Os resultados permitem afirmar que não há entre os docentes participantes uma ideia consolidada nem uma compreensão única sobre a interdisciplinaridade e seu papel na integração curricular. Entretanto, existe a articulação de conhecimentos entre disciplinas e áreas bem como o interesse dos professores em fazer crescer o diálogo entre eles e as disciplinas. Além disso, constatou-se a necessidade de que sejam ampliadas e melhoradas as condições objetivas e a legislação pertinente, para que sejam criados espaços-tempo de formação e debate sobre a interdisciplinaridade na escola, com vistas a fomentar e a fortalecer posturas e práticas interdisciplinares desenvolvidas nas práticas pedagógicas experienciadas na Etec, por docentes e discentes.",https://tede.unisantos.br/handle/tede/7995,Não informado pela instituição,Não informado pela instituição,"BESNIYI, Eduardo. Percepções de docentes de uma escola técnica paulista sobre limites e possibilidades da interdisciplinaridade na integração curricular. 2023. 121 f. Dissertação (mestrado) - Universidade Católica de Santos, Programa de Pós-Graduação stricto sensu em Educação, 2023"
"Souza, Margarida Prestes de",Não informado pela instituição,Não informado pela instituição,Não informado pela instituição,Não informado pela instituição,Não informado pela instituição,Avaliação da Política de Ações Afirmativas do IFRS: construção coletiva de uma proposta de autoavaliação na educação profissional e tecnológica,2024,"Instituto Federal de Educação, Ciência e Tecnologia do Rio Grande do Sul (IFRS)",IFRS,Não informado pela instituição,Não informado pela instituição,Não informado pela instituição,Não informado pela instituição,openAccess,masterThesis,Ensino profissional||Políticas públicas,Não informado pela instituição,por,"A presente dissertação descreve a pesquisa de cunho qualitativo, aplicado e exploratório que teve como objetivo, compreender, analisar e promover alternativas para a implementação de uma proposta de avaliação da Políticas de Ações Afirmativas (PAAf) do Instituto Federal de Educação, Ciência e Tecnologia do Rio Grande do Sul, que contribua para a sua consolidação. Investigou-se as possibilidades de construção coletiva, dessa proposta de avaliação, a partir do diálogo e escuta com a comunidade acadêmica do Campus Bento Gonçalves, local escolhido para a realização desta pesquisa, por se tratar de um dos campi da primeira fase, quando da criação dos Institutos Federais e por ter os núcleos de Ações Afirmativas implementados e consolidados. Considerou-se, para o recorte de pesquisa, os anos de 2021 a 2023. O público-alvo da pesquisa foram as coordenadoras dos núcleos de ações afirmativas, por serem as servidoras que melhor conhecem a temática: Núcleo de Atendimento às Pessoas com Necessidades Educacionais Específicas (Napne), Núcleo de Estudos Afro-brasileiros e Indígenas (Neabi) e Núcleo de Estudos e Pesquisas em Gênero e Sexualidade (Nepgs), No segmento discente participaram da pesquisa, três estudantes do Ensino Médio Integrado, beneficiados de alguma forma, pela Política de Ações Afirmativas do IFRS. Participaram ainda, dois docentes do Ensino Médio Integrado que têm interação com discentes atendidos pela PAAf e dois técnicos administrativos que desempenham suas funções junto à coordenação de assistência estudantil no Campus Bento Gonçalves do IFRS. Foram realizados estudos bibliográfico e documental que embasaram a pesquisa. As percepções dos atores participantes, acerca das ações desenvolvidas na implementação da Política, foram coletadas por meio de entrevista semiestruturada. Após a análise dos dados das entrevistas, de acordo com a técnica de Análise de Conteúdo, segundo Bardin (2016), do Ciclo de Políticas de Ball (2011) e demais etapas da pesquisa obtivemos as categorias finais: Formação continuada, Capacitação, Sensibilização, Ações Afirmativas, Avaliação da PAAf, Inclusão, diversidade, Acessibilidade, Auxílio estudantil, Apoio aos Núcleos de Ações Afirmativas, Acesso e Instituição Inclusiva. Com estas categorias foi possível construir uma matriz com os indicadores, além das questões formuladas como proposta de avaliação da PAAf. Essa matriz de indicadores foi inserida no Guia de Avaliação da Política de Ações Afirmativas do IFRS, Produto Educacional destinado a toda comunidade acadêmica do IFRS. O PE destina-se a fornecer orientações e informações detalhadas à comunidade acadêmica do IFRS, sobre a avaliação da Política de Ações Afirmativas do IFRS (PAAf), visando promover a inclusão, a diversidade e a igualdade na Instituição.",https://dspace.ifrs.edu.br/xmlui/handle/123456789/1487,Não informado pela instituição,Não informado pela instituição,Não informado pela instituição
"Angeli, Thaína Rodrigues Gava",http://lattes.cnpq.br/1658504521742558,"Silva Filho, Penildon||Não informado pela instituição",http://lattes.cnpq.br/2463174532926158||Não informado pela instituição,"Silva Filho, Penildon||Almeida, Sílvia Maria Leite de||Almeida, Gabriel Swahili Sales de||Não informado pela instituição||Não informado pela instituição",Não informado pela instituição,Impactos de marcadores sociais na trajetória escolar dos alunos do Ifes Nova Venécia: desafios e possibilidades para a construção de uma política de ações afirmativas,2022,Universidade Federal da Bahia (UFBA),UFBA,Brasil,Faculdade de Educação,"Mestrado Profissional em Educação: Currículo, Linguagens e Inovações Pedagógicas(MPED) ",Ciências humanas||Educação,openAccess,masterThesis,"Marcadores sociais||Equidade||Ações Afirmativas||Programas de ação afirmativa||Igualdade na educação||Permanência na escola||Sistema de cotas||Instituto Federal de Educação, Ciência e Tecnologia do Espírito Santo (Campus Nova Venécia) - Estudo de casos",Não informado pela instituição,por,"A pesquisa em questão é um projeto de intervenção que objetiva compreender o problema da inclusão e permanência na instituição na qual estou inserida e contribuir para a sua superação. Partindo de uma inquietação pessoal, realizamos um estudo de caso no Instituto Federal do Espírito Santo - Campus Nova Venécia, uma unidade caso. O tema estudado foi “políticas de ações afirmativas” e buscamos discutir os impactos dos marcadores sociais de gênero, raça e classe na trajetória escolar dos alunos. Tem como problema de pesquisa: “quais os impactos dos marcadores sociais gênero, raça e classe na trajetória escolar (rendimento/evasão/conclusão do curso) de alunos do Ensino Médio Integrado do Campus Nova Venécia? E, especialmente, como tais marcadores impactam o percurso de ingressantes na instituição pelo sistema de cotas?”. A pesquisa vem dialogando com os seguintes autores da área: Arroyo (2010), Novoa (2020), Gomes (2012), Coulon (2011), Sampaio (2011), Haddad (2012), Hirano, Almeida et al (2018), entre outros. Embora tenha uma fase introdutória quantitativa, a pesquisa é primordialmente qualitativa quanto à abordagem do problema, pela análise documental, pelo estudo de caso e pela realização de entrevistas. O estudo teve como público alvo os alunos ingressantes nos cursos Técnicos Integrados em Edificações e em Mineração, que são os cursos ofertados pelo campus na modalidade de ensino médio integrado, no período de 2010 a 2020. A primeira fase da pesquisa consistiu na extração de dados do Sistema “Qacadêmico”, obtendo então dados quantitativos, agrupados e sem identificação pessoal, sobre o perfil dos alunos. Na segunda fase, aconteceram as entrevistas realizadas com servidores lotados nas coordenadorias de Registro Acadêmico, Gestão Pedagógica e Assistência à Comunidade, com a direção geral e com três docentes, a fim de compreender, a partir da atuação profissional destes, a relação dos marcadores sociais na trajetória do discente dentro do campus. As análises combinadas dos dados do sistema e das entrevistas nos mostrou o objeto estudado através de múltiplos olhares. A comparação da entrada dos alunos tendo por base esses três marcadores sociais (gênero, raça e classe) antes e depois da adoção das cotas permite analisar como há uma interseccionalidade entre essas dimensões. Da mesma maneira, a pesquisa indicou que não se deve abrir mão dos diferentes marcadores sociais, mais notadamente o de raça, se quisermos reverter a situação de discriminação histórica do grupo dos negros. Assim, como resultado da pesquisa, foi elaborada uma proposta interventiva que apresenta diretrizes para a formulação de uma política de ações afirmativas do Ifes.",https://repositorio.ufba.br/handle/ri/36521,Não informado pela instituição,Não informado pela instituição,Não informado pela instituição
"Ferraz, Maria do Carmo Gomes",Não informado pela instituição,"Ferreira, Rosilda Arruda||Não informado pela instituição",Não informado pela instituição,"Silva Filho, Penildon||Pimentel, Gabriela Sousa Rêgo||Não informado pela instituição||Não informado pela instituição||Não informado pela instituição||Não informado pela instituição",Não informado pela instituição,"Exclusão na escola no contexto das políticas afirmativas: reprovação e evasão no Instituto Federal de Educação, Ciência e Tecnologia da Bahia - campus de Barreiras sob o olhar dos atores envolvidos no processo",2015,Universidade Federal da Bahia (UFBA),UFBA,brasil,Não informado pela instituição,Programa de Pós-Graduação em Educação,Educação,openAccess,masterThesis,Reprovação||Evasão||Exclusão||Equidade||Fracasso Escolar||Eficácia||Política pública||Fail||Evasion||Exclusion||Equity||School Failure||Effectiveness,Não informado pela instituição,por,"Esta dissertação apresenta os resultados de uma pesquisa a respeito do fenômeno da evasão e da reprovação escolar no Instituto Federal de Educação, Ciência e Tecnologia da Bahia/IFBA, - Campus de Barreiras, no período de 2010 a 2014. O estudo justificou-se por acreditar que a eficácia precisa ser considerada como um dos indicadores de uma Educação de Qualidade e que possa promover a equidade. O problema de pesquisa buscou responder às seguintes indagações: como os professores, discentes, pais de estudantes e profissionais que atuam no setor pedagógico do Instituto percebem e explicam os fenômenos da reprovação e da evasão escolar nos cursos de Ensino Médio Integrado à Educação Profissional? Qual o perfil dos estudantes reprovados e evadidos com relação ao gênero no contexto das políticas de ações afirmativas? O estudo compreendeu uma pesquisa com caráter de método misto, na medida em que utilizou uma abordagem que possibilita uma aproximação aos fenômenos sob as diferentes perspectivas. Por fim, uma pesquisa empírica foi realizada por meio da adoção de entrevista semiestruturada. O lócus da pesquisa foi o IFBA - Campus de Barreiras e as residências de alguns estudantes. Os resultados demonstraram: que os índices de reprovação são elevados na primeira série; que o índice de reprovação dos estudantes cotistas é superior comparado aos demais estudantes; que o percentual dos estudantes que concluem o curso, em quatro anos, é baixo na perspectiva de uma escola promotora de eficácia da equidade. No que se refere à percepção dos atores, apontou para um conjunto de fatores ou dimensões envolvidas no processo de aprendizagem, com destaque para os aspectos subjetivos, institucionais e externos ligados às políticas públicas da educação no país, como responsáveis pelo fenômeno da exclusão dos estudantes na Instituição.",http://repositorio.ufba.br/ri/handle/ri/18168,Não informado pela instituição,Não informado pela instituição,Não informado pela instituição
"Lima, José Roberto",.,"Silva, Vandré Gomes da||Não informado pela instituição",http://lattes.cnpq.br/0452394949023220||Não informado pela instituição,Não informado pela instituição,Não informado pela instituição,"Demandas, desafios e limites do novo Ensino Médio: o que pensam profissionais da educação profissional",2019,Universidade Cruzeiro do Sul (UNICSUL),UNICSUL,Brasil,Pós-Graduação,Programa de Mestrado em Educação,CNPQ::CIENCIAS HUMANAS::EDUCACAO,openAccess,masterThesis,Educação profissional - Brasil||Políticas públicas em educação||Lei de diretrizes e bases da educação nacional,Não informado pela instituição,por,"Essa dissertação busca identificar e analisar novas demandas para a gestão escolar provenientes da implementação da reforma do Novo Ensino Médio, apontando desafios e limites na percepção de profissionais de uma unidade escolar de educação profissional. O estudo contextualiza historicamente o cenário da Educação Profissional no Brasil, as principais diretrizes da Lei nº 13.415/17, que alteraram a Lei de Diretrizes e Bases da Educação Nacional e estabeleceu mudanças na estrutura do Ensino Médio. Também são analisados estudos acerca da implementação de políticas públicas educacionais que subsidiaram as categorias de análise. O estudo, de abordagem qualitativa, pesquisou em uma unidade de Escola Técnica Estadual as motivações de sua equipe de gestão, para compreender e interpretar determinados comportamentos, a opinião e as expectativas dos indivíduos de uma população. E por fim, ele faz uma análise, com base nas entrevistas com representantes na unidade em questão e à luz da literatura especializada, trazendo como resultado dessa análise considerações sobre a importância da compreensão, da adesão, do ambiente institucional e da discricionariedade. A respeito da compreensão foi possível afirmar que houve a compreensão da equipe de gestão, mas o mesmo não ocorreu com os professores. Houve a adesão pela a equipe de gestão, mas os professores receberam com desconfiança a implementação da nova lei. Acerca das condições institucionais e a discricionariedade dos agentes implementadores ficou a ação da equipe de gestão para evitar a redução da carga horária. Como novas demandas para a gestão escolar provenientes da implementação da reforma do Novo Ensino Médio, identificou-se a necessidade de evitar a redução de carga horária dos professores da unidade, bem como a adequação do horário da unidade. Como desafios e limites na percepção de profissionais dessa unidade escolar de educação profissional apontou-se necessidade de uma ação formadora acerca da lei do Novo Ensino Médio, bem como a realização de debates em torno de pontos polêmicos da lei e de aspectos relacionados à qualidade de formação e de anseios e interesses do aluno.",https://repositorio.cruzeirodosul.edu.br/handle/123456789/289,Não informado pela instituição,Não informado pela instituição,"LIMA, José Roberto. Demandas, desafios e limites do novo Ensino Médio: o que pensam profissionais da educação profissional. Orientador: Vandré Gomes da Silva. 2019. 96f. Dissertação (Mestrado em Educação) - Universidade Cidade de São Paulo. 2019."
"Silva, Eliane Aparecida da",Não informado pela instituição,Não informado pela instituição,Não informado pela instituição,Não informado pela instituição,Não informado pela instituição,Políticas de currículo para o ensino médio : sentidos de educação no IFMT de Primavera do Leste (MT),2018,Universidade Federal de Mato Grosso (UFMT),UFMT,Não informado pela instituição,Não informado pela instituição,Não informado pela instituição,Não informado pela instituição,openAccess,masterThesis,Políticas de currículo||Ensino médio||IFMT||Integração curricular||Abordagem do ciclo de políticas||Sentidos de educação||CNPQ::CIENCIAS HUMANAS::EDUCACAO||Curriculum policies||High school||IFMT||Curricular integration||Policy cycle approach||Directions of education,Não informado pela instituição,por,"This research is inserted in the Research Line Training of Teachers and Public Educational Policies of the Graduate Program in Education of the Federal University of Mato Grosso, Campus of Rondonópolis. It aims to investigate how education and / or vocational education integrated into Secondary Education is signified in the IFMT and what are the implications for education and curriculum in this institution. The research is based on analysis of the poststructural discursive discourse discourse, by Alice Casimiro Lopes and Elizabeth Macedo, and three contexts of Stephen Ball's policy cycle, Richard Bowe and Anete Gold: the context of influence, the context of the text production and the context of the practice. These contexts are composed of arenas and interest groups and each of them involves disputes and clashes in the production of politics. Focusing on the context of the production of the political text, I analyze normative documents (resolutions, opinions, guidelines), as well as other texts that guide the supply and attendance of high school and integrated secondary education in the municipality of Primavera do Leste - MT. In this first movement, I focus on aspects of educational reforms in Brazil, especially the reforms of secondary education directed at the Federal Institutes of Education in the midst of the main changes for Brazilian professional education in recent years, with emphasis on the place of curricular integration in the policies of this level. In a second movement of analysis, I seek to analyze the meanings of education in the IFMT Spring of the East, which I take as the context of practice in research. Focus on the privileged signifiers in political texts, on the intentions in dispute from such signifiers, in order to highlight the meanings of curricular change linked to the search for (good) quality of education. I dispute the disputes about the significant knowledge and knowledges that act as central in the attempt to hegemonize a meaning for education and try to demonstrate how these signifiers act in the attempt to close a single demand for quality education. I analyze the IFMT policy also discussing the meanings that practice subjects attribute to education and curriculum at this level of education. I emphasize the recurrence of the discourses around the better knowledge for the students of the High School Integrated to Professional Education as workers or as technicians, with skills and abilities considered necessary to the labor market and the productive world, pointing this meaning as a hegemonic sense of education in the politics of high school. I conclude by stating that if national and local policy, as the implications of the current senses, tends to accentuate the dualism in the Integrated High School to Vocational Education, it is because it is privileged to mean reduced education to the teaching of basic contents, of knowledge commissioned by the market in training of skills and skills for specific jobs. Defending the perspective of education as an event, I finally draw attention to the fact that in the daily educational process in the IFMT in focus there are other relationships being produced that partially escape this attempt to restrict the senses of education to behaviors and controllable skills, relationships that point to concerns about an education that put young people at the center as people in training.","SILVA, Eliane Aparecida da. Políticas de currículo para o ensino médio: sentidos de educação no IFMT de Primavera do Leste (MT). 2018. 107 f. Dissertação (Mestrado em Educação) - Universidade Federal de Mato Grosso, Instituto de Ciências Humanas e Sociais, Rondonópolis, 2018.||http://ri.ufmt.br/handle/1/2781",Não informado pela instituição,Não informado pela instituição,Não informado pela instituição
"Paula, Alessandra Edna de",http://lattes.cnpq.br/6397295752910591,"Souza, José dos Santos||Não informado pela instituição",http://lattes.cnpq.br/4662172593965744||Não informado pela instituição,"Otranto, Célia Regina||Souza, Dileno Dustran Lucas de||Não informado pela instituição||Não informado pela instituição||Não informado pela instituição",Não informado pela instituição,"O papel pedagógico das cooperativas-escola: Um estudo comparativo da prática educativa do Campus Paraíso do Tocantins, do Instituto Federal do Tocantins, e do Campus Urutaí, do Instituo Federal Goiano.",2010,Universidade Federal Rural do Rio de Janeiro (UFRRJ),UFRRJ,Brasil,Instituto de Agronomia,Programa de Pós-Graduação em Educação Agrícola,Ciências Humanas,openAccess,masterThesis,Cooperativa-Escola||Educação Profissional||Ensino Técnico||Trabalho e Educação||Labor and Education,Cooperative School||Vocational Education||Technical Education,por,"O texto faz uma análise comparativa e uma reflexão sobre o papel pedagógico das Cooperativas-Escolas implantadas no extinto CEFET Urutaí e extinta Escola Técnica de Palmas – UNED Paraíso do Tocantins, atualmente Instituto Federal de Educação, Ciência e Tecnologia Goiano – Campus Urutaí e Instituto Federal de Educação, Ciência e Tecnologia do Tocantins – Campus Paraíso do Tocantins, respectivamente, em 1979 e em 2008. Buscamos identificar as suas conservações e mudanças, as particularidades, os objetivos e funcionamento, a partir da seguinte questão norteadora: no decorrer dos anos, houve mudanças significativas no papel político-pedagógico das Cooperativas-Escola? Objetivamos comparar a experiência da Cooperativa-Escola de Urutaí e a implantação em Paraíso do Tocantins, para explicitar o seu papel pedagógico na formação profissional. Como instrumentos principais de coleta de dados, usamos a revisão da literatura sobre o tema, em fontes bibliográficas e documentais, e também a aplicação de questionários e realização de entrevistas semiestruturadas com sujeitos direta ou indiretamente envolvidos nas duas iniciativas. Constatamos que, mesmo sendo implantadas em períodos distintos, as duas Cooperativas possuem semelhanças e diferenças. As semelhanças estão relacionadas a questões organizacionais e à intenção de construir a cultura escolar cooperativa e ser um instrumento educacional capaz de aproximar teoria e prática. De outro lado, identificamos contradições entre uma e outra, especialmente quanto ao cumprimento de seus objetivos e à articulação entre aulas teóricas, prática educativa e preparação para o mercado de trabalho; além disso, a concepção que cada comunidade escolar local tem da respectiva CooperativaEscola, e quanto ao fato de os pesquisados enfatizarem a sua importância no processo educativo e na formação profissional, mas, ao mesmo tempo, afirmarem que elas não desempenham a primordial função pedagógica. Sendo assim, a pesquisa revelou que as contradições entre o discurso e a realidade foram as possíveis causas da descaracterização e finalização das Cooperativas estudadas durante o período da nossa pesquisa. Ademais, constatamos que das reformas educacionais ocorridas no Brasil, entre as décadas de 1970 e 1990 (Lei 5.692/1971, LDB/1996 e Decretos N° 2.208/1997), a de 1971 teve grande influência na organização e no funcionamento das Cooperativas-Escola de modo geral. As demais reformas também tiveram, porém em menor proporção, visto que elas asseguravam a continuidade da formação profissional e a tentativa de articulação entre a educação e trabalho.",https://rima.ufrrj.br/jspui/handle/20.500.14407/12850,Não informado pela instituição,Não informado pela instituição,"PAULA, Alessandra Edna de. O papel pedagógico das cooperativas-escola: Um estudo comparativo da prática educativa do Campus Paraíso do Tocantins, do Instituto Federal do Tocantins, e do Campus Urutaí, do Instituo Federal Goiano. 2010. 120 f. Dissertação (Programa de Pós-Graduação em Educação Agrícola) - Universidade Federal Rural do Rio de Janeiro, Seropédica."
"Lima, José Roberto",Não informado pela instituição,Não informado pela instituição,Não informado pela instituição,Não informado pela instituição,Não informado pela instituição,"Demandas, desafios e limites do novo Ensino Médio: o que pensam profissionais da educação profissional",2019,Centro Universitário Braz Cubas (CUB),CUB,Não informado pela instituição,Não informado pela instituição,Não informado pela instituição,Não informado pela instituição,openAccess,masterThesis,Educação profissional - Brasil||Políticas públicas em educação||Lei de diretrizes e bases da educação nacional||CNPQ::CIENCIAS HUMANAS::EDUCACAO,Não informado pela instituição,por,"This dissertation seeks to identify and analyze new demands for school management arising from the implementation of the reform of the New High School, pointing challenges and limits in the perception of professionals from a vocational education school unit. The study historically contextualizes the scenario of Vocational Education in Brazil, the main guidelines of Law No. 13,415 / 17, which amended the Law of Guidelines and Bases of National Education and established changes in the structure of High School. Studies about the implementation of educational public policies that subsidize the analysis categories are also analyzed. The study, with a qualitative approach, researched in a State Technical School unit the motivations of its management team, to understand and interpret certain behaviors, opinion and expectations of individuals in a population. And finally, he makes an analysis, based on interviews with representatives in the unit in question and in the light of the specialized literature, bringing as a result of this analysis considerations on the importance of understanding, adherence, institutional environment and discretion. Regarding the comprehension, it was possible to affirm that there was the understanding of the management team, but the same did not happen with the teachers. The management team joined, but the teachers were suspicious of the implementation of the new law. About the institutional conditions and the discretion of the implementing agents was the action of the management team to avoid the reduction of the workload. As new demands for school management arising from the implementation of the reform of the New High School, it was identified the need to avoid reducing the workload of unit teachers, as well as the adequacy of unit hours. As challenges and limits in the perception of professionals of this professional education school unit, it was pointed out the need for a formative action about the New High School law, as well as the holding of debates around controversial points of the law and aspects related to the quality of life. education and the student's wishes and interests.","LIMA, José Roberto. Demandas, desafios e limites do novo Ensino Médio: o que pensam profissionais da educação profissional. Orientador: Vandré Gomes da Silva. 2019. 96f. Dissertação (Mestrado em Educação) - Universidade Cidade de São Paulo. 2019.||https://repositorio.cruzeirodosul.edu.br/handle/123456789/289",Não informado pela instituição,Não informado pela instituição,Não informado pela instituição
"Silva Júnior, Sisney Darcy Vaz da",Não informado pela instituição,"Vetromille-Castro, Rafael||Não informado pela instituição",Não informado pela instituição,Não informado pela instituição,Não informado pela instituição,O desenvolvimento das múltiplas linguagens em ambientes virtuais: o blog como um sistema complexo,2015,Universidade Federal de Pelotas (UFPEL),UFPEL,Brasil,Centro de Letras e Comunicação,Programa de Pós-Graduação em Letras,"CNPQ::LINGUISTICA, LETRAS E ARTES::LINGUISTICA::LINGUISTICA APLICADA",openAccess,masterThesis,Novos letramentos||Multiletramentos||Ensino de línguas||Teoria da complexidade||Produção de vídeo||New literacy||Multiliteracy||Languages teaching||Complexity theory||Video production,Não informado pela instituição,por,"Os Institutos Federais de Educação, Ciência e Tecnologia priorizam em suas grades curriculares das modalidades de Ensino Médio Integrado, as disciplinas voltadas ao Ensino Técnico, deixando as disciplinas das linguagens com menos de 8% da Carga Horária total nos cursos dessa modalidade. A disciplina de Língua Portuguesa possui apenas 2h/a semanais para articular o ensino de Língua, Literatura e Produção de Textos. Frente a essa problemática, objetivou-se, com essa pesquisa, verificar o uso das ferramentas tecnológicas para a compensação da falta de tempo. Além disso, buscou-se também articular o ensino de linguagens com elementos mais atrativos e motivadores aos alunos. O método de pesquisa se configurou por uma pesquisa de cunho qualitativo e etnográfico, no qual os dados foram descritos por um professor, que é o próprio pesquisador, implicado diretamente na aplicação da prática, coleta e análise dos dados. O público-alvo dessa pesquisa são alunos ingressantes no Ensino Médio Integrado de um Instituto Federal localizado no extremo sul do Rio Grande do Sul. A faixa etária dos sujeitos envolvidos fica em torno dos 13 aos 18 anos e são alunos ingressos nos cursos técnicos em Refrigeração e Climatização, Geoprocessamento, Informática e Eletrotécnica. O Referencial Teórico está dividido em sete seções, as primeiras discutem o perfil do atual estudante de língua, trazendo à discussão o conceito de Nativo Digital, de Prensky (2001), perpassando pelos conceitos de Normalização de Bax (2003).Posteriormente, fazem-se algumas observações relevantes acerca dos Multiletramentos e dos Letramentos Digitais. Ainda nesse contexto, discute-se o blog como recurso de CALL, e para analisar os efeitos do uso das Tecnologias no ensino de língua, perpassar-se-á pelos conceitos da Teoria da Complexidade. A Análise de Dados contemplou a completude da atividade – dessa forma – visualizou-se o processo inteiro, sem excluir nenhum evento que fosse pertinente à prática de produção de textos. Foi feita uma análise sequencial, semanal do percurso da elaboração dos roteiros para curtas-metragens executada nos blogs, observando o desenvolvimento do processo do princípio até sua conclusão e entrega. Como base nisso, percebeu-se a interlocução entre diferentes linguagens para que fosse efetivada a prática de produção. Nisso, têm-se que essa proposta se caracteriza como uma prática de letramento, pois caracteriza-se por ser uma prática social implícita nos princípios socialmente construídos, pois os modos pelos quais os sujeitos usaram a leitura e a escrita estão atreladas às concepções de conhecimento, identidade e modos de ser e estar nas suas práticas sociais. Além disso, um grupo interagindo em um ambiente, seja ele virtual ou não, já caracteriza práticas de complexidade, logo, para comprovar essa afirmativa, observou-se as seguintes características dos SAC presentes no desenrolar da prática: dinamicidade, não-linearidade, imprevisibilidade, sensibilidade às condições iniciais, abertura, auto-organização, sensibilidade a feedback e adaptabilidade.",http://repositorio.ufpel.edu.br/handle/ri/2735,Não informado pela instituição,Não informado pela instituição,"SILVA JÚNIOR, Sisney Darcy Vaz da. O desenvolvimento das múltiplas linguagens em ambientes virtuais: o blog como um sistema complexo. 2015. 110 f. Dissertação (Mestrado) - Programa de Pós-Graduação em Letras, Centro de Letras e Comunicação, Universidade Federal de Pelotas, Pelotas, 2015."
"Cunha, Lilian do Carmo de Oliveira",http://lattes.cnpq.br/2070209329711151,"Oliveira, Luiz Fernandes de||Não informado pela instituição",http://lattes.cnpq.br/7006752768658988||Não informado pela instituição,"Silva, Joselina da||Heringer, Rosana Rodrigues||Não informado pela instituição||Não informado pela instituição||Não informado pela instituição",Não informado pela instituição,Racismo institucional: desafios e perspectivas na implementação de políticas públicas antirracistas na FAETC,2017,Universidade Federal Rural do Rio de Janeiro (UFRRJ),UFRRJ,Brasil,Instituto de Educação||Instituto Multidisciplinar de Nova Iguaçu,"Programa de Pós-Graduação em Educação, Contextos Contemporâneos e Demandas Populares",Ciências Humanas,openAccess,masterThesis,racismo institucional||políticas antirracistas||relações raciais||educação,institutional racism||anti-racists policies||race relations||education,por,"O presente trabalho propõe a discussão da implementação de políticas públicas antirracistas como forma de enfrentamento ao racismo institucional presente nas instituições escolares, tendo em vista que o racismo institucional refere-se à manifestação do racismo nas estruturas de organização da sociedade. Neste sentido, a questão central que orienta esta pesquisa é: considerando a existência de um sistema social que institucionalizou o racismo influenciando diretamente as práticas pedagógicas e relações raciais nas instituições educacionais; e as políticas públicas, especificamente as que objetivam corrigir estas desigualdades raciais no tocante a educação escolar, quais os obstáculos enfrentados pelos docentes para que estes dispositivos legais antirracistas se traduzam em propostas concretas de ação? Assim, o objetivo principal desta investigação é compreender de que modo a trajetória da implementação das políticas antirracistas na Fundação de Apoio à Escola Técnica – Faetec é representada e quais os desafios são inerentes a esta. Para dialogar com as questões aqui colocadas, o trabalho se apoiará teoricamente na perspectiva histórica do racismo no Brasil, nas concepções de racismo e racismo institucional e nos reflexos destes no contexto escolar. Discutirá também os conceitos de antirracismo e ação afirmativa. Estas abordagens terão como aporte as pesquisas de Antônio Sérgio Alfredo Guimarães (2009), Carlos Hasenbalg (2005), George Reid Andrews (1998) e Valter Roberto Silvério (2002), bem como documentos oficiais do Ministério da Educação que discutem a temática abordada",https://rima.ufrrj.br/jspui/handle/20.500.14407/12994,Não informado pela instituição,Não informado pela instituição,"Cunha, Lilian do Carmo de Oliveira. Racismo institucional: desafios e perspectivas na implementação de políticas públicas antirracistas na FAETEC. 2017. 111 f. Dissertação (Programa de Pós-Graduação em Educação, Contextos Contemporâneos e Demandas Populares). Instituto de Educação, Universidade Federal Rural do Rio de Janeiro, Seropédica, RJ, 2017."
"Marcelino, Fabiana",http://buscatextual.cnpq.br/buscatextual/visualizacv.do?id=K4701692D6,"Azevedo, Márcio Adriano||Não informado pela instituição",http://buscatextual.cnpq.br/buscatextual/visualizacv.do?id=K4128554A1||Não informado pela instituição,"Azevedo, Márcio Adriano||Cavignac, Julie||Medeiros, Olivia Neta||Não informado pela instituição||Não informado pela instituição",http://buscatextual.cnpq.br/buscatextual/visualizacv.do?id=K4128554A1||http://buscatextual.cnpq.br/buscatextual/visualizacv.do?id=K4768171A6||http://buscatextual.cnpq.br/buscatextual/visualizacv.do?id=K4758901A6||Não informado pela instituição||Não informado pela instituição,O acesso de estudantes quilombolas no IFRN: análise da lei 12.711/2012,2018,Instituto Federal do Rio Grande do Norte (IFRN),IFRN,Brasil,Natal - Central,Mestrado Acadêmico em Educação Profissional||Mestrado Acadêmico em Educação Profissional,Ciências Sociais Aplicadas,openAccess,masterThesis,Educação profissional||Acesso discente||Cotas raciais||Quilombolas||Políticas públicas||Professional education||Access student||Racial quotas||Public policy,Não informado pela instituição,por,"Esta dissertação tem o objetivo de analisar o acesso de estudantes ao Ensino Médio Integrado nos Campi do Instituto Federal de Educação, Ciência e Tecnologia do Rio Grande do Norte (IFRN) a partir da implantação da Lei nº 12.711/2012, que dispõe sobre o ingresso nas universidades federais e nas instituições federais de ensino técnico de nível médio e dá outras providências, estabelecendo reserva de vagas para estudantes que tiveram sua trajetória acadêmica em escolas públicas, e para estudantes pretos, pardos e indígenas. Esta pesquisa é direcionada para os estudantes situados em regiões onde existem estudantes residentes em comunidades quilombolas. São objetivos específicos: a) analisar o cenário político brasileiro quando da implantação da Lei Federal nº. 12.711/2012; b) verificar as formas de ingresso adotadas pelo IFRN para o Ensino Médio Integrado após a implantação da Lei; e c) mostrar indicadores de acesso de estudantes quilombolas como parte da política de ações afirmativas da Educação Profissional no IFRN. Serão espaços de pesquisa os Campi do IFRN que tenham estudantes residentes em comunidades quilombolas, mesmo que a comunidade não seja no município do Campus. Desse modo, ressaltamos a relevância deste trabalho para a população negra e quilombola, e para a Educação Profissional. Para sua efetivação, adotaremos como metodologia de pesquisa a análise de aspectos da política (FREY, 2000; VIANA, 1996; FIGUEIREDO M., FIGUEIREDO A., 1986; RAMOS, SCHABRACH, 2012; SILVA, 2016; CUNHA, 2006; ROCHA, 2010; MULLER, SUREL, 2002) e na abordagem qualitativa, com a utilização de entrevista semi-estruturada, análise documental, revisão bibliográfica, observação e notas de campo. Discutiremos políticas públicas na Educação, as desigualdades na esfera educacional, as ações afirmativas para jovens em situação de vulnerabilidade social no sistema escolar, as questões que envolvem a perspectiva racial na educação brasileira, e a implementação da Lei nº 12.711/2012 no IFRN, levando em consideração o contexto histórico e político da sua expansão. A análise dos dados extraídos na pesquisa indica que, em que se pese o esforço institucional para a efetivação da interiorização e inclusão social na escola, populações mais vulneráveis como os quilombolas ainda enfrentam fortes dificuldades de acesso, em particular ao Ensino Médio Integrado.",http://memoria.ifrn.edu.br/handle/1044/1529,Não informado pela instituição,Não informado pela instituição,"MARCELINO, Fabiana Teixeira . O acesso de estudantes quilombolas no IFRN: análise da Lei n° 12.711/2012. 2018. 154 f. Dissertação (Mestrado Acadêmico em Educação Profissional) - Instituto Federal de Educação, Ciência e Tecnologia do Rio Grande do Norte, Natal, 2018."
"Santos, Lívia Maria Monteiro",http://lattes.cnpq.br/9352420404547292,"Damasceno, Allan Rocha||Não informado pela instituição",Não informado pela instituição,"Damasceno, Allan Rocha||Gonçalves, Silvia Maria Melo||Não informado pela instituição||Não informado pela instituição||Não informado pela instituição",Não informado pela instituição,Interfaces entre a Educação Especial e a Educação Profissional: Concepções e ações político-pedagógicas,2016,Universidade Federal Rural do Rio de Janeiro (UFRRJ),UFRRJ,Brasil,Instituto de Agronomia,Programa de Pós-Graduação em Educação Agrícola,Educação,openAccess,masterThesis,Educação Especial||Educação Profissional||Teoria Crítica,Special Education||Professional Education||Critical Theory,por,"A presente pesquisa se propôs a estudar a Interface entre a Educação Especial e a Educação Profissional em uma Instituição da Rede Federal de Educação Profissional, Científica e Tecnológica, especificamente o Instituto Federal de Educação, Ciência e Tecnologia do Amapá (IFAP), campus Macapá. A dissertação objetivou caracterizar as concepções e ações político-pedagógicas, desse campus, sobre a inclusão do público-alvo da Educação Especial na Educação Profissional Técnica de Nível Médio; analisar o Plano de Desenvolvimento Institucional do IFAP na perspectiva de observar diretrizes que se voltem para o atendimento desse público, considerando os objetivos da Educação Especial e Educação Profissional Técnica de Nível Médio; avaliar as implicações político-pedagógicas da legislação nas ações desenvolvidas pelo IFAP em relação ao atendimento do público-alvo da Educação Especial; avaliar os impactos das concepções político-pedagógicas sobre as ações desenvolvidas pelo Núcleo de Atendimento às Pessoas com Necessidades Educacionais Específicas (NAPNE) do IFAP. Nossas questões de estudo foram: Qual é a concepção de inclusão afirmada pelo IFAP, campus Macapá, em relação ao aluno público-alvo da Educação Especial no Ensino Profissional Técnico de Nível Médio? Quais ações político-pedagógicas são observadas a fim de garantir o acesso, a participação e a aprendizagem dos alunos público-alvo da Educação Especial no Ensino Profissional Técnico de Nível Médio no IFAP, campus Macapá? Como se revela a interface entre a Educação Especial e Educação Profissional no IFAP, campus Macapá? Alicerçada na Teoria Crítica, como suporte teórico-metodológico, enfatizando os estudos de Theodor Adorno e seus comentadores, em especial Damasceno, a análise do objeto de estudo foi realizada. Estabelecemos como procedimentos e/ou instrumentos de coleta de dados a pesquisa documental, onde analisamos o Plano de Desenvolvimento Institucional do IFAP, bem como aplicamos questionários e realizamos entrevistas semiestruturadas com os gestores. Os resultados revelam que esse campus conduz seus trabalhos, no que se refere à relação da Educação Especial e a Educação Profissional, com base em uma concepção de orientação inclusiva, que entende a escola como um lugar para a participação de todos. Entretanto, apresenta dificuldades no que se refere à interlocução dos profissionais que atuam no Instituto, trazendo perdas para o planejamento e execução de ações político-pedagógicas voltadas para a interface entre essas modalidades de Ensino, visto que a maior parte das estratégias de inclusão é realizada pelo NAPNE.",https://rima.ufrrj.br/jspui/handle/20.500.14407/12974,Não informado pela instituição,Não informado pela instituição,"SANTOS, Lívia Maria Monteiro. Interfaces entre a educação especial e a educação profissional: concepções e ações político-pedagógicas. 2016. 87 f. Dissertação (Mestrado em Educação Agrícola). Instituto de Agronomia, Universidade Federal Rural do Rio de Janeiro, Seropédica, RJ, 2016."
"Gonçalves, Paula Joseane Rocha",Não informado pela instituição,Não informado pela instituição,Não informado pela instituição,Não informado pela instituição,Não informado pela instituição,Saberes docentes e trajetos formativos de professores de língua portuguesa da EPT,2021,Universidade Federal de Santa Maria (UFSM),UFSM,Não informado pela instituição,Não informado pela instituição,Não informado pela instituição,Não informado pela instituição,openAccess,masterThesis,Saberes docentes||Ensino||Língua portuguesa||Teaching knowledge||Teaching||Portuguese language||CNPQ::CIENCIAS HUMANAS::EDUCACAO,Não informado pela instituição,por,"This research is linked to the line of research Teacher Training for Professional Education of the Master in Professional and Technological Education at UFSM and to the Group of Studies and research in Initial and Continuing Teacher Training - Magma. To do so, we started with the following research question: How are the teaching knowledge constituted and in what way the formative paths are singularized by the experiential knowledge of the Portuguese Language teachers in the EBPT of a Federal Institute of Rio Grande do Sul? Is there any impact of these paths on the praxis of these teachers? Seeking to answer this question, this dissertation presents a research carried out with eight educators, which aimed to know the training paths and teaching knowledge of teachers of Portuguese Language and Brazilian Literature, working in Integrated Technical courses at the medium level of Professional and Technological Education (EPT), in the sense of analyzing how training paths and teaching knowledge influence their pedagogical practices. We seek to know their training paths, their teaching knowledge, the representations they have of teaching as well as the educational practices developed by them and that leverage the teaching of LPLB. For this, the methodological choice was qualitative research. The inclusion criteria were to be an effective teacher in the area of Letters and to be working with the discipline of LPLB in the integrated technical courses at the secondary level. As for the production of data, the interviews were of the semi-structured type, which allows for greater interaction between the interviewer and the interviewee. For data analysis, Content Analysis according to Bardin was used. It was possible to realize that the training paths of employees are full of professional choices and that experiential knowledge is essential for the success of educational practices in the classroom. In addition, LPLB teaching is based on proposals for meaningful activities for learners. Although the professors affirm that they have learned in practice to work with Integrated High School, it is important to emphasize that universities must qualify future teachers for work in EPT.",http://repositorio.ufsm.br/handle/1/22319,Não informado pela instituição,Não informado pela instituição,Não informado pela instituição
"Almeida, Adriana de",Não informado pela instituição,Não informado pela instituição,Não informado pela instituição,Não informado pela instituição,Não informado pela instituição,Um estudo do E no processo de implantação no estado do Paraná do PROEJA : problematizando as causas da evasão,2009,Universidade Federal do Paraná (UFPR),UFPR,Não informado pela instituição,Não informado pela instituição,Não informado pela instituição,Não informado pela instituição,openAccess,masterThesis,Educação de adultos||Evasão escolar na educação de adultos||Educação,Não informado pela instituição,por,Orientadora: Monica Ribeiro da Silva,https://hdl.handle.net/1884/18631,Não informado pela instituição,Não informado pela instituição,Não informado pela instituição
"Neves, Bruno Miranda",Não informado pela instituição,Não informado pela instituição,Não informado pela instituição,Não informado pela instituição,Não informado pela instituição,Educação Profissional Técnica de nível médio no Brasil: reconstrução histórica das disputas dos anos 1930 a 2014,2023,Universidade do Estado do Rio de Janeiro (UERJ),UERJ,Não informado pela instituição,Não informado pela instituição,Não informado pela instituição,Não informado pela instituição,openAccess,doctoralThesis,Educação profissional técnica de nível médio||Formação social brasileira||Dualidade estrutural||Contrarreforma do Estado||Educación profesional técnica de nivel medio||Formación social brasileña||Dualidad estructural||Contrarreforma del Estado||CIENCIAS HUMANAS::CIENCIA POLITICA::POLITICAS PUBLICAS,Não informado pela instituição,por,"Esta tese examinou, ao longo de diferentes governos (1930-2014), a relação entre a estrutura econômico social, política e jurídica e a dualidade estrutural na educação brasileira, estudando como a integração da educação profissional ao ensino médio aponta para a possibilidade de travessia para a escola unitária e a educação politécnica. A questão central foi interpretar como se expressam os embates frente à dualidade educacional, na relação entre estrutura econômica, política, jurídica e educacional no processo histórico da sociedade brasileira e, em que medida o Decreto n.º 5.154/2004 – que possibilita a integração da educação profissional ao ensino médio – concorre para a formação integral do ser humano. Um processo que se relaciona direta e fortemente com as lutas pela superação do capitalismo dependente, da modernização conservadora e do Estado autoritário. A hipótese que orientou esta pesquisa foi a de que a Educação Profissional Técnica Integrada ao Ensino Médio resulta de um processo de lutas em contraponto aos ideários hegemônicas de educação que se manifestam nos debates da Lei de Diretrizes e Bases da Educação Nacional (LDB) de 1996 e no confronto com a dualidade estrutural imposta pelo Decreto n.º 2.208 de 1997, afirmando-se como possibilidade de travessia à formação omnilateral. Foram priorizados os embates entre formação integral e a formação unilateral próprios da sociedade de classes. No plano dos procedimentos metodológicos, utilizou-se o levantamento e a revisão da legislação e da literatura especializada sobre a problemática, sublinhando a gestão da Educação Profissional nas setes décadas analisadas. Por fim, apresenta-se uma síntese do início da experiência educacional soviética, das formulações de Antonio Gramsci e de como estas se constituíram em inspiração para a propositura do Ensino Médio Integrado à Educação Profissional, nos governos liderados pelo Partido dos Trabalhadores. Considerando que nos embates das propostas vinculadas à classe trabalhadora com aquelas oriundas da classe detentora do capital, o que se sobressai são as formas pendulares de educar os trabalhadores, majoritariamente reiterando a iniquidade da sociedade brasileira, e, em raros lapsos temporais, se dirigindo parcialmente às necessidades das classes subalternas.","NEVES, Bruno Miranda. Educação Profissional Técnica de nível médio no Brasil: reconstrução histórica das disputas dos anos 1930 a 2014. 2023. 220 f. Tese (Doutorado em Políticas Públicas e Formação Humana) – Centro de Educação e Humanidades, Universidade do Estado do Rio de Janeiro, 2023.||http://www.bdtd.uerj.br/handle/1/21586",Não informado pela instituição,Não informado pela instituição,Não informado pela instituição
"Lima, Joyce Ingrid de",Não informado pela instituição,Não informado pela instituição,Não informado pela instituição,Não informado pela instituição,Não informado pela instituição,Sobre aprendizagem e afetos: a mediação pedagógica no ensino de química como espaço para superação de dicotomias,2021,Universidade de São Paulo (USP),USP,Não informado pela instituição,Não informado pela instituição,Não informado pela instituição,Não informado pela instituição,openAccess,masterThesis,Afetividade||Affectivity||Chemistry teaching||Ensino de Química||Learning situations||Obutchénie||Obutchénie||Situações de aprendizagem,Não informado pela instituição,por,"É possível identificar os impactos afetivos nas relações que se estabelecem entre o sujeito e o objeto nas relações de ensino? A partir desse questionamento apresentamos um estudo que buscou compreender tais impactos em um espaço muito especial que é a escola. Como objetivo principal da pesquisa investigamos os aspectos afetivos envolvidos nos processos de aprendizagem de química considerando diferentes situações de aprendizagem (aula expositiva dialogada, experimentação, mapa conceitual, elaboração de projetos, maquete, prova individual, prova em dupla, lista de exercícios e seminário). Assumimos como referencial teórico autores que tem suas ideias pautadas na perspectiva teórico-metodológica da Abordagem Histórico-Cultural, principalmente Lev Vigotski (1896-1934) e Henri Wallon (1879-1962), os quais apresentam uma concepção monista de interpretação das relações humanas e do homem consigo mesmo, afirmando que corpo e mente estão imbricados de modo que não há separação entre cognição e afeto, mas, sim, um conjunto unitário. No âmbito da aprendizagem, tais autores apontam a importância dos aspectos afetivos, entendendo o sujeito como um ser múltiplo e complexo. Em termos de objetivos específicos e, por meio de metodologia qualitativa e pesquisa participante, o estudo analisou as possíveis aprendizagens (apropriações/ significações/ informações/ atitudes/ habilidades/ valores) demonstradas pelos alunos nas situações de aprendizagem realizadas; identificou os termos que indicam sentimentos e/ou afetos descritos ou apontados pelos alunos durante as aulas e considerando as diferentes metodologias de ensino utilizadas ao longo da pesquisa; interpretou, a partir das entrevistas dos alunos, quais foram as principais percepções a respeito de um processo educacional que teve como foco a afetividade e a aprendizagem. Para tanto, foi elaborada uma sequência didática que perpassou a temática \'água\' e foi desenvolvida em uma turma de 2º ano do Ensino Médio integrado em Automação de um IFSP do interior de São Paulo. Foram realizados 21 encontros utilizando diversas situações de aprendizagem, de modo que os alunos fossem acompanhados pela pesquisadora utilizando o diagrama do Flow de Mihaly Csikszentmihalyi. Além disso, foram realizadas videogravações das apresentações finais e entrevistas com 10 participantes. Os dados foram sistematizados e organizados em quatro unidades de análise. Os resultados indicam que a utilização de estratégias de ensino diversificadas propicia maior engajamento pelos alunos, uma vez que eles se sentem protagonistas do processo de aprendizagem. Ao proporcionar uma aprendizagem baseada em projetos, com valorização das diferentes etapas do processo de construção do conhecimento científico, os estudantes se sentem desafiados e as relações presentes na sala de aula (professor-aluno-conhecimento) são mais estimuladas e afetivamente desenvolvidas. Dessa forma, identificamos condições possíveis para a construção coletiva de aprendizagens sustentadas por relações indissociáveis entre ciência e encantamento, entre Química e valores humanos, entre cognição e afeto, significações concretas da unidade afeto-volitiva obutchénie.",https://www.teses.usp.br/teses/disponiveis/59/59140/tde-16052021-102623/,Não informado pela instituição,Não informado pela instituição,Não informado pela instituição
"CARNEIRO, Marcelo Teixeira",Não informado pela instituição,Não informado pela instituição,Não informado pela instituição,Não informado pela instituição,Não informado pela instituição,Desenvolvimento de aplicativo educacional para dispositivos móveis no ensino de estatística,2016,Universidade Federal Rural de Pernambuco (UFRPE),UFRPE,Não informado pela instituição,Não informado pela instituição,Não informado pela instituição,Não informado pela instituição,openAccess,masterThesis,Aplicativo (software)||Dispositivo móvel||Ensino de estatística||Educação a distância||CIENCIAS HUMANAS::EDUCACAO,Não informado pela instituição,por,"Nas últimas décadas, têm-se vivenciado uma variedade de fontes de informação e modos de comunicação disponíveis, em especial sob a forma de Tecnologias de Informação e Comunicação. Entre essas novas tecnologias, encontram-se os dispositivos móveis, tais como celulares, que evoluem de maneira cada vez mais rápida quando comparados, por exemplo, aos computadores. Entre os ambientes educacionais passíveis de utilizar dispositivos móveis como ferramentas no processo ensino-aprendizagem encontra-se a Educação a Distância (EAD). Tendo por foco a Estatística, atualmente, diversos recursos pedagógicos para dispositivos móveis estão sendo desenvolvidos. Entende-se, dessa forma, que análises sobre os aplicativos podem contribuir para o desenvolvimento de recursos mais adaptados à proposta da EAD. Com isso, objetivou-se desenvolver um aplicativo educacional para dispositivos móveis que auxilie na resolução de problemas de Estatística Básica na formação de alunos do ensino médio na modalidade EAD. Trata-se de pesquisa aplicada de produção tecnológica, descritiva e quantitativa, com delineamento experimental e embasada pela Engenharia Didática. O aplicativo educacional denominado “Statistik” foi concebido a partir de uma parceria entre o curso de Tecnologia em Análise e Desenvolvimento de Sistemas e o curso de Licenciatura em Matemática, ambos do Instituto Federal do Piauí (IFPI), Campus Floriano, Piauí, Brasil. O local selecionado para realização do estudo foi o IFPI, Campus Floriano. Participaram da pesquisa 60 alunos do segundo ano do ensino médio integrado aos cursos técnicos de Eletromecânica e Edificações, divididos aleatoriamente em dois grupos: controle e experimental. Os procedimentos para consecução do estudo foram desenvolvidos a partir de um Minicurso sobre Estatística Básica e, como técnicas para coleta de dados, a aplicação de um questionário para caracterização educacional dos participantes, um pré-teste e um pós-teste. A análise e discussão dos resultados foram apresentados em gráficos e tabelas e discutidos conforme literatura pertinente. Foi realizada a análise bivariada, utilizando-se o teste de Mann Withney. Os resultados permitiram traçar o perfil educacional dos participantes, e no que diz respeito ao pré-teste, as notas significativamente baixas apontaram a necessidade de desenvolver estratégias que colaborassem para melhoria do trabalho desenvolvido em sala de aula envolvendo a Estatística Básica, não sendo verificada diferença Estatística entre os dois grupos participantes. Com o desenvolvimento do Minicurso em Estatística Básica, verificou-se aumento das médias dos alunos participantes, tanto do grupo experimental como do grupo controle. Na avaliação por grupos, verificou-se diferença significativa entre as médias do grupo controle e grupo experimental, o que implica afirmar que o uso do aplicativo para dispositivo móvel desenvolvido (Statistik) influenciou o desempenho acadêmico dos alunos que o empregaram no estudo da Estatística Básica durante o desenvolvimento do minicurso a distância, melhorando as notas. Por fim, os participantes do grupo experimental apontaram como principais vantagens do uso do Statistik o fato dessa tecnologia facilitar a aprendizagem da Estatística Básica.","CARNEIRO, Marcelo Teixeira. Desenvolvimento de aplicativo educacional para dispositivos móveis no ensino de estatística. 2016. 104 f. Dissertação (Programa de Pós-Graduação em Tecnologia e Gestão em Educação a Distância) - Universidade Federal Rural de Pernambuco, Recife.||http://www.tede2.ufrpe.br:8080/tede2/handle/tede2/7977",Não informado pela instituição,Não informado pela instituição,Não informado pela instituição
"Jesus, Luiza Batista De",Não informado pela instituição,Não informado pela instituição,Não informado pela instituição,Não informado pela instituição,Não informado pela instituição,A contrarreforma no Ensino Médio a Lei nº 13.415 e os impactos do ensino profissionalizante na cidade de Iguatu - CE,2021,Universidade Estadual do Ceará,UECE,Não informado pela instituição,Não informado pela instituição,Não informado pela instituição,Não informado pela instituição,openAccess,masterThesis,Não informado pela instituição,Não informado pela instituição,por,"O estudo faz uma análise crítica acerca da Lei nº 13.415 da reforma do Ensino Médio, aprovada em 16 de fevereiro de 2017. A Lei é referente à reforma do Ensino Médio, defendida como uma necessidade para reorganizar a estruturação dessa fase educativa, vista como um período singular na formação dos jovens brasileiros, mas com grandes problemas que afetam a conclusão e a universalização. Defende um novo ensino médio com reorganizar o ensino numa perspectiva que visa preparação de jovens a atender a demanda de mão de obra barata para o mercado de trabalho com a inseminação de políticas que defendem a abordagem de ensino profissional. Para a investigação foi definido como objetivo geral, analisar de forma crítica a Lei nº 13.415 da reforma do Ensino Médio, e os específicos foram: - analisar a concepção educativa atribuída ao ensino médio brasileiro em detrimento de interesses definidos pelo emaranhado existente entre educação-capital-estado; - entender a estruturação do ensino médio no Brasil através da Lei nº 13.415, discutindo as implicações na sua efetivação na esfera federal e os interesses político-pedagógicos que reproduzem e consolidam a mercantilização da educação; - averiguar a politica da implantação do Ensino Médio Profissionalizante no Ceará, e por fim, analisar os impactos da política profissionalizante em uma escola estadual do município de Iguatu-Ceará. É necessária a discussão acerca do contexto político, histórico e econômico que se encontra a atual conjuntura brasileira no contexto de crise estrutural do capital, fazendo da educação laço estratégico para viabilizar o empoderamento do sistema capitalista. Analisamos a visão neoliberal e o papel assumido estado, deferindo as mudanças educativas no Ensino Médio com a política profissionalizante. Compreendemos que essas mudanças desempenham um processo de precarização do ensino, como forma de dominação social e inseminação de poderes, divisão de classes e categorias, criação e aperfeiçoamento de padrões de comunidades, entre outras gambiarras, comparando com o pensamento de autores sociais que compreendem a camuflagem de mercado entronizado no campo educacional como via de sustentação do capital, afirmando e consolidando a dualidade da escola. A metodologia utilizada é definida pelo Materialismo Histórico Dialético o qual permite analisarmos simultaneamente vários fatores que contribuem com o ensino médio integrado ao profissional, somada a pesquisa bibliográfica com leitura de autores como Mészáros, Gramsci, Cunha, Ramos, Santos, etc., e a pesquisa documental na analise de documentos referentes a politica de Escolas Estaduais de Ensino Profissional (EEEPs) no estado do Ceará mas especificamente na cidade de Iguatu-CE com a EEEP Amélia Figueiredo de Lavor. As conclusões caminham para uma compreensão sucinta do que representa a implantação das escolas profissionais e seus impactos para os jovens da classe pobre que vem a escola como espaço para luta e resistências pelos seus sonhos e direitos e desejam um ensino de qualidade.",https://siduece.uece.br/siduece/trabalhoAcademicoPublico.jsf?id=102900,Não informado pela instituição,Não informado pela instituição,Não informado pela instituição
"Wiedemann, Ângela Paloma Zelli",Não informado pela instituição,Não informado pela instituição,Não informado pela instituição,Não informado pela instituição,Não informado pela instituição,Desenvolvimento de tabela periódica em manufatura aditiva aplicando o conceito de desenho universal para aprendizagem,2020,Universidade Tecnológica Federal do Paraná (UTFPR),UTFPR,Não informado pela instituição,Não informado pela instituição,Não informado pela instituição,Não informado pela instituição,openAccess,masterThesis,Tabela periódica dos elementos químicos||Desenho universal||Aprendizagem||Educação inclusiva||Química - Estudo e ensino||Periodic law||Universal design||Learning||Inclusive education||Chemistry - Study and teaching||CNPQ::CIENCIAS HUMANAS||Engenharia/Tecnologia/Gestão,Não informado pela instituição,por,Acompanha produção técina: O desenho universal para aprendizagem e sua prática pedagógica - Caderno pedagógico,"WIEDEMANN, Ângela Paloma Zelli. Desenvolvimento de tabela periódica em manufatura aditiva aplicando o conceito de desenho universal para aprendizagem. 2020. Dissertação (Mestrado em Ensino de Ciência e Tecnologia) - Universidade Tecnológica Federal do Paraná, Ponta Grossa, 2020.||http://repositorio.utfpr.edu.br/jspui/handle/1/5286",Não informado pela instituição,Não informado pela instituição,Não informado pela instituição
"Brazorotto, Cíntia Magno, 1981-",Não informado pela instituição,Não informado pela instituição,Não informado pela instituição,Não informado pela instituição,Não informado pela instituição,Origem e destino : o ensino médio profissionalizante no Brasil e na Alemanha,2020,Universidade Estadual de Campinas (UNICAMP),UNICAMP,Não informado pela instituição,Não informado pela instituição,Não informado pela instituição,Não informado pela instituição,openAccess,doctoralThesis,Educação profissional||Educação e trabalho||Ensino médio profissionalizante||Educação profissional - Alemanha||Vocational education||Education and work||Vocational high school||German vocational education,Não informado pela instituição,por,Orientador: Selma Borghi Venco,"https://hdl.handle.net/20.500.12733/1638752||BRAZOROTTO, Cíntia Magno. Origem e destino: o ensino médio profissionalizante no Brasil e na Alemanha. 2020. 1 recurso online (253 p.) Tese (doutorado) - Universidade Estadual de Campinas, Faculdade de Educação, Campinas, SP. Disponível em: https://hdl.handle.net/20.500.12733/1638752. Acesso em: 28 fev. 2025.",Não informado pela instituição,Não informado pela instituição,Não informado pela instituição
"Bastos, Renato De Angeli Ferreira",http://lattes.cnpq.br/2500622732477074,"Bahia, Bruno Cardoso de Menezes||Não informado pela instituição",http://lattes.cnpq.br/0728241677912831||Não informado pela instituição,"Bahia, Bruno Cardoso de Menezes||Silva, André Romero da||Saleme, Estêvão Bissoli||Não informado pela instituição||Não informado pela instituição",http://lattes.cnpq.br/0728241677912831||http://lattes.cnpq.br/3079774974302460||http://lattes.cnpq.br/8757661847246456||Não informado pela instituição||Não informado pela instituição,"Política de cotas, função social e perfil socioeconômico dos estudantes ingressantes: uma análise do curso técnico em agropecuária do Instituto Federal do Espírito Santo – Campus Itapina",2021,Universidade Federal Rural do Rio de Janeiro (UFRRJ),UFRRJ,Brasil,Instituto de Agronomia,Programa de Pós-Graduação em Educação Agrícola,Educação,openAccess,masterThesis,Evasão||Cotistas||Ifes||Cursos técnicos||Políticas públicas,Evasion||Quota holders||Ifes||Technical courses||Public policies,por,"Por todo o Brasil, os campi dos Institutos Federais de Educação, Ciência e Tecnologia registram altos índices de evasão e fechamento de cursos desde suas fundações. No estado do Espírito Santo, as instituições passam por esses mesmos impasses. Nesse contexto, esta pesquisa tem como objetivo realizar um estudo de caso sobre a evasão escolar no Curso Técnico Integrado ao Ensino Médio em Agropecuária, da Escola Agrotécnica, do Instituto Federal do Espírito Santo (Ifes), Campus Itapina, distrito do município de Colatina, ao Norte do Estado, no período de 2016 a 2019. A pesquisa é de natureza bibliográfica, documental e estatística, com a finalidade de entender a amplitude do fenômeno da evasão entre os alunos cotistas, sob a visão administrativa e docente. O referencial teórico apoia-se em pesquisadores renomados acerca do referido assunto; e quanto à análise documental, utilizou-se a legislação federal que normaliza os Institutos Federais e os documentos internos do Ifes. O objetivo primário foi levantar as características do público evadido na referida unidade de ensino, no período anteriormente apontado. Embora não seja causa única, a pesquisa apontou que o fator econômico parece predominar sobre as demais razões geradoras dos altos índices de evasão, sendo muitas vezes acompanhado da incongruência na conciliação dos estudos com o trabalho, mesmo diante do entendimento, ainda que parcial, de que o curso proporcionará mais oportunidades de inserção no mercado de trabalho. Foi possível perceber que a cota social é uma importante ferramenta de inclusão social, uma vez que permite o ingresso de alunos das classes menos favorecidas a uma instituição reconhecidamente de qualidade. Além disso, percebe-se que a questão do acesso é o principal fator limitante quanto à presença de pobres, mulheres, índios e negros nessas instituições, já que o domínio do conteúdo e a sua posterior aprovação ficou evidente na interpretação dos dados.",https://rima.ufrrj.br/jspui/handle/20.500.14407/12961,Não informado pela instituição,Não informado pela instituição,"BASTOS, Renato De Angeli Ferreira. Política de cotas, função social e perfil socioeconômico dos estudantes ingressantes: uma análise do curso técnico em agropecuária do Instituto Federal do Espírito Santo – Campus Itapina. 2021. 96 f. Dissertação (Mestrado em Educação Agrícola) - Instituto de Agronomia, Universidade Federal Rural do Rio de Janeiro, Seropédica, 2021."
"Lima, Aldaires Aires da Silva",http://lattes.cnpq.br/8098824481727369,"Peixoto, Ana Cláudia de Azevedo||Não informado pela instituição",http://lattes.cnpq.br/8401119661754632||Não informado pela instituição,"Peixoto, Ana Cláudia de Azevedo||Souza, Marco Antonio Ferreira de||Campos, Luis Antônio Monteiro||Não informado pela instituição||Não informado pela instituição",Não informado pela instituição,O fenômeno da retenção escolar e a motivação na concepção dos discentes dos cursos técnicos integrados ao ensino médio dos campi Amajari e Boa Vista Zona Oeste- Instituto Federal de Roraima,2018,Universidade Federal Rural do Rio de Janeiro (UFRRJ),UFRRJ,Brasil,Instituto de Agronomia,Programa de Pós-Graduação em Educação Agrícola,Educação,openAccess,masterThesis,retenção escolar||motivação acadêmica||ensino técnico,school retention||academic motivation||technical education,por,"Esta dissertação foi desenvolvida com o objetivo de investigar os fatores que ocasionam e favorecem o fenômeno de retenção escolar dos discentes dos cursos Técnicos Integrados ao Ensino Médio do Campus Amajari e do Campus Boa Vista Zona Oeste do Instituto Federal de Roraima. Além disso, buscou-se também analisar o nível motivacional que os discentes dos cursos técnicos integrados ao ensino médio de ambos os campi apresentaram no período do estudo. Os participantes desta pesquisa compuseram dois grupos de discentes, matriculados no 2º e 3º ano dos cursos Técnicos Integrados ao Ensino Médio ofertados pelos dois campi. O primeiro grupo (G1) foi composto por discentes que foram retidos em um ou mais módulos no período de 2014 a 2017 e ainda estão, ou estavam, matriculados nos cursos Técnicos Integrados ao Ensino Médio no período da coleta de dados; e o segundo grupo (G2) foi composto por discentes matriculados nos cursos Técnicos Integrados ao Ensino Médio que estavam no fluxo normal, compondo uma amostra de 88 discentes. O instrumento para a coleta de dados foi um questionário semiestruturado e uma Escala de Motivação Acadêmica (EMA). Os dados da EMA foram tabulados e analisados por meio de estatística descritiva para os aspectos socioeducacionais; e para as variáveis idade, gênero e campus aplicou-se o teste t de Student, bilateral, com amostras independentes e a Análise da Variância (ANOVA), com nível de significância de 5%, por meio do pacote software livre BioEstat versão 5.3. Os resultados deste estudo demonstram que é no 1º ano de ingresso, ou seja, no 1º e 2º módulos que ocorrem os maiores índices de retenção escolar nos dois campi pesquisados. Quanto aos fatores que podem ter favorecido a retenção escolar, os discentes destacaram fatores individuais como “falta de interesse”, “falta de dedicação”, “falta de atenção”, “problemas pessoais e com a turma”, “dificuldades de acompanhar o conteúdo/turma” e “problemas familiares”. Muitos desses fatores podem estar relacionados com a defasagem dos conteúdos decorrente do Ensino Fundamental, gerando uma grande heterogeneidade em relação ao grau de conhecimento dos estudantes. A falta de domínio dos componentes curriculares pode desencadear, no discente, um processo que começa com a desmotivação, podendo culminar na evasão escolar. Diante dessas questões, destacamos que há a necessidade de que o IFRR fortaleça as políticas educacionais desenvolvidas, como o aumento de servidores para realizar o acompanhamento psicossocial e pedagógico, fortalecer a política do Nivelamento e Reforço escolar e a Assistência Estudantil, tendo em vista que o Ensino Médio Integrado, em especial o ofertado na forma integral, acaba exigindo do estudante um aporte financeiro que muitas vezes não possui. Quanto às questões motivacionais, os resultados destacaram que a motivação extrínseca é mais predominante em relação à motivação intrínseca entre os discentes. No entanto, não foi possível identificar uma diferença significativa quanto aos níveis motivacionais destes. Destacamos que quanto à motivação, os resultados do estudo refletem o momento presente na história escolar dos estudantes que compuseram a amostra, não sendo possível afirmar que todos os estudantes dos cursos integrados ao Ensino Médio estejam desmotivados.",https://rima.ufrrj.br/jspui/handle/20.500.14407/12468,Não informado pela instituição,Não informado pela instituição,"Lima, Aldaires Aires da Silva. O fenômeno da retenção escolar e a motivação na concepção dos discentes dos cursos técnicos integrados ao ensino médio dos campi Amajari e Boa Vista Zona Oeste- Instituto Federal de Roraima. 2018. [120 f.]. Dissertação( Programa de Pós-Graduação em Educação Agrícola) - Universidade Federal Rural do Rio de Janeiro, [Seropédica - RJ] ."
"Oliveira, Vinícius Oliveira de",Não informado pela instituição,"Leffa, Vilson José||Não informado pela instituição",Não informado pela instituição,Não informado pela instituição,Não informado pela instituição,The game is not over: o letramento crítico em newsgames com base no redesign,2019,Universidade Federal de Pelotas (UFPEL),UFPEL,Brasil,Centro de Letras e Comunicação,Programa de Pós-Graduação em Letras,"CNPQ::LINGUISTICA, LETRAS E ARTES::LINGUISTICA::LINGUISTICA APLICADA",openAccess,doctoralThesis,Letras||Letramento crítico em games||Newsgames||Redesign||Game critical literacy,Não informado pela instituição,por,"O presente estudo foi desenvolvido em um instituto federal de ensino localizado na fronteira oeste do Rio Grande do Sul com o objetivo de analisar em que medida as práticas de redesign em newsgames são capazes de contribuir para o desenvolvimento do letramento crítico de um grupo de alunos. Para a geração de dados, foi oferecido um curso sobre redesign em games, ao longo de três meses, para os alunos do ensino médio, integrado ao curso técnico de informática, que estavam matriculados na disciplina Tópicos Avançados em Informática. Parte-se de Apperley e Beavis (2013), que veem os videogames como textos em ação, pois apresentam a natureza semiótica multimodal e a natureza mecânica ergódica. Sob o ponto de vista metodológico, segue-se Mcdowall (2017), que afirma que o letramento crítico em games ocorre apenas quando os jogadores têm a possibilidade de questionar as ideologias dos games mediante as seguintes atividades de redesign: 1) Jogar; 2) Questionar; 3) Modificar; 4) Criar um novo Game. Como resultados, verificou-se que o letramento crítico em games é um processo que envolve a articulação das dimensões operacional, cultural e crítica do letramento. Além disso, constatou-se que o letramento crítico é um processo que ocorre, principalmente, nas etapas referentes à modificação e criação de games por parte dos sujeitos de pesquisa.",http://guaiaca.ufpel.edu.br/handle/prefix/6418,Não informado pela instituição,Não informado pela instituição,Não informado pela instituição
"Giora, Kalinka",Não informado pela instituição,Não informado pela instituição,Não informado pela instituição,Não informado pela instituição,Não informado pela instituição,Concepções de professores de educação superior de uma instituição privada de São Paulo sobre o currículo integrado,2019,Centro Universitário Braz Cubas (CUB),CUB,Não informado pela instituição,Não informado pela instituição,Não informado pela instituição,Não informado pela instituição,openAccess,masterThesis,Educação superior||Currículo integrado||Concepções docentes||CNPQ::CIENCIAS HUMANAS::EDUCACAO,Não informado pela instituição,por,"This study aims to identify and understand the professors’ comprehension integrated curricula. The research participants are Professors at Bachelor's courses in Business Administration, Accounting Sciences, Economic Sciences and Law, as well as in the Courses in Foreign Trade Technology, Commercial Management, Financial Management, Logistics, Marketing and Human Resources Management at a private education institution in the city of São Paulo. The choice of this institution is due to its recognized undertaking in adopting integrated curricula for Education at tertiary level. Davini's (1999) integrated curriculum definition was used to support the study. In a universe of 60 professors, the research was attended by 27 professors. The instrument of collection was an electronic questionnaire that conjugated the technique of free evocation of words to the discursive questions. To the participants of the investigation, information of sociocultural profile was also requested. The collected information was systematized and considered in light of the content analysis. Sociocultural profile information was quantified. Empirical data, associated with the literature review, contributed to the understanding of teachers' conceptions of the integrated curriculum. From the study undertaken, it is possible to affirm that the proposal of curricular integration of the institution researched is consistent, however part of the teachers still anchors their conceptions integrated curriculum in traditions of educational practice. Based on the information collected, the hypothesis was raised that, although the IES promoted weekly meetings by courses, or areas (Colegiados de Curso / Núcleo Docente Estruturante), even so, such training does not reach most of the teachers, which prevents the collective construction of integrated curricula. Teachers recognize the importance of collective work for curricular integration, however, the development of Integrated Projects and Integrated Assessments has not been pointed out as an integrator of Curricular Units. In this respect, it should be noted that some teachers have demonstrated that they do not have elements that allow the elaboration of a precise conception about curricular integration. For them, curricular integration is still understood as a challenge and a novelty. By studying teachers' conceptions, it was possible to understand how they can guide their practices. In this sense, it is emphasized that, for the development of an integrated curriculum, responsibility cannot rest solely on the teacher, since it is necessary to stimulate the construction of a new educational culture by the higher education institution, with investment in pedagogical training and in the transformation of traditional knowledge of the entire academic community.","GIORA, Kalinka. Concepções de professores de educação superior de uma instituição privada de São Paulo sobre o currículo integrado. Orientadora: Profa. Dra. Adelina Novaes. 74 f. Dissertação (Mestrado em Educação) – Universidade Cidade de São Paulo. 2019.||https://repositorio.cruzeirodosul.edu.br/handle/123456789/290",Não informado pela instituição,Não informado pela instituição,Não informado pela instituição
"Lima, Leonardo José",http://buscatextual.cnpq.br/buscatextual/visualizacv.do?id=K4550917H5,"Rodrigues, Leda Maria de Oliveira||Não informado pela instituição",Não informado pela instituição,Não informado pela instituição,Não informado pela instituição,Em busca do Ensino Superior: trajetórias e estratégias de estudantes de uma ETEC da cidade de São Paulo,2016,Pontifícia Universidade Católica de São Paulo (PUC-SP),PUC_SP,Brasil,Faculdade de Educação,"Programa de Estudos Pós-Graduados em Educação: História, Política, Sociedade",CNPQ::CIENCIAS HUMANAS::EDUCACAO,openAccess,masterThesis,Classes populares||Trajetórias||Território,Popular classes||Trajectories||Territory,por,"The present study aims to know the trajectories and strategies of high school students integrated to the Technical Education of Sapopemba ETEC, coming from private school in elementary education I and II, with the purpose of accessing Higher Education. We seek to know if they want to benefit from the affirmative actions of the federal government, such as quotas for public education and / or PROUNI for private higher education institutions. The concept of territory has been used to understand its function for the development of young people in an ETEC that can provide rise. Bourdieu's field concepts and habitus were used here in the analysis of the information provided by the subjects, seeking to understand the reason for entering Higher Education. As research procedures, a questionnaire was used with students that met the specific characteristics and, subsequently, some were selected for semi-structured interviews. The entire research procedure took place during the class period and in the school, itself during the year 2016. The results obtained through the questionnaires and the interviews point in the direction that the choice to attend high school in a public school may be a strategy to enter higher education in free public universities or private universities. The territory was shown as a factor of interference in the choice of Sapopemba ETEC for training in high school, in the case of a public school that is the result of claims of the population of its surroundings and because it is well evaluated and therefore must have important value Symbolic for the population of the territory",https://tede2.pucsp.br/handle/handle/19578,Não informado pela instituição,Não informado pela instituição,"Lima, Leonardo José. Em busca do Ensino Superior: trajetórias e estratégias de estudantes de uma ETEC da cidade de São Paulo. 2016. 136 f. Dissertação (Mestrado em Educação: História, Política, Sociedade) - Programa de Estudos Pós-Graduados em Educação: História, Política, Sociedade, Pontifícia Universidade Católica de São Paulo, São Paulo, 2016."
"Giovenardi, Maíra",http://lattes.cnpq.br/1977247285078397,"Bellini, Maria Isabel Barros||Não informado pela instituição",http://lattes.cnpq.br/2580883296650341||Não informado pela instituição,Não informado pela instituição,Não informado pela instituição,Pedagogias com as juventudes : o instituto federal no andarilhar por uma educação libertadora,2023,Pontifícia Universidade Católica do Rio Grande do Sul (PUCRS),PUC_RS,Brasil,Escola de Humanidades,Programa de Pós-Graduação em Serviço Social,CIENCIAS SOCIAIS APLICADAS::SERVICO SOCIAL,openAccess,doctoralThesis,Juventudes||Educação Libertadora||Metodologia Participativa||Autonomia||Participação||Protagonismo||Instituto Federal,Youth||Liberating Education||Participatory Methodology||Autonomy||Participation||Protagonism||Federal Institute,por,"The plural conception contained in the youth category denotes the multiple ways of being young, as their demands, needs and identities are multifaceted, expressing the singularities that characterize this social segment, considering its heterogeneity, beyond the age range. In this perspective, this study presents as a general objective, to build and enhance methodologies that contribute to the strengthening of processes of autonomy, participation and protagonism of young students. The theoretical perspective that supported this research was Freire‟s epistemology which guided the methodology, of participatory and dialogic nature, based on love, that promoted the students to actively engage by suggesting themes and ways of discussion. This was a participatory and qualitative research that followed the Dialectical-Critical Method and articulated categories like: historicity, wholeness and contradiction. This study had its empirical locus developed in an Instituto Federal de Educação [Federal College] where technical high school and college students, as well as the educational managers participated. Empirical data was collected through three semi structured interviews with the educational managers of the College and the focus groups formed by students, with an average of 15 participants per group, all these steps performed in online modality. The documental research emphasized institutional documents, such as resolutions, normative documents, curriculum, management reports and the pedagogical project of a course. Participative observation and a field report are also part of this study. Data analysis followed Moraes‟s (1999) content analysis. Data collection happened during the pandemic of COVID-19, from 2020 to 2021. Results point that there are two projects in the educational system: the first, centered in satisfying the interests of the capitalist society, the “banking concept of education” (FREIRE, 2019a), that keeps current order; the second, guided by the respect of the subjects‟ autonomy through a democratic and liberating education, that emancipates the citizens attending people‟s demands, the “education that liberates” (FREIRE, 2019a). All social segments are affected by these projects, especially the youths, which demands Public Politics attention, mainly on Educational Policies. Thus, the focus groups guided by participating methodologies with the students acted as a support network based on empathy, dialogue, like an appointment for hope, an opportunity for being curious and exercising citizenship. Finally, educational spaces constitute a possibility for dialogue with young people, not only inside the walls of the school, but in the outside too, that must understand the plurality and potentiality of youths, shattering the “adultcentric” and silencing culture, encouraging and potentializing their speech, ideas, values and feelings, strengthening autonomy processes, the participation and protagonism of youths in society.",https://tede2.pucrs.br/tede2/handle/tede/10662,Não informado pela instituição,Não informado pela instituição,Não informado pela instituição
"Corrêa, Cláudia Rosana Trevisani",Não informado pela instituição,Não informado pela instituição,Não informado pela instituição,Não informado pela instituição,Não informado pela instituição,Excesso de peso entre adolescentes durante a pandemia de Covid-19: prevalência e fatores associados,2023,Universidade Estadual Paulista (UNESP),UNESP,Não informado pela instituição,Não informado pela instituição,Não informado pela instituição,Não informado pela instituição,openAccess,doctoralThesis,Comportamento do adolescente||Estado nutricional||Tempo de tela||Alimentos ultraprocessados||Estudos transversais||Adolescent Behavior||Nutritional status||Screen time||Ultra-processed foods||Cross-sectional studies,Não informado pela instituição,por,"Introdução: A adolescência é marcada por desafios complexos relacionados à identidade e mudanças nos hábitos de vida. Esse período, que engloba as idades entre 10 e 19 anos, envolve a necessidade de definir papéis culturais e profissionais futuros, frequentemente acompanhados por comportamentos indesejados, como o consumo de alimentos não saudáveis, falta de atividade física, a insuficiência de sono adequado e excesso de tempo gasto em dispositivos eletrônicos, todos contribuindo para problemas de saúde, incluindo o excesso de peso. Particularmente relevante é a associação entre o consumo de alimentos ultraprocessados e doenças crônicas na vida adulta, assim como o aumento da prevalência da obesidade durante a adolescência. Abordar questões sobre o excesso de peso entre os adolescentes requer uma compreensão aprofundada dos fatores determinantes, entre eles socioeconômicos e comportamentais com o intuito de prevenir o excesso de peso. Essa compreensão é essencial para o desenvolvimento de estratégias eficazes que incentivem hábitos saudáveis nesta população em transformação, inclusive considerando os desafios que surgiram devido à pandemia de COVID-19. Objetivos: Avaliar a prevalência de fatores comportamentais relacionados à saúde e sua associação com excesso de peso em adolescentes estudantes de escola técnica pública no interior do Estado de São Paulo, durante a pandemia de COVID-19. Métodos: Trata-se de estudo transversal, com participação de 302 escolares de 14 a 19 anos, de ambos os sexos, matriculados no ensino médio integrado do município de Itapetininga -- SP. Foram utilizados questionários estruturados através do Google forms enviados via WhatsApp, contendo perguntas sobre tempo diário gasto em frente a telas digitais; quantidade e qualidade do sono (Mini Sleep Questionnaire); hábitos ao realizar as refeições e frequência de consumo de alimentos ultraprocessados; atividade física (IPAQ - versão curta); aspectos socioeconômicos e demográficos das famílias (Questionário amostra para Censo Demográfico – IBGE) e presença de obesidade nos pais (percepção do estudante). Os pesos e as alturas dos estudantes foram autorrelatados e utilizados para cálculo do índice de massa corporal (IMC), avaliado segundo os pontos de corte preconizados pela OMS (2006), através do escore Z de IMC por idade e sexo. Foram produzidas estatísticas descritivas e análises univariadas para identificação de possíveis associações entre as variáveis de interesse e o estado nutricional do estudante, utilizando-se do teste Qui-Quadrado para comparação de proporções. Mediante regressão logística múltipla, foram investigados os fatores independentemente associados com excesso de peso, definido como escore-Z de IMC ≥1,0. Resultados: O IMC dos estudantes variou entre 13,84 e 39,54 Kg/m², com média de 22,63 (DP 3,94) Kg/m². Mais de um quarto (28,5%) apresentava excesso de peso (28,7% entre as meninas e 28,0% entre meninos). A proporção de estudantes com obesidade (8,3%) e com baixo peso (8,6%) também não variou entre meninos e meninas. Comportamentos adversos à saúde foram frequentes: 40% dos estudantes relataram fazer suas refeições em frente a algum tipo de tela nos sete dias da semana; 13% afirmaram preparar sozinho sua refeição principal; a grande maioria (87,7%) relatou má qualidade do sono e quase um terço (29,9%) dormia menos de 7 horas por noite. Apenas um terço (29,8%) alcançou a recomendação de praticar exercícios ou atividades físicas moderadas por pelo menos 1 hora em todos os dias da semana. Por meio de análise de regressão logística, foram encontradas associações entre excesso de peso e tempo de tela, sendo que estar no 2º e 3º tercil de tempo de tela apresentaram o dobro de chance de excesso de peso (OR=2,243, IC 95%= 1,052 – 4,782) e (OR=2,890, IC 95%= 1,388 – 6,020) respectivamente; fazer refeições em frente a telas em todos dias da semana multiplicou por 4,164(OR=4,164; IC95%= 2,045 - 8479) esta chance em relação aqueles que não adotavam essa prática. A probabilidade de excesso de peso aumenta significativamente quando ambos os pais são obesos (OR=3,368, IC 95%= 1,081– 10,493). Dentre as variáveis socioeconômicas, ser filho de mãe com baixa escolaridade se mostrou como fator de proteção para excesso de peso reduzindo a chance em 59% (OR = 0,410, IC 95% = 0,188 – 0,895). Conclusões: Os resultados indicaram que durante a pandemia de COVID-19 comportamentos potencialmente adversos à saúde e passíveis de modificações por intervenções foram muito frequentes nos estudantes adolescentes, com destaque para a má qualidade e tempo de sono inadequado, tempo de tela excessivo e hábito de fazer refeições em frente a algum tipo de tela; estas duas últimas foram identificadas como fatores independentes entre si e de outros potenciais, confundidores que aumentaram as chances de excesso de peso. A obesidade dos pais reflete elementos do ambiente familiar que podem ser alvo de intervenção preventiva. Também, foi identificada a influência independente dos demais fatores da escolaridade materna, um marcador de condição socioeconômica, sobre o estado nutricional do adolescente: a baixa escolaridade mostrou-se protetora contra excesso de peso.","CORRÊA, Cláudia Rosana Trevisani. Excesso de peso entre adolescentes durante a pandemia de Covid-19 : prevalência e fatores associados. Orientador(a): Cláudia Rosana Trevisani Corrêa. 2023. Tese (Doutorado em Saúde Coletiva) - Faculdade de Medicina de Botucatu, Universidade Estadual Paulista (Unesp), Botucatu, 2023||https://hdl.handle.net/11449/253345||https://lattes.cnpq.br/3183700135834688||0000-0002-3158-8666",Não informado pela instituição,Não informado pela instituição,Não informado pela instituição
"Costa, Nathalia Cavalcante",http://lattes.cnpq.br/0311150135093149,"Gregorio, Sandra Regina||Não informado pela instituição",http://lattes.cnpq.br/0015837037500256||Não informado pela instituição,"Gregorio, Sandra Regina||Souza, Nádia Maria Pereira de||Fortes, Renivaldo Oliveira||Não informado pela instituição||Não informado pela instituição",http://lattes.cnpq.br/0015837037500256||http://lattes.cnpq.br/3482614478463727||http://lattes.cnpq.br/6816013767499401||Não informado pela instituição||Não informado pela instituição,O egresso do curso técnico em recursos pesqueiros do Instituto Federal do Amazonas Campus Maués: uma análise sobre o ensino e o mundo do trabalho,2019,Universidade Federal Rural do Rio de Janeiro (UFRRJ),UFRRJ,Brasil,Instituto de Agronomia,Programa de Pós-Graduação em Educação Agrícola,Educação,openAccess,masterThesis,Competências||Egressos||Educação profissional||Mundo do trabalho,Skills||Egress||Professional education||World of work,por,"Este trabalho tem como objetivo abordar as relacões do processo de ensino-aprendizagem do egresso do curso Técnico em Recursos Pesqueiros do Instituto Federal do Amazonas- IFAM Campus Maués com sua inserção no mundo do trabalho e acesso ao ensino superior. O estudo foi realizado com 12 egressos do referido curso, primeiramente optou-se por realizar uma breve abordagem referente à Educação Profissional, uma análise conceitual sobre competências, como também ressaltar a importância n da pesquisa de egressos para propiciar informações valiosas à sua instituição de origem e ao sistema educacional como um todo. Após o levantamento documental acerca das competências essenciais à formação do técnico em recursos pesqueiros e coleta de dados empíricos junto aos egressos do curso, através de formulários e entrevistas, referentes aos conhecimentos adquiridos e os requeridos pelo mundo do trabalho, bem como aspectos da formação técnica que contribuíram para verticalização, buscou-se no método de análise de conteúdo as ferramentas para essa verificação. Os resultados da pesquisa indicaram que as propostas para o ensino técnico não têm se efetivado na localidade quando se trata de atuação profissional na área de formação, há uma alta taxa de evasão do curso, e os que permanecem, objeto desta pesquisa, não têm conseguido espaço no mercado de trabalho, mas que os objetivos que vinculam-se à formação para a vida tem sido alcançados quando este egresso é capaz de perceber criticamente sua realidade e contribuir com a comunidade em seu entorno, efetivando assim algumas das características elencadas pela formação humana integral. A análise dos dados também apontou para a materialização das habilidades requeridas ao profissional formado, contidas no projeto político pedagógico do curso, em consonância com a percepção dos egressos, quando afirmam estar aptos a desempenhar qualquer atividade relacionada à área, possuindo de fato a qualificação para tal, tendo resultado não muito expressivo para o acesso ao ensino superior, onde apontam algumas dificuldades, fortalecendo uma tendência local de horizontalização do ensino",https://rima.ufrrj.br/jspui/handle/20.500.14407/13413,Não informado pela instituição,Não informado pela instituição,"COSTA, Nathalia Cavalcante. O egresso do curso técnico em recursos pesqueiros do Instituto Federal do Amazonas Campus Maués: uma análise sobre o ensino e o mundo do trabalho. 2019.Dissertação (Mestrado em Educação Agrícola) - Instituto de Agronomia, Universidade Federal Rural do Rio de Janeiro, Seropédica, 2019."
"Sobreira Filho, José de Mello",http://lattes.cnpq.br/5813556631083727,"Damasceno, Allan Rocha||Não informado pela instituição",http://lattes.cnpq.br/0177717397152120||Não informado pela instituição,"Damasceno, Allan Rocha||Gonçalves, Silvia Maria Melo||Bernardino, Adriana Vasconcelos da Silva||Não informado pela instituição||Não informado pela instituição",Não informado pela instituição,Políticas públicas de educação inclusiva: interfaces entre a educação profissional e a educação especial no IFES/Campus de Alegre,2020,Universidade Federal Rural do Rio de Janeiro (UFRRJ),UFRRJ,Brasil,Instituto de Agronomia,Programa de Pós-Graduação em Educação Agrícola,Educação,openAccess,masterThesis,Educação Especial||Educação Profissional||Teoria Crítica,Special Education||Professional Education||Critical Theory,por,"Consideramos indispensável o debate a respeito da interlocução das modalidades de ensino, Educação Especial e Educação Profissional, assim, a presente pesquisa, com intenção de contribuir para a construção de uma escola com princípios e propostas próprias à transversalidade dessas modalidades, se propôs estudar a interface entre Educação Especial e Educação Profissional no Instituto Federal de Educação, Ciência e Tecnologia do Espírito Santo (IFES)/Campus de Alegre, e nesse cenário, o que existem de propostas quanto as concepções e ações político-pedagógicas sobre a inclusão do público-alvo da Educação Especial na Educação Profissional Técnica de Nível Médio do IFES/Campus de Alegre. Este trabalho teve como objetivos: caracterizar as concepções e ações político-pedagógicas sobre a inclusão do público-alvo da Educação Especial na Educação Profissional Técnica de Nível Médio do IFES/Campus de Alegre; analisar o Plano de Desenvolvimento Institucional (PDI) do IFES/Campus de Alegre, observando as diretrizes que são voltadas para o atendimento desse público, considerando os objetivos da Educação Profissional; conhecer as ações político-pedagógicas desenvolvidas pelo IFES/Campus de Alegre no atendimento ao público-alvo da Educação Especial, conforme a legislação; avaliar os impactos das concepções político-pedagógicas sobre as ações desenvolvidas pelo Núcleo de Atendimento às Pessoas com Necessidades Educacionais Específicas (NAPNE) do IFES/Campus de Alegre, no atendimento ao público-alvo da Educação Especial. Nossas questões de estudo foram: Qual concepção de inclusão é afirmada pelo IFES/Campus de Alegre, em relação ao público-alvo da Educação Especial no Ensino Profissional Técnico de Nível Médio? Quais as ações político-pedagógicas são observadas para assegurar o acesso, a permanência e a aprendizagem do público-alvo da Educação Especial no Ensino Profissional Técnico de Nível Médio no IFES/Campus de Alegre? Como se mostra a interface entre a Educação Especial e a Educação Profissional no IFES/Campus de Alegre? Os dados obtidos com a pesquisa foram analisados na perspectiva da Teoria Crítica da Sociedade, como suporte teórico-metodológico, enfatizando os estudos de Theodor Adorno e seus comentadores. Quanto aos procedimentos e/ou instrumentos de coleta de dados, essa pesquisa é de cunho documental, onde analisamos o Plano de Desenvolvimento Institucional do IFES/Campus de Alegre, legislações e políticas públicas que tratam da educação inclusiva; aplicamos um questionário e realizamos entrevistas semiestruturadas com a equipe gestora do IFES/Campus de Alegre e componente do NAPNE. Os resultados da pesquisa revelam que o IFES/Campus de Alegre apresenta práticas e estratégias pedagógicas para a promoção da inclusão do público-alvo da Educação Especial. Entretanto, constatamos uma grande responsabilização do NAPNE no planejamento e implementação das políticas públicas de inclusão o que evidencia a necessidade de sensibilização e participação de toda a comunidade acadêmica no processo inclusivo na interface entre a Educação Especial e a Educação Profissional, reconhecendo que o processo de inclusão é contínuo, o caminho a ser percorrido ainda é longo para que o IFES/Campus de Alegre se torne uma escola de fato mais inclusiva.",https://rima.ufrrj.br/jspui/handle/20.500.14407/12771,Não informado pela instituição,Não informado pela instituição,"SOBREIRA FILHO, José de Mello. Políticas públicas de educação inclusiva: interfaces entre a educação profissional e a educação especial no IFES/Campus de Alegre. 2020. 51 f. Dissertação (Mestrado em Educação Agrícola) - Instituto de Agronomia, Universidade Federal Rural do Rio de Janeiro, Seropédica, RJ, 2020."
"CONCEIÇÃO, Darinêz de Lima",http://lattes.cnpq.br/0079505725456922,"HAGE, Salomão Antonio Mufarrej||Não informado pela instituição",http://lattes.cnpq.br/1723722364556016||Não informado pela instituição,Não informado pela instituição,Não informado pela instituição,Práticas educativas dialógicas como referência para re-conceituar a Educação de Jovens e Adultos: estudo de uma experiência do PROEJA no Instituto Federal do Pará/Campus de Castanhal,2016,Universidade Federal do Pará (UFPA),UFPA,Brasil,Instituto de Ciências da Educação,Programa de Pós-Graduação em Educação,CNPQ::CIENCIAS HUMANAS::EDUCACAO,openAccess,doctoralThesis,Educação profissional||Educação de Jovens e Adultos (EJA)||Práticas educativas||PROEJA||Instituto Federal do Pará/Campus de Castanhal||Castanhal - PA||Pará - Estado,Não informado pela instituição,por,"Este estudo versa sobre a temática da Educação de Jovens e Adultos (EJA) Integrada à Educação Profissional desenvolvida no campo. Considera o pressuposto de que a educação de adultos, bem como, a Educação Profissional, ao longo da história, experimentou mudanças de cunho político-filosófico, passando por um processo de re-conceitualização, afastando-se do caráter de suplência para reafirmar-se como um direito e como uma modalidade da educação básica. Assim, elegemos como protagonistas deste estudo os sujeitos da EJA e, para tanto, nos aproximamos da base epistemológica construída por Freire e por Gramsci, pois compreendemos que o trabalho faz parte do movimento da vida e que, neste sentido, os processos formativos que constituem a relação entre a educação básica e a educação profissional não se fazem de forma abstrata e/ou fragmentada, mas considera a materialidade da vida e, portanto, o saber e a cultura do sujeito. Elegemos como objeto de estudo o Programa Nacional de Integração Profissional com a Educação Básica na Modalidade de Educação de Jovens e Adultos (PROEJA), desenvolvido no Instituto de Educação, Ciência e Tecnologia do Pará (IFPA), no período de 2009-2012. O problema central visa investigar: qual(is) concepção(ões) de práticas educativas moveram o desenvolvimento do Curso Técnico Agropecuário do PROEJA/IFPA-Castanhal (2009-2012)? Quanto ao objetivo central buscamos: Analisar, considerando a visão dos diferentes sujeitos envolvidos no processo educativo, as práticas educativas que moveram o desenvolvimento do Curso Técnico Agropecuário do PROEJA/IFPA-Castanhal (2009-2012). O estudo foi desenvolvido considerando a perspectiva da pesquisa qualitativa e, para coletarmos as informações, realizamos entrevistas narrativas com a coordenação pedagógica, educadores - considerando as diferentes áreas do conhecimento - e educandos egressos do PROEJA/IFPA-Castanhal, com o objetivo de afirmarmos a tese de que as práticas educativas na Educação de Jovens e Adultos, quando são efetivadas com uma perspectiva dialógica, entendendo o educando enquanto protagonista do movimento educativo e relacionando as problematizações do contexto histórico-sócio-cultural dos envolvidos com os conhecimentos acadêmico-científicos, fortalecem o movimento de reconceituação da EJA, construindo perspectivas que afirmam a educação enquanto um direito e fortalecem a busca pela superação do caráter compensatório, supletivo, tecnicista e mercadológico que, historicamente, tem pautado a EJA, a Educação Profissional, assim como, a Educação que tem, hegemonicamente, acontecido no espaço geográfico do campo. Os resultados da investigação apontaram que: a EJA, a Educação Profissional e a Educação que tem se efetivado no campo, construíram-se a partir de um processo histórico demarcado por movimentos de reconceituação de concepção(ões); identificamos, também, a ausência de políticas públicas educacionais que garantam o direito ao ingresso e permanência ao Ensino Médio Integrado à Educação Profissional junto aos sujeitos da EJA que vivem no campo; e, ainda, a investigação nos conduziu para a compreensão da necessidade do fortalecimento de práticas educativas que sejam capazes de valorizar a diversidade dos sujeitos que produzem e vivem no campo. Nesta proposição, para potencializar o direito à educação é necessário construir metodologias capazes de alimentar o diálogo entre a diversidade e o modo de vida dos diferentes sujeitos envolvidos; construindo, assim, processos educativos que tenham como ponto de partida a materialidade da vida e do trabalho pela qual se organizam os sujeitos da EJA que vivem no campo.",http://repositorio.ufpa.br/jspui/handle/2011/8401,Não informado pela instituição,Não informado pela instituição,"CONCEIÇÃO, Darinêz de Lima. Práticas educativas dialógicas como referência para re-conceituar a Educação de Jovens e Adultos: estudo de uma experiência do PROEJA no Instituto Federal do Pará/Campus de Castanhal. . 2016. 211 f. Tese (Doutorado) - Universidade Federal do Pará, Instituto de Ciências da Educação, Belém, 2016. Programa de Pós-Graduação em Educação."
"Nicolodi, Elaine",Não informado pela instituição,Não informado pela instituição,Não informado pela instituição,Não informado pela instituição,Não informado pela instituição,Políticas públicas de reestruturação do ensino médio: as reformas implantadas pela Secretaria de Estado da educação de Goiás no período 2000-2010,2013,Universidade Federal de Goiás (UFG),UFG,Não informado pela instituição,Não informado pela instituição,Não informado pela instituição,Não informado pela instituição,openAccess,doctoralThesis,Ensino Médio||Identidade||Políticas de reforma||Avaliação||Enseñanza Media||Identidad||Políticas de reforma||Evaluación||EDUCACAO::PLANEJAMENTO E AVALIACAO EDUCACIONAL,Não informado pela instituição,por,"Este trabalho, que integra a linha de pesquisa Estado, Políticas e História da Educação, analisa as principais diretrizes, bases e ações da política educacional no âmbito da Secretaria da Educação do Estado de Goiás (SEDUC/GO), sobretudo no período de 2000 a 2010, sem deixar de lado os principais programas, planos e ações advindas das políticas do governo federal. Nesse contexto, buscou-se examinar em que consistiu o Projeto Escola Jovem (2000) e o Programa Ensino Médio Inovador (2009) e como estes foram implantados, considerando as matrículas, as taxas de aprovação, reprovação, abandono e, ainda, as avaliações externas que impactaram, em especial, as seis escolas que integraram a amostra da pesquisa. Para se problematizar o objeto de estudo e chegar às questões de investigação, trabalhou-se com teóricos que discutem o que é reforma, Estado, escola pública, Ensino Médio etc., entre os quais: Alves (2006); Chartier (1998); Cunha (1975; 1988; 2000); Kuenzer (2000); Oliveira D. (2000); Pérez Goméz (1998); Popkewitz (1997; 1998; 2000); Sacristán (1998; 2000); Torres (1998). Nessa revisão de literatura, pretendeu-se encontrar quais as principais categorias, em relação ao Ensino Médio, que estiveram mais presentes nos estudos e nas pesquisas realizadas na área. Entre elas, para efeito de análise dos Projetos/Programas de reforma do ensino Médio em Goiás, identidade do Ensino Médio, políticas de reforma e avaliação. Como recurso metodológico, escolheu-se a abordagem qualitativa em razão da complexidade e da natureza do objeto de estudo. Buscouse, então, o aprofundamento sobre o Ensino Médio em Goiás, tema pouco explorado na área de políticas educacionais no Estado. Quanto à pesquisa empírica, foram analisados documentos considerados mais relevantes para a implementação das propostas de reforma/reestruturação do Ensino Médio no Estado de Goiás. Além deles, foram analisados dados das escolas que integraram a amostra da pesquisa. Pode-se afirmar, com base nos dados das escolas pesquisadas, que as políticas implantadas se limitaram a períodos determinados, não significando uma ampla e contínua reforma no Ensino Médio. Os resultados possibilitaram identificar contradições nos discursos oficiais e na implantação e materialização das políticas de Ensino Médio, revelando um distanciamento entre o pretendido e o realizado. Além disso, a repercussão dos impactos da reforma do Ensino Médio em Goiás, em se tratando do desempenho nas avaliações externas, não foi muito expressiva. A implementação da reforma deu-se de modo parcial, uma vez que o índice de reprovação dos alunos ainda é alto, demonstrando a precariedade dos recursos disponibilizados para aquisição de equipamentos e materiais de apoio ao trabalho pedagógico nas escolas, assim como para a capacitação permanente dos professores. No que se refere à reforma curricular, faltam laboratórios e espaços para articular o trabalho intelectual com atividades integradoras de iniciação científica, maior consistência e articulação das matrizes curriculares, incluindo maior relacionamento dos conteúdos às demandas regionais e maior acesso aos bens culturais.","NICOLODI, Elaine. Políticas públicas de reestruturação do ensino médio: as reformas implantadas pela Secretaria de Estado da educação de Goiás no período 2000-2010. 2013. 283 f. Tese (Doustorado em Educação) - Universidade Federal de Goiás, Goiânia, 2013.||http://repositorio.bc.ufg.br/tede/handle/tede/3203",Não informado pela instituição,Não informado pela instituição,Não informado pela instituição
"Giora, Kalinka",http://lattes.cnpq.br/4505475962634996,"Novaes, Adelina de Oliveira||Não informado pela instituição",http://lattes.cnpq.br/9753854726358178||Não informado pela instituição,Não informado pela instituição,Não informado pela instituição,Concepções de professores de educação superior de uma instituição privada de São Paulo sobre o currículo integrado,2019,Universidade Cruzeiro do Sul (UNICSUL),UNICSUL,Brasil,Pós-Graduação,Programa de Mestrado em Educação,CNPQ::CIENCIAS HUMANAS::EDUCACAO,openAccess,masterThesis,Educação superior||Currículo integrado||Concepções docentes,Não informado pela instituição,por,"A pesquisa buscou identificar e compreender as concepções de professores dos cursos de Bacharelado em Administração, Ciências Contábeis, Ciências Econômicas e Direito, bem como nos Cursos Superiores em Tecnologia de Comércio Exterior, Gestão Comercial, Gestão Financeira, Logística, Marketing e Gestão de Recursos Humanos de uma instituição de ensino privada da cidade de São Paulo acerca de currículos integrados. A escolha da instituição deve- se ao seu reconhecido empreendimento em adotar currículos integrados para a Educação em nível superior. Tomou-se de empréstimo a definição de currículo integrado de Davini (1999) para embasamento do estudo. Em um universo de 60 professores, a investigação contou com a participação de 27 docentes. O instrumento de coleta foi um questionário eletrônico que conjugou a técnica de evocação livre de palavras à questões discursivas. Aos participantes da investigação, foram ainda solicitadas informações de perfil sociocultural. As informações coletadas foram sistematizadas e consideradas à luz da análise de conteúdo. Informações de perfil sociocultural foram quantificadas. Os dados empíricos, associadas à revisão de literatura, contribuíram para a compreensão das concepções de docentes sobre o currículo integrado. Do estudo empreendido, é possível afirmar que a proposta de integração curricular da instituição pesquisada é consistente, no entanto parte dos professores ainda ancora suas concepções de currículo integrado em tradições da prática educativa. Com base nas informações coletadas, foi levantada a hipótese de que, apesar de a IES promover reuniões semanais por cursos, ou áreas (Colegiados de Curso/ Núcleo Docente Estruturante), ainda assim, tal formação não alcança a maioria dos docentes, o que impede a construção coletiva dos currículos integrados. Os docentes reconhecem a importância do trabalho coletivo para a realização da integração curricular, no entanto, o desenvolvimento dos Projetos Integrados e das Avaliações Integradas não foi apontado como integrador das Unidades Curriculares. Nesse tocante, destaca-se que alguns docentes demonstraram não possuir elementos que permitam a elaboração de uma concepção precisa acerca da integração curricular. Para eles, a integração curricular ainda é entendida como um desafio e uma novidade. Ao estudar as concepções dos professores, foi possível compreender como elas podem orientar suas práticas. Nesse sentido, sublinha-se que, para o desenvolvimento de um currículo integrado, a responsabilidade não pode repousar apenas no professor, visto que é necessário estimular a construção de uma nova cultura educacional por parte da instituição de ensino superior, com investimento na formação pedagógica e na transformação de saberes tradicionais de toda a comunidade acadêmica.",https://repositorio.cruzeirodosul.edu.br/handle/123456789/290,Não informado pela instituição,Não informado pela instituição,"GIORA, Kalinka. Concepções de professores de educação superior de uma instituição privada de São Paulo sobre o currículo integrado. Orientadora: Profa. Dra. Adelina Novaes. 74 f. Dissertação (Mestrado em Educação) – Universidade Cidade de São Paulo. 2019."
"SILVA, Ronaldo Conceição da",http://lattes.cnpq.br/8467478798679741,"GOBARA, SHIRLEY TAKECO||Não informado pela instituição",http://lattes.cnpq.br/8915979671559379||Não informado pela instituição,Não informado pela instituição,Não informado pela instituição,ENCONTRO COM SABERES DE FÍSICA POR MEIO DE UMA ATIVIDADE UTILIZANDO A DANÇA COMO ARTEFATO CULTURAL,2020,Universidade Federal de Mato Grosso do Sul (UFMS),UFMS,Brasil,FAED,Programa de Pós-graduação em Educação (Campus Campo Grande),Educação,openAccess,doctoralThesis,Física e Dança. Ensino de Física. Mecânica Geral. Teoria da Objetivação. Ciência e Arte.||Physics and Dance. Physics teaching. General mechanics. Objectification Theory. Science and Art,Não informado pela instituição,por,"Esta pesquisa intitulada “Atualização de saberes de Física em uma atividade usando a dança como artefato cultural” teve como objetivo analisar como ocorre o processo de aprendizagem de saberes de Mecânica Geral, abordados na 1ª Série do Ensino Médio, usando como artefato cultural a dança e, como objetivo específico, verificar se uma atividade desse gênero pode atualizar a percepção dos alunos em relação à Física e também à dança. O estudo investigativo, desenvolvido no âmbito do materialismo histórico e dialético, utiliza a Teoria da Objetivação (TO) como aporte teórico e metodológico. A TO é uma teoria educacional voltada à sala de aula, que propõe a realização de atividade de ensino e aprendizagem (AEA) na forma de labor conjunto dos alunos e o professor, visando uma aprendizagem que abarca simultaneamente processos de objetivação (atualizações de saberes) e subjetivação (transformação do ser/alunos). A pesquisa foi desenvolvida a partir do projeto “Física e Dança”, do qual participaram 13 alunos de Instituto Federal de Mato Grosso do Sul, campus Campo Grande, matriculados na 1ª Série do Ensino Médio Integrado. O projeto foi realizado em nove encontros mediados pela AEA, com 2 horas de duração cada um. Os dados foram levantados por meio de entrevista sociocultural, dois testes diagnósticos para levantamento dos saberes dos alunos, a observação dos fatos nas interações durante todos os encontros, além de uma entrevista individual para levantar as percepções dos alunos participantes do projeto. Para análise dos processos de atualização foram utilizados dados do sétimo e oitavo encontros, relativos à elaboração de um roteiro de dança pelos alunos, em pequenos grupos, por meio de episódios relevantes extraídos das interações ocorridas no labor conjunto, valorizando elementos semióticos em seus discursos orais e escritos, como gestos, entonações de voz, postura corporal, assim como os movimentos de dança realizados pelos alunos. Recorreu-se também – para a análise gestual e para a identificação da polissemia e a multimodalidade relacionados aos saberes científicos –, às ideias bakhtinianas, buscando melhor entender os discursos orais e escritos dos alunos em sala de aula, além de algumas propriedades da Teoria da Ação Mediada (TAM) como instrumento para analisar as subjetividades dos alunos em relação à dança. Como resultado quanto ao processo de objetivação, os alunos expressaram seus saberes por meio de falas, gestos, movimentos corporais e expressões faciais, ou seja, diversos recursos semióticos. Observa-se, entretanto, a ocorrência de polissemia em relação ao uso das terminologias da Física, tais como os significados atribuídos aos saberes velocidade e colisão e à caracterização vetorial dos saberes abordados no roteiro. Quanto ao processo de subjetivação ocorreram mudanças na percepção dos alunos em relação à Física e à dança, ao afirmarem que passaram a sentir menos medo, fortaleceram amizades, sentiram-se acolhidos e inseridos em atividades que envolveram todos os alunos, e passaram a ver a dança para além de movimentos ou algo puramente artístico, reconhecendo as possibilidades existentes entre a Física e a dança para a sala de aula. A investigação da aprendizagem ocorrida nas atividades evidenciou que o processo de atualização de saberes em sala de aula se dá em meio e, simultaneamente, a aspectos e elementos das subjetividades humanas. Os alunos sentiram a diferença fundamental da proposta de ensino e aprendizagem na perspectiva da TO em relação ao ensino tradicional.",https://repositorio.ufms.br/handle/123456789/4377,Não informado pela instituição,Não informado pela instituição,Não informado pela instituição
"Silva, Cleonice Almeida da",http://lattes.cnpq.br/1961892517298372,"Ramos, José Ricardo da Silva||Não informado pela instituição",Não informado pela instituição,"Ramos, José Ricardo da Silva||Sartório, Lucia Aparecida Valadares||Oliveira, Marinalva Silva||Não informado pela instituição||Não informado pela instituição",Não informado pela instituição,Trajetórias da inclusão e caminhos de formação: percurso escolar de estudantes com deficiência visual no Curso Técnico em Agropecuária do IFCE Campus Crato,2018,Universidade Federal Rural do Rio de Janeiro (UFRRJ),UFRRJ,Brasil,Instituto de Agronomia,Programa de Pós-Graduação em Educação Agrícola,Educação,openAccess,masterThesis,Deficientes visuais||Educação inclusiva||Trajetórias escolares,Visually impaired||Inclusive education||School trajectories,por,"The present study had as goal to understand how it was organized the process of inclusion with two students with visual impairment, one with blindness and the other with low sight, both graduates in the Agriculture Technical Course of the IFCE – Campus Crato, from the narrative of their personal/private/ collaborative experiences during the three years that have remained in this institution. To reach this purpose, we searched to record the memories of the school trajectory of these students and describing their perceptions about the vocational education in the perspective of inclusive education. From the narratives it was possible to verify the strategies that contributed to access, permanence, learning and conclusion in the Agriculture Technical Course, as well as to analyze the legislation that incorporates school inclusion which incorporates school inclusion and examines that structural aspects related to the physical and architectural accessibility of campus Crato. It was made a bibliographical review on the historical, legislation, vocational training and teaching strategies for visually impaired students, and the role of the teacher in face of the challenges shown by inclusive education. This work was characterized as a social research, and a qualitative approach. As a methodological option were used the pedagogical stories of each student, since that both have tools that allow to know the process of schooling of the subjects of the research. We used as technical interviews recorded narratives, which were then transcribed and analyzed. The narratives revealed as a result that blindness and low sight were not determinant factors for exclusion and despite of the pedagogical gaps of several nature found in the IFCE – Campus Crato that it became hard the formation can be affirmed that students were partially included.",https://rima.ufrrj.br/jspui/handle/20.500.14407/12666,Não informado pela instituição,Não informado pela instituição,"SILVA, Cleonice Almeida da. Trajetórias da inclusão e caminhos de formação: percurso escolar de estudantes com deficiência visual no Curso Técnico em Agropecuária do IFCE Campus Crato. 2018. 92 f. Dissertação (Mestrado em Educação Agrícola) - Instituto de Agronomia, Universidade Federal Rural do Rio de Janeiro, Seropédica, RJ. 2018."
"Pereira, Maria Núbia Gomes de Lucena",http://lattes.cnpq.br/8665725722697495,"Gregório, Sandra Regina||Não informado pela instituição",http://lattes.cnpq.br/0015837037500256||Não informado pela instituição,"Moura, Mirian Ribeiro Leite||Porte, Luciana Helena Maia||Não informado pela instituição||Não informado pela instituição||Não informado pela instituição",Não informado pela instituição,"Avaliação da aprendizagem: desenvolvimento de atividades de um projeto com umbu-cajá aplicado no curso técnico em Agroindústria, no IFET-CE, Campus Iguatu",2010,Universidade Federal Rural do Rio de Janeiro (UFRRJ),UFRRJ,Brasil,Instituto de Agronomia,Programa de Pós-Graduação em Educação Agrícola,Educação,openAccess,masterThesis,Aprendizagem||Umbu-Cajá||Néctar de Fruta,Learning||Umbu-Cajá||Fruit Néctar,por,"O presente trabalho analisou a contribuição do desenvolvimento de atividades de um projeto de pesquisa aplicado no processo de ensino-aprendizagem, esperando-se que os estudantes do Curso Técnico em Agroindústria do Instituto Federal de Educação, Ciência e Tecnologia - Campus Iguatu, da disciplina de processamento de frutos e hortaliças, como agentes ativos, compreendessem e solidificassem o conhecimento. Nesse sentido, estudantes do Curso Técnico em agroindústria produziram o material didático que pudesse ser utilizado para a capacitação dos produtores da Vila Cajazeiras, com técnicas de formulações para que eles pudessem agregar valor ao fruto do umbu-cajá (Spondias sp). Para avaliar o processo pedagógico, foram constituídos dois grupos de 16 estudantes, sendo o primeiro do Curso Técnico em Agroindústria da matriz curricular do Curso integrado (Grupo Teste) e o segundo, por alunos do Curso Técnico em Agroindústria da matriz curricular do curso modulado (Grupo Controle). Esses alunos já haviam cursado a disciplina de processamento de frutos e hortaliças no semestre anterior. Utilizou-se o método de avaliação de atitude do indivíduo construindo-se questionário relativo ao fruto do umbu-cajá com afirmativas referentes aos conceitos e conhecimentos necessários para compreender estas etapas. Esse instrumento foi aplicado em três etapas diferentes. Para o Grupo controle, o instrumento foi aplicado apenas uma vez. Na atividade de extensão participaram 16 pessoas da comunidade. Os alunos foram avaliados pelos produtores que participaram da atividade de extensão. O produto processado, néctar de umbu-cajá, foi avaliado em relação aos parâmetros físico-químicos, sensoriais e microbiológicos. Nas determinações físico-químicas, para comparar os resultados, utilizou-se a legislação vigente. Nas avaliações sensoriais, utilizaram-se testes de aceitação. Quanto ao processo de ensino-aprendizagem, verificou-se que a média para cada sujeito foi aumentando gradativamente nos testes, à medida que a aprendizagem se concretizava, chegando ao último teste com uma maior homogeneidade nas respostas, cujas médias foram 4,8; 5,2 e 6,9 para T1, T2 e T3, respectivamente. Na medida em que os alunos foram sendo inseridos no contexto das unidades contempladas na disciplina, verificou-se que as atividades desenvolvidas contribuíram para elevar seu nível de conhecimento. O Grupo Controle o nível de aprendizagem foi menor do que no grupo teste. Os resultados obtidos no segundo grupo (grupo controle) indicaram que os estudantes do primeiro grupo (grupo teste) obtiveram melhor compreensão das atividades propostas neste projeto, proporcionando a esse aluno buscar a interdisciplinaridade, produzir seus próprios conhecimentos, estabelecer relações pedagógicas não-tradicionais e aprender outro método para assimilar novos conhecimentos e tecnologias de processamento do fruto de umbu-cajá, para melhor fundamentar a sua proposta de trabalho. Portanto, o trabalho foi importante para vincular o estudante ao mundo da pesquisa, fazendo-o um agente ativo de todo o processo, atribuindo-lhe responsabilidade e possibilitando-lhe um modo diferente de construir seu próprio conhecimento.",https://rima.ufrrj.br/jspui/handle/20.500.14407/12169,Não informado pela instituição,Não informado pela instituição,"PEREIRA, Maria Núbia Gomes de Lucena. Avaliação da aprendizagem: desenvolvimento de atividades de um projeto com umbu-cajá aplicado no curso técnico em Agroindústria, no IFET - CE, Campus Iguatu. 2010. 123 f. Dissertação (Mestrado em Educação Agrícola) - Instituto de Agronomia, Universidade Federal Rural do Rio de Janeiro, Seropédica, RJ, 2010.."
"Salvador, Denilce",http://lattes.cnpq.br/3278354788796267,"Gonçalves, Sílvia Maria Melo||Não informado pela instituição",http://lattes.cnpq.br/4323286140400528||Não informado pela instituição,"Monteiro, Rosa Cristina||Holtz, Anderson Mathias||Não informado pela instituição||Não informado pela instituição||Não informado pela instituição",Não informado pela instituição,Vida Acadêmica dos Alunos do Curso Técnico em Agropecuária Integrado ao Ensino Médio no Sistema de Internato: Percepções e Desafios.,2011,Universidade Federal Rural do Rio de Janeiro (UFRRJ),UFRRJ,Brasil,Instituto de Agronomia,Programa de Pós-Graduação em Educação Agrícola,Educação,openAccess,masterThesis,Sistema de Internato.||Relações Interpessoais||Interações Sociais,System of Boarding School||Interpersonal Relationships||Social Interactions,por,"Este trabalho investigou a vida acadêmica dos alunos do Curso Técnico em Agropecuária Integrado ao Ensino Médio no sistema de internato e sua trajetória n esse tipo de regime esco lar, avaliando o próprio sistema de internato e a influência deste em sua vida pessoal e acadêmica. Participaram desta pesquisa 40 alunos internos, de 1ª série, do sexo masculino, de 14 a 18 anos e 16 professores. Para os alunos fo i utilizado um questionário semiestruturado versando sobre número de ocupantes do quarto, opinião sobre o internato, o de que mais gostavam e o de que menos gostavam, influência para o desempenho escolar, o que mudariam e o que deveria ser mantido. Para os professores foi utilizado questionário abordando as diferenças no rendimento escolar dos i nternos e dos não internos e as diferenças nas relações interpessoais entre eles . As respostas foram categorizadas à luz da análise de conteúdo de Bardin. Dos alunos pesquisados, 80% afirmaram que essa é uma experiência boa; 90,48% consideraram no positivo para o desempenho escolar; para 65%, as interações sociais são o que mais gostavam; aspectos negativos como calor nos quartos e dese ntendimentos representaram 48% d os entrevistados ; 31,37% gostariam de mudar a infraestrutura, enquanto 19,21% di minuiriam o número de colegas por quarto; 31,82% afirmaram que não mudariam as regras; e 20,45% não trocariam os colegas do quarto. Dos professores pesquisados, 75% afirmaram q ue há difere nças entre os internos e os não internos; 45% destacaram o valor positivo deste sistema de ensino; 20% destacaram o compromisso que deveriam ter com os est udos; 15% ressaltaram que o não interno tem um maior rendimento escolar. Nas relações int erpessoais, 65% dos docentes afirmaram que os internos são mais amigos entre si e com demais; 20% confirmaram que os internos são mais caren tes de família; para 10% os não internos são mais segur os nas relações de amizades. Ess es resultados indicam que as relações interpessoais foram valorizadas pelos alunos e professores e o valor positivo dess a condição de vida par a o desempenho escolar, pois ess es adolescentes não possuem laços familiares próximos, ficando sujeitos a depender de amizades.",https://rima.ufrrj.br/jspui/handle/20.500.14407/12359,Não informado pela instituição,Não informado pela instituição,"Salvador, Denilce. Vida Acadêmica dos Alunos do Curso Técnico em Agropecuária Integrado ao Ensino Médio no Sistema de Internato: Percepções e Desafios.. 2011. [58 f.]. Dissertação( Programa de Pós-Graduação em Educação Agrícola) - Universidade Federal Rural do Rio de Janeiro, [Seropédica - RJ] ."
"Lima, Wilson Vicente de",http://lattes.cnpq.br/2734534019532275,"Monteiro, Rosa Cristina||Não informado pela instituição",http://lattes.cnpq.br/4703453783397917||Não informado pela instituição,"Ericeira, Ronald Clay dos Santos||Moura, Geraldo Jorge Barbosa de||Não informado pela instituição||Não informado pela instituição||Não informado pela instituição",Não informado pela instituição,Educação e comunicação ambiental: uma proposta de pesquisa ação para um sistema de gestão ambiental de resíduos sólidos no Nordeste do Brasil,2012,Universidade Federal Rural do Rio de Janeiro (UFRRJ),UFRRJ,Brasil,Instituto de Agronomia,Programa de Pós-Graduação em Educação Agrícola,Agronomia,openAccess,masterThesis,Educação Ambiental||SGA||Participação Comunitária,Environmental Education||EMS||Community Participation,por,"A presente dissertação consiste no relato de um processo de pesquisa ação em instituição educativa, que teve como problemática geral o desenvolvimento de condições institucionais de educação e comunicação ambiental, com base na ideia de futura im plantação de um sistema de gestão ambiental (SGA), para o Instituto Federal de Pernambuco Campus Barreiros. A pesquisa propôs o desenvolvimento de atividades que abordaram a temática ambiental, mais especificamente na área de gestão ambiental de resíduos sólidos, porém com práticas de educação e comunicação ambiental , por meio da adoção da metodologia da pesquisa ação que estimula a participação das pessoas envolvidas na pesquisa e abre o seu universo de explicações, argumentações e deliberações O envolvimento dos estudantes, através das atividades de educação e comunicação ambiental, lhes permitiu ter acesso a informações ambientais relativas às suas atividades diárias e rotineiras e, a partir daí, compreender que suas ações interferem diretamente nos aspectos ambientais do campus. Os resultados das entrevistas nos permitem afirmar que o desenvolvimento deste trabalho, amenizou a carência de informações e atividades relativas à temática ambiental no campus, em especial aquelas ligadas aos resíduos sólido s, além de ter contribuído com o início de uma ampla e necessária discussão interna sobre o tema. Os gestores, atualmente à frente do campus, apontam para a possibilidade de ampliar a proposta do Sistema de Gestão Ambiental de Resíduos Sólidos, englobando todos os aspectos ambientais inerentes à rotina da instituição, de forma que este se converta numa importante ferramenta à disposição da gestão para gerenciamento das questões ambientais. O exercício da presente pesquisa possibilita afirmar que tal implantação é possível, tendo a nossa práxis identificado a participação comunitária como elemento facilitador.",https://rima.ufrrj.br/jspui/handle/20.500.14407/12246,Não informado pela instituição,Não informado pela instituição,"LIMA, Wilson Vicente de. Educação e comunicação ambiental: uma proposta de pesquisa ação para um sistema de gestão ambiental de resíduos sólidos no Nordeste do Brasil. 2012. 63 f. Dissertação (Mestrado em Educação Agrícola) - Instituto de Agronomia, Universidade Federal Rural do Rio de Janeiro, Seropédica, 2012."
"Paixão, Amélia Teixeira",Não informado pela instituição,"Paula, Lucília Augusta Lino de||Não informado pela instituição",http://lattes.cnpq.br/6864986517265595||Não informado pela instituição,"Arruda, Maria da Conceição Calmon||Hora, Dayse Martins||Não informado pela instituição||Não informado pela instituição||Não informado pela instituição",Não informado pela instituição,O desenvolvimento das competências interpessoais: investigando o curso Técnico Agrícola do IFMG campus Bambuí,2010,Universidade Federal Rural do Rio de Janeiro (UFRRJ),UFRRJ,Brasil,Instituto de Agronomia,Programa de Pós-Graduação em Educação Agrícola,Educação,openAccess,masterThesis,Formação profissional||relações interpessoais||técnico agrícola,vocational education||interpersonal relations||agricultural technician,por,"Esta investigação teve como tema a percepção dos estudantes do curso Técnico Agrícola sobre as práticas pedagógicas desenvolvidas ao longo do curso e a contribuição das mesmas para o desenvolvimento das competências interpessoais necessárias ao seu exercício profissional. Um dos objetivos da pesquisa foi pensar a formação de técnicos agrícolas no contexto do mercado de trabalho, especificamente no cenário de mudanças que vêm ocorrendo no perfil profissional do Técnico Agrícola, em virtude da modernização da agricultura brasileira. Mudanças estas que influenciaram as alterações introduzidas no ensino técnico agrícola. Com a elaboração do presente estudo, pode-se afirmar que a educação profissional agrícola, realizada por meio dos cursos técnicos e profissionalizantes do IFMG campus Bambuí, constitui uma atividade dinâmica que também tem passado por diversas transformações e modernizações nos últimos anos. O objetivo específico deste trabalho foi identificar qual a percepção dos alunos do IFMG campus Bambuí sobre o desenvolvimento das competências e habilidades interpessoais, propostas nos referenciais curriculares nacionais de educação profissional de nível técnico. Este conhecimento será por intermédio da aplicação de um questionário a uma amostra dos alunos do curso. O trabalho permitiu concluir que a educação profissional de nível técnico é de suma importância para o ingresso do jovem no mercado de trabalho, onde, no futuro, ele poderá buscar novos conhecimentos e especializações, mas a princípio, possui o respaldo necessário, já com uma profissão consolidada. O resultado das pesquisas realizadas durante o trabalho mostrou que as atividades curriculares vivenciadas durante o curso, especialmente os Estágios e as aulas de Comunicação e Relações Humanas, são de fundamental importância para desenvolver as competências interpessoais, essenciais para a atuação do técnico no mundo do trabalho.",https://rima.ufrrj.br/jspui/handle/20.500.14407/12538,Não informado pela instituição,Não informado pela instituição,"PAIXÃO, Amélia Teixeira. O desenvolvimento das competências interpessoais: investigando o curso Técnico Agrícola do IFMG campus Bambuí. 2010. 77 f. Dissertação (Programa de Pós-Graduação em Educação Agrícola) - Universidade Federal Rural do Rio de Janeiro, Seropédica - RJ."
"Arêas, Jessica Alves de Medeiros",http://lattes.cnpq.br/6071221565612013,"Castilho, Roberto Barbosa de||Não informado pela instituição",Não informado pela instituição,"Castilho, Roberto Barbosa de||Santos, André Marque dos||Silva Junior, João Carlos Santos||Não informado pela instituição||Não informado pela instituição",Não informado pela instituição,Aprendizagem baseada em equipes como metodologia ativa de ensino para uma abordagem experimental da determinação da faixa de pH de soluções aquosas,2022,Universidade Federal Rural do Rio de Janeiro (UFRRJ),UFRRJ,Brasil,Instituto de Química,Programa de Pós-Graduação em Química em Rede Nacional,Educação||Química,openAccess,masterThesis,Acidez||Basicidade||Indicadores||Sequência didática||Aprendizagem baseada em equipes||História da Ciência,Acidity||Basicity||Indicators||Didactic sequence||Team-based learning||History of Science.,por,"Apresentar Química aos alunos do ensino médio é um grande desafio pois a disciplina é tida como algo desconexo da realidade e de difícil compreensão, e o uso de metodologias tradicionais que envolvem apenas o quadro não contribuem para melhoria desse cenário. O contexto pós-pandemia mostrou que os alunos retornaram ao modelo presencial ainda mais desmotivados e com defasagem de conteúdo. Com o objetivo de despertar nos alunos maior interesse, este trabalho aplicou uma sequência didática (SD) envolvendo uma metodologia ativa de ensino, a Aprendizagem Baseada em Equipes (ABE), com a finalidade de colocar os alunos como protagonistas da construção dos seus conhecimentos. O tema escolhido para desenvolvimento deste trabalho foi a abordagem experimental da medição do pH de soluções aquosas, a partir de indicadores ácido-base. Além de ser uma prática que chama a atenção dos alunos, é um conteúdo de fácil correlação com o cotidiano dos discentes. O referencial teórico utilizado foi a epistemologia de Gaston Bachelard, que trata das etapas da evolução do pensamento científico e dos obstáculos epistemológicos enfrentados na construção do conhecimento. A SD fez uso da história da ciência (HC) com o intuito de humanizar o ensino de química, desconstruindo a ideia de cientistas isolados em seus laboratórios, “descobrindo” aleatoriedades que são ensinadas na escola. A aplicação da SD ocorreu em duas turmas distintas da segunda série do ensino médio de um colégio particular da zona oeste da cidade do Rio de Janeiro. A SD foi pensada em níveis crescentes de complexidade, de modo que a última aula da SD fosse a culminância de todo o projeto. Os alunos se mostraram engajados durante as atividades e quando foram perguntados, após a última aula, sobre a metodologia utilizada na SD a maioria dos grupos afirmaram que se sentiram mais motivados e interessados em aprender quando perceberam nas aulas práticas a aplicação da teoria abordada nas aulas anteriores.",https://rima.ufrrj.br/jspui/handle/20.500.14407/15733,Não informado pela instituição,Não informado pela instituição,"ARÊAS, Jéssica Alves de Medeiros. Aprendizagem baseada em equipes como metodologia ativa de ensino para uma abordagem experimental da determinação da faixa de pH de soluções aquosas. 2022. 116 f. Dissertação (Mestrado Profissional em Química em Rede Nacional) - Instituto de Química, Universidade Federal Rural do Rio de Janeiro, Seropédica, RJ, 2022."
"Arruda, Marineide Cavalcanti",http://lattes.cnpq.br/9864810882308292,"Santos, Ana Cristina Souza dos||Não informado pela instituição",http://lattes.cnpq.br/4663575610102204||Não informado pela instituição,"Azevedo, Nyrma Souza Nunes de||Vasconcelos, Helena Corrêa de||Não informado pela instituição||Não informado pela instituição||Não informado pela instituição",Não informado pela instituição,O texto e o seu potencial através do agir comunicativo em Habermas,2011,Universidade Federal Rural do Rio de Janeiro (UFRRJ),UFRRJ,Brasil,Instituto de Agronomia,Programa de Pós-Graduação em Educação Agrícola,Ciências Humanas,openAccess,masterThesis,Ensino de Língua Portuguesa||Texto||argumentação||Agir comunicativo||Interações Dialógicas,"Portuguese Language Teaching||Text, Argumentation||Communicative Act||Dialogical Interaction",por,"Esta pesquisa investigou a capacidade de compreensão, interpretação textual e argumentativa de educandos do Ensino Médio Integrado ao Curso Técnico em Agropecuária do Campus-Barreiros-IFPE por meio de um programa inovador de ensino de Língua Portuguesa, alicerçado no texto, direcionado para a dialógica textual, a partir de prática interativa de leitura baseada na teoria do agir comunicativo referenciada nas ideias de Jürgen Habermas. Partindo do pressuposto de que o ensino de Língua Portuguesa continua centralizado na gramaticalização, sentimos a necessidade de desenvolver práticas pedagógicas que deem a esse ensino, por meio de atividades dialógicas e interativas, a função de formar profissionais aptos a argumentar, compreender e interpretar a sociedade na qual estão inseridos. Teve como objetivo contribuir para a melhoria da qualidade do ensino de Língua Portuguesa, dirimindo a racionalidade técnica – sustentada pela prática de ensino tradicional e afirmando uma educação pautada no agir comunicativo – sob inspiração das ideias da teoria de Habermas, a partir de uma experiência de ensino/aprendizagem inovadora. Fizemos revisão de literatura que veio corroborar com a tese de que o ensino de Língua Portuguesa está balizado ainda numa pedagogia tradicional, formando jovens com baixo nível de compreensão e argumentação. Subsidiaram esta pesquisa o arcabouço teórico de Habermas (O agir comunicativo), Geraldi, Orlandi, Zilberman, Marcuschi, entre outros que discutem o objeto da pesquisa. Para orientar o desenvolvimento do nosso trabalho e responder as nossas inquietações acerca das dificuldades de interpretação e argumentação apresentadas por nossos educandos, optamos por uma abordagem inspirada nas formulações habermasianas, como também pela pesquisa qualitativa. A pesquisa foi realizada com um grupo de trinta e sete alunos da 3ª série ―D‖do Curso Técnico Integrado em Agropecuária do Campus- Barreiros-IFPE, no período de maio a outubro de 2010, realizamos atividades de leitura de cinco textos, selecionados pela pesquisadora para o exercício de diálogo democrático, a cada prática de leitura, trabalhamos a interpretação e, consequentemente, a argumentação oral. Para a coleta de dados, foram realizadas vinte aulas-encontro, utilizamos o MP3 para gravarmos as respostas de todos os alunos e, posteriormente, foram feitas as transcrições para analisar os dados. Os resultados foram discutidos à luz da teoria habermasiana do agir comunicativo e também em consonância com a concepção de Geraldi sobre texto em sala de aula. Ao discutir os resultados, percebemos que a prática dialógica envolvendo professores e alunos colaborou, indubitavelmente, para o crescimento intelectual e pessoal de cada um dos participantes, uma vez que, no trabalho dialógico, o aluno expõe suas ideias, ele é enunciador e não apenas expectador, todos são interactantes, onde constroem e são construídos, modificam e são modificados. Apesar de ter sido um método de ensino voltado para o interacionismo, houve participantes que atuavam timidamente, ou deixavam de participar, alguns por dificuldades linguísticas, outros por dificuldades de interação, ou seja, de socialização. Tal resultado evidenciou a necessidade da continuidade de práticas como estas e/ou outras que estimulem o aluno a pensar, falar, ouvir e ser ouvido.",https://rima.ufrrj.br/jspui/handle/20.500.14407/12799,Não informado pela instituição,Não informado pela instituição,"Arruda, Marineide Cavalcanti. O texto e o seu potencial através do agir comunicativo em Habermas. 2011. [118 f.]. Dissertação( PROGRAMA DE PÓS-GRADUAÇÃO EM EDUCAÇÃO AGRÍCOLA) - Universidade Federal Rural do Rio de Janeiro, [Seropédica-RJ] ."
"Bezerra, Fabio Luis",http://lattes.cnpq.br/0231210415160215,"Santos, Gabriel de Araújo||Não informado pela instituição",http://lattes.cnpq.br/8363784238484680||Não informado pela instituição,"Monteiro, Rosa Cristina||Correia, Maria Elizabeth Fernandes||Não informado pela instituição||Não informado pela instituição||Não informado pela instituição",Não informado pela instituição,A pesquisa como elemento motivador para melhoria da aprendizagem. 2013.,2013,Universidade Federal Rural do Rio de Janeiro (UFRRJ),UFRRJ,Brasil,Instituto de Agronomia,Programa de Pós-Graduação em Educação Agrícola,Ciências Humanas,openAccess,masterThesis,Educar pela pesquisa||Melhoria na Aprendizagem||Autonomia,Educate by the research||Improvement in the Learning||Autonomy,por,"A ampliação e interiorização da Rede Federal de Ensino, realizada principalmente através da criação dos Institutos Federais de Educação Ciência e Tecnologia através da Lei nº 11.892, de 29 de dezembro de 2008. A criação dos Institutos, tem em sua concepção a visão de promover a educação para o trabalho, a ciência, a tecnologia e a cultura, na busca de soluções para os problemas da atualidade de forma dinâmica e interagindo com a sociedade. O domínio integrado de conhecimentos científicos, tecnológicos e sócio-históricos, devem estar presentes no dia a dia agora de uma instituição que oferta desde o Ensino Básico à Pós-Graduação. Neste sentido o desafio de promover a Educação e a descoberta científica se estabelece como uma necessidade de desenvolvimento aliada, concomitante e desenvolvida já a partir do Ensino Básico, buscando o desenvolvimento de atividades de ensino, pesquisa e extensão, em busca do desenvolvimento local e regional. Neste contexto a Iniciação Científica Junior, denominação utilizada pelo CNPq, com referencia à Iniciação Cientifica no Ensino Básico, foi criada e incentivada a partir de 2003 e com financiamento de projetos a partir de 2010/2012, está presente no Instituto Federal de Educação Ciência e Tecnologia de Mato Grosso – Campus Campo Novo do Parecis desde o inicio dos financiamentos pelo CNPq em 2010, tendo produzido a introdução de uma cultura cientifica na instituição. Contudo esta inserção acontece dissociada do processo ensino aprendizagem, ou com pouca associação, onde em sua maioria realizase projetos que são elaborados pelos professores/orientadores como uma sequencia de atividades de seus mestrados ou doutorados, colocando os alunos como membros executores das atividades sem as vezes conhecerem os fundamentos básicos das pesquisas em desenvolvimento. O trabalho aqui apresentado seguiu os princípios da Educação pela pesquisa, da pesquisa como principio cientifico e educativos orientados por Pedro Demo, bem como a utilização dos conhecimentos científicos na produção de cidadãos autônomos, como sugerido por Paulo Freire. Identificou-se que na instituição da população amostra. Existem muitos avanços no processo educativo e científico, porém para realização de uma cultura de pesquisas, observou-se a necessidade de criação de mecanismos de orientação e formação para os estudantes antes de sua inserção no desenvolvimento de atividades de pesquisas, pois muitos dos estudantes recebidos pela instituição são oriundos de estabelecimentos que pouco ou nada incentivaram atividades neste sentido. Com relação à dificuldade / melhorias na aprendizagem dos estudantes através da inserção no meio cientifico, as percepções destes, de seus pais e docentes afirmam que esta atividade proporcionou um avanço e amadurecimento dos mesmos, quando estes se demonstraram muito mais participativos e interessados nas atividades de ensino e aprendizagem, porém, é perceptível principalmente pelos docentes a necessidade de revisão na forma e organização da oferta do curso técnico em Agropecuária no IFMT – Campo Novo do Parecis.",https://rima.ufrrj.br/jspui/handle/20.500.14407/12170,Não informado pela instituição,Não informado pela instituição,"BEZERRA, Fabio Luis. A pesquisa como elemento motivador para melhoria da aprendizagem. 2013.. 2013. 65 f. Dissertação (Programa de Pós-Graduação em Educação Agrícola) - Universidade Federal Rural do Rio de Janeiro, Seropédica."
"Andrade, Érina Ribeiro",Não informado pela instituição,Não informado pela instituição,Não informado pela instituição,Não informado pela instituição,Não informado pela instituição,Contribuições do estágio supervisionado para a constituição da subjetividade docente na formação inicial de professores de Química,2020,Centro Universitário Braz Cubas (CUB),CUB,Não informado pela instituição,Não informado pela instituição,Não informado pela instituição,Não informado pela instituição,openAccess,masterThesis,Formação inicial de professores||Estágio curricular supervisionado||Subjetividade docente||CNPQ::CIENCIAS HUMANAS::EDUCACAO,Não informado pela instituição,por,"This study sought to answer the following problem: how does the internship contribute to the constitution of the subjectivity of future teachers, currently students of a degree course in Chemistry? This questioning was aligned with the general objective of the research, which was to understand the process of constituting the subjectivity of teaching interns of a degree course in Chemistry of a federal institution in São Paulo and the following specific objectives: To discuss the complexity of being a Chemistry teacher in the educational context of the year 2019, taking into account several factors that influence the constitution of the teaching subjectivity from the perspective of the trainees; to identify the existing relations between trainees, field school and training institution during the activities of the supervised internship and to analyze the teaching knowledge that the trainees have appropriated for the development of the activities of the supervised internship. Thus, the research sought to understand how subjectivities are constituted, analyzing various phenomena that contribute to this constitution. Data collection steps included: semi-structured interviews, focus group, observations from internship meetings and document analysis. In the first semester of 2019, two semi-structured interviews were conducted with two internship teachers (one from the Chemistry area and one from the Education area) and a focus group session with five interns from the Undergraduate Chemistry course. The analyses followed the guidelines of Gatti (2005), were based on the precepts of the content analysis of Franco (2005) and Bardin, (1977) and were based on the discussion of Novaes (2015, 2020), Sousa and Novaes (2013) and Gonçalves and Sousa (2015) on the constitution of teaching subjectivity, and Pimenta and Lima (2011) on internship and teacher training. The following results were noted: there is a considerable effort on the part of the training institution, the internship advisors and the trainees to break down the barriers that limit internship to a technical dimension; the participants in the research have a vision of school as a space for training, experimentation and reflection on teaching in initial teacher training; internship represents a decisive factor for professional choice from the perspective of the participants in the research; the trainees of this research wish to continue in the teaching profession, even though it is not the initial objective outlined in their life projects; there is a need to value the teaching profession as a human dimension in the view of the trainees and that the teaching action, using as methodology the projects had a differential for the trainees in the development of the internship, enabling a rapprochement with the students. It is possible to consider, thus, that the experiences, the actions, the challenges, the relationships and the contexts in which the internships were developed are important elements for the constitution of the subjectivity of the teacher, which happens throughout his formation process, in his experiences and in the relationship with the other.","ANDRADE, Érina Ribeiro. Contribuições do estágio supervisionado para a constituição da subjetividade docente na formação inicial de professores de Química. Orientadora: Profa. Dra. Adelina de Oliveira Novaes. 2020. 146f. Dissertação (Mestrado em Formação de Gestores Educacionais) - Universidade Cidade de São Paulo. 2020.||https://repositorio.cruzeirodosul.edu.br/handle/123456789/2196",Não informado pela instituição,Não informado pela instituição,Não informado pela instituição
"Silva, Sandra Suely Lopes Souto da",Não informado pela instituição,Não informado pela instituição,Não informado pela instituição,Não informado pela instituição,Não informado pela instituição,Política de educação integral no Estado do Pará: aspectos de sua implementação na rede estadual de ensino,2019,Centro Universitário Braz Cubas (CUB),CUB,Não informado pela instituição,Não informado pela instituição,Não informado pela instituição,Não informado pela instituição,openAccess,masterThesis,Educação integral||Administração da educação escolar||Políticas públicas em educação||CNPQ::CIENCIAS HUMANAS::EDUCACAO,Não informado pela instituição,por,"This study intended to understand how the Integral Education Politic was implemented in a public school of State of Pará based on perceptions of the school board, management team and teachers. Therefore, studies in integral education from authors such as Cavaliere (2002), Moll (2009), Coelho (2009) in addition to studies on public policy implementation from authors such as Parente (2016) and Lotta (2014)were adopted as theoretical refence. The qualitative research took place through bibliographic research, document analysis and interviews with technicians from Secretaria de Estado da Educação and with school’s management and teachers. The following actors were interviewed: educational coordinator from the SEDUC headquarters, manager of the SEDUC unit at the school, school’s principal, coordinator and 9 teachers, in a total of 13 professionals. To analyze the data it was adopted the “content analysis” technique (BARDIN, 1977). Previous categories were elaborated according to the studied literature: adherence to the integral education policy and its challenges; how the implementation agents understand and perceive the proposal; qualification and training of the people involved in integral time school; structural conditions of the integral education policy; implementation agents’ discretion and interaction. The study concluded that adherence to the program was not total, there was resistance from some teachers related to pre-existing beliefs about school’s organization form and to the most effective teaching way in the classroom. The main challenge pointed out by the interviewees refers to the need of regular training by the central agency, as well as the adequacy of school’s spaces to attend integral education. The collected data indicates that the micro level agents seek to respond autonomously and using discretion to the challenges of infrastructure in the everyday school environment, including the lack of more effective support from SEDUC. It was possible to verify the engagement and cooperation of the interviewed professionals in the search for ways to overcome the hardships.","SILVA, Sandra Suely Lopes Souto da. Política de educação integral no Estado do Pará: aspectos de sua implementação na rede estadual de ensino. Orientador: Prof. Dr. Vandré Gomes de Silva. 2019. 141f. Dissertação (Mestrado em Educação) - Universidade Cidade de São Paulo. 2019.||https://repositorio.cruzeirodosul.edu.br/handle/123456789/309",Não informado pela instituição,Não informado pela instituição,Não informado pela instituição
"Andrade, Érina Ribeiro",Não informado pela instituição,"Novaes, Adelina de Oliveira||Não informado pela instituição",Não informado pela instituição,Não informado pela instituição,Não informado pela instituição,Contribuições do estágio supervisionado para a constituição da subjetividade docente na formação inicial de professores de Química,2020,Universidade Cruzeiro do Sul (UNICSUL),UNICSUL,Brasil,Pós-Graduação,Programa de Pós-Graduação Mestrado em Formação de Gestores Educacionais,CNPQ::CIENCIAS HUMANAS::EDUCACAO,openAccess,masterThesis,Formação inicial de professores||Estágio curricular supervisionado||Subjetividade docente,Não informado pela instituição,por,"Este estudo buscou responder o seguinte problema: como o estágio contribui para a constituição da subjetividade de futuros professores, atualmente estudantes de um curso de Licenciatura em Química? Esse questionamento alinhou-se ao objetivo geral da pesquisa, que foi o de compreender o processo de constituição da subjetividade docente de estagiários de um curso de Licenciatura em Química de uma instituição federal em São Paulo e aos seguintes objetivos específicos: discutir a complexidade de ser professor de Química no contexto educacional do ano de 2019, tendo em vista diversos fatores que influenciam na constituição da subjetividade docente na perspectiva dos estagiários; identificar as relações existentes entre estagiários, escola campo e instituição formadora durante as atividades do estágio supervisionado e analisar os saberes docentes que os estagiários têm se apropriado para o desenvolvimento das atividades do estágio supervisionado. Sendo assim, a pesquisa buscou entender como as subjetividades são constituídas, analisando vários fenômenos que contribuem para essa constituição. As etapas da coleta de dados incluíram: entrevistas semiestruturadas, grupo focal, observações das reuniões de estágio e análise de documentos. No primeiro semestre de 2019 foram realizadas duas entrevistas semiestruturadas com duas professoras orientadoras de estágio (uma da área de Química e outra da área de Educação) e uma sessão de grupo focal com cinco estagiários do curso de Licenciatura em Química. As análises respeitaram as orientações de Gatti (2005), ampararam-se nos preceitos da análise de conteúdo de Franco (2005) e Bardin, (1977) e tiveram por base a discussão de Novaes (2015, 2020), Sousa e Novaes (2013) e Gonçalves e Sousa (2015) sobre constituição da subjetividade docente, e Pimenta e Lima (2011) sobre estágio e formação docente. Constataram-se os seguintes resultados: existe um considerável esforço, por parte da instituição formadora, dos orientadores de estágio e dos estagiários em quebrar as barreiras que limitam o estágio a uma dimensão técnica; os participantes da pesquisa têm uma visão de escola como espaço de formação, experimentação e reflexão sobre a docência na formação inicial de professores; o estágio representa um fator decisivo para a escolha profissional na perspectiva dos participantes da pesquisa; os estagiários desta pesquisa desejam prosseguir na profissão docente, mesmo não sendo o objetivo inicial traçado em seus projetos de vida; existe a necessidade de valorização da profissão docente como dimensão humana na visão dos estagiários e que a ação docente, utilizando como metodologia os projetos teve um diferencial para os estagiários no desenvolvimento do estágio, possibilitando uma aproximação com os alunos. É possível considerar, assim, que as experiências, as ações, os desafios, as relações e os contextos em que se desenvolveram os estágios são elementos importantes para a constituição da subjetividade do professor, o que acontece ao longo do seu processo de formação, nas suas experiências e na relação com o outro.",https://repositorio.cruzeirodosul.edu.br/handle/123456789/2196,Não informado pela instituição,Não informado pela instituição,"ANDRADE, Érina Ribeiro. Contribuições do estágio supervisionado para a constituição da subjetividade docente na formação inicial de professores de Química. Orientadora: Profa. Dra. Adelina de Oliveira Novaes. 2020. 146f. Dissertação (Mestrado em Formação de Gestores Educacionais) - Universidade Cidade de São Paulo. 2020."
"Rosa, Márcia de Freitas",http://lattes.cnpq.br/4751801043475894,"Gregório, Sandra Regina||Não informado pela instituição",http://lattes.cnpq.br/0015837037500256||Não informado pela instituição,"Porte, Luciana Helena Maia||Moura, Mirian Ribeiro Leite||Não informado pela instituição||Não informado pela instituição||Não informado pela instituição",Não informado pela instituição,A aplicação de boas práticas: uma contribuição para a atualização das competências nos currículos dos cursos técnico em Agropecuária e Agroindústria do IFTM – Campus Uberlândia,2010,Universidade Federal Rural do Rio de Janeiro (UFRRJ),UFRRJ,Brasil,Instituto de Agronomia,Programa de Pós-Graduação em Educação Agrícola,Educação,openAccess,masterThesis,Ensino Profissional||Prática Pedagógica||Mudança curricular||Boas Práticas,Professional Education. . .||Pedagogical Practices||Curricular Change||Good Practices,por,"Neste trabalho foi estudada a contribuição das Boas Práticas Agrícolas e de Fabricação na aquisição de competências propostas pelas matrizes curriculares dos Cursos Técnicos em Agropecuária e Agroindústria do Instituto Federal do Triângulo Mineiro-Campus Uberlândia (IFTM-Campus Uberlândia). Foi utilizada uma proposta interdisciplinar aplicada à produção de hortaliças folhosas destinada ao consumo no Setor de Alimentação e Nutrição da Instituição. Participaram da pesquisa 20 estudantes do Curso Técnico em Agropecuária e 17 do Curso em Agroindústria do IFTM-Campus Uberlândia. Utilizou-se como objeto de trabalho para a avaliação pedagógica o plantio de alface, sendo um na forma convencional e outro com a aplicação das Boas Práticas Agrícolas. Na avaliação do processo pedagógico, utilizou-se o método de avaliação de atitude do indivíduo, construindo-se questões afirmativas relativos às principais fases de desenvolvimento das etapas que compuseram este trabalho (processo e seus controles e análises microbiológicas). Os instrumentos de avaliação continham afirmativas referentes aos conceitos e conhecimentos necessários para compreender as etapas que envolvem o processo das boas práticas. Estas foram pontuadas com uma escala variando entre o “discordo muito” ao “concordo muito”, com um total de sete pontos. Esses foram aplicados em duas etapas diferentes, sendo a primeira representativa da condição zero, ou seja, sem qualquer envolvimento com as atividades do projeto e a segunda, após concluir as atividades práticas. Utilizou-se ainda, análise das imagens dos sujeitos nas diferentes etapas do trabalho. Para cada plantio foram selecionados 50 pés de alface, colhidos aleatoriamente. As amostras de cada plantio (convencional e BPA) e cada processamento (convencional e BPF), após a coleta, foram transportadas para o Laboratório de Análises Microbiológicas de Alimentos do IFTM-Campus Uberlândia, onde foram realizadas as análises de Coliformes a 35°C e Coliformes a 45°C. Os testes diagnósticos sobre os conhecimentos em BPA e BPF apresentaram notas médias superiores a 6 para os quatro grupos avaliados, houve um aumento nos valores das notas das avaliações, após o treinamento aplicado. Entretanto, os resultados não demonstraram diferenças estatísticas significativas entre os grupos, tanto no primeiro quanto no segundo momento em relação ao nível de conhecimento sobre BPA e BPF. Esse resultado pode ser justificado, uma vez que o estudo teve a limitação quanto ao pequeno tamanho da amostra. Na análise das imagens dos sujeitos nas diferentes etapas do trabalho foi observada a cooperação e a organização do grupo com a criação de lideres melhorando o desempenho das suas atividades. O presente trabalho permitiu vincular o conhecimento acadêmico à pesquisa aplicada. Foi possível acompanhar a construção do conhecimento por parte dos estudantes e pesquisador, que se efetivou por meio dos princípios que embasam a prática interdisciplinar, os quais contribuem para a formação de cidadãos críticos e participativos.",https://rima.ufrrj.br/jspui/handle/20.500.14407/12138,Não informado pela instituição,Não informado pela instituição,"ROSA, Márcia de Freitas. A aplicação de boas práticas: uma contribuição para a atualização das competências nos currículos dos cursos técnico em Agropecuária e Agroindústria do IFTM - Campus Uberlândia. 2010. 85 f. Dissertação (Programa de Pós-Graduação em Educação Agrícola) - Instituto de Agronomia, Universidade Federal Rural do Rio de Janeiro, Seropédica, 2010."
"Ramos, Marcele Camargo",http://lattes.cnpq.br/4463857364595092,"Oliveira, Lia Maria Teixeira de||Não informado pela instituição",http://lattes.cnpq.br/1917858404070055||Não informado pela instituição,"Oliveira, Lia Maria Teixeira de||Souza, Nádia Maria Pereira de||Arruda, Maria da Conceição Calmon||Não informado pela instituição||Não informado pela instituição",http://lattes.cnpq.br/1917858404070055||http://lattes.cnpq.br/3482614478463727||http://lattes.cnpq.br/5156007272296080||Não informado pela instituição||Não informado pela instituição,"Democratizar para resistir: o impacto do plano de apoio a planos de reestruturação e expansão das universidades federais (REUNI) na Universidade Federal Rural do Rio de Janeiro (UFRRJ), na perspectiva de expansão das licenciaturas",2021,Universidade Federal Rural do Rio de Janeiro (UFRRJ),UFRRJ,Brasil,Instituto de Agronomia,Programa de Pós-Graduação em Educação Agrícola,Educação,openAccess,masterThesis,Educação||Ensino Superior||Democratização||REUNI,Education||University education||Democratization||REUNI,por,"A educação ao mesmo tempo em que é considerada um meio de se promover o desenvolvimento social de uma nação, sempre foi palco de grandes discussões, principalmente, porque na história essa foi direcionada inicialmente para uma pequena parcela da população, considerada elites econômicas. Contudo, toma-se necessário ampliar o acesso à educação básica, mas também ao ensino superior visando incluir o cidadão no projeto de desenvolvimento social, econômico e da ciência. O presente estudo tem como objetivo analisar o Programa de Reestruturação e Expansão das Universidades Federais (REUNI) destinado a expansão do acesso e permanência da educação superior e verificar a singularidade da expansão na Universidade Federal Rural do Rio de Janeiro e sua proposta de democratização do acesso ao ensino superior e a redução das desigualdades, ampliando os cursos de Licenciatura. Para isso, foi adotada a abordagem qualitativa da pe